TransactionID,TargetValue
1139307,69324.23243841088
1139419,75548.09633368072
1139482,35071.51478312122
1139522,20560.19528864143
1139684,12568.259290366006
1139773,28517.200782914515
1139779,19691.808938662667
1139793,50234.798797789714
1139814,70240.01657320643
1139839,15501.933887524116
1139874,27247.326026837625
1139879,29833.691400261512
1139887,74368.97672550053
1139928,28872.451783320685
1139984,26855.865164414226
1140043,40472.34523925801
1140103,17870.417178847652
1140145,24938.248051386458
1140152,19250.04825203609
1140227,65363.67241311954
1140238,31754.56497386913
1140278,38906.95449189526
1140400,23393.789265884494
1140405,13576.839765983192
1140465,62872.57164245676
1140510,18347.030958428244
1140564,41411.63840225479
1140572,28498.10419917169
1140580,21116.561427469118
1140597,43308.268523932114
1140626,24523.793305490282
1140675,52756.92208076031
1140683,34972.11422978343
1140702,27520.336229137276
1140814,28965.8193838429
1140908,73346.8087345236
1140964,14746.434254541908
1141030,18010.498813601447
1141082,101634.16158532165
1141177,12343.89022671258
1141229,23335.920603209677
1141237,27979.83637219518
1141246,113375.11094704864
1141265,24717.305588661824
1141269,42773.59966191837
1141358,87966.53876012046
1141462,22402.27873000931
1141502,42671.92878551684
1141541,27558.424934786384
1141542,15685.470776941598
1141570,37400.86632571889
1141577,16834.96678368809
1141582,75721.55984957777
1141691,78334.13444863728
1141738,33054.2950074737
1141739,29025.351697915492
1141801,68504.64994155923
1141820,18374.539980705536
1141845,35345.33575208856
1141867,24820.042244338758
1141877,9933.151354761923
1142052,19596.08877572458
1142227,14848.687100594747
1142242,22516.484635274715
1142254,60845.88775853686
1142292,42111.137293364474
1142301,19154.242502774352
1142305,10775.321595031337
1142314,32474.232564954036
1142337,11783.474555926416
1142354,43942.95763011369
1142370,40455.96100080891
1142408,49543.76713194694
1142429,42466.7826855002
1142437,96620.46498659316
1142484,46580.2613608393
1142526,20485.62049540142
1142893,65059.44468312336
1142908,37116.905705121004
1142990,18078.896856020496
1143053,23884.695016334143
1143058,12747.115700457362
1143084,40276.628253316165
1143089,65265.17717362843
1143117,20827.182555437896
1143196,74779.17904494739
1143323,120163.63792307679
1143363,42169.9853050501
1143420,41035.1239441749
1143434,125037.16782782465
1143444,37244.82077675741
1143478,37350.506781102
1143590,17676.182680253227
1143704,34783.82632681891
1143719,25673.64662840585
1143729,18616.96605170998
1143731,46844.16030411114
1143751,23503.153346747524
1143784,28315.71167882607
1143867,8916.876075782582
1143887,25031.716414841427
1143891,62249.879602012035
1144003,39979.70117772446
1144083,19058.71107487206
1144105,28432.633897115036
1144110,83924.28289481434
1144114,31355.971138843594
1144133,33969.49488622142
1144176,17304.849632243408
1144181,9720.771603299638
1144227,16721.56418604221
1144265,38497.91229918562
1144269,18401.896004018818
1144305,26812.665108225476
1144365,23168.01786927427
1144366,14192.763562174569
1144427,56319.58224900202
1144494,14769.17062101215
1144518,42545.99704876935
1144551,46750.11377852713
1144584,77720.8220844975
1144642,86010.51077560525
1144666,29772.11838625535
1144787,13904.523613676332
1144798,12782.70671146512
1144868,21649.294436603435
1144896,57152.23174253608
1145021,19752.078359934778
1145126,88616.55167674866
1145163,51060.26243953724
1145189,66045.1037447746
1145227,21194.63589764217
1145282,52263.62954613617
1145381,18338.68651273225
1145386,17990.873523407314
1145436,46416.89597239815
1145527,13374.98028824785
1145530,41714.31589654977
1145615,61043.34677405421
1145638,22708.18006814015
1145682,23046.96792188828
1145736,71663.39942457984
1145763,45794.06802453848
1145792,44322.706089001644
1145881,29582.9601499971
1145952,32063.68546711772
1146003,18975.62880193729
1146031,25785.683969656595
1146039,21689.76347551834
1146138,12353.465783624488
1146171,34402.90477538183
1146315,93557.62474409686
1146383,67224.23453321592
1146411,85174.54160359241
1146436,26360.802798126988
1146524,89348.88403433029
1146530,33903.847549115795
1146533,17118.99028618676
1146586,72930.30624172767
1146591,24698.552943535018
1146637,13590.1826196716
1146656,18152.6862587561
1146697,76333.33584742436
1146751,75974.52078451842
1146764,55128.41988367238
1146797,29854.043134739528
1146843,20034.160127090196
1146882,31406.213515974774
1146955,12780.45986096013
1147006,28475.522478468905
1147155,9691.44446481314
1147168,16104.580952647373
1147235,9052.385177854603
1147308,63095.34862794024
1147421,35449.05936786633
1147525,17886.381739168482
1147543,33811.47760306889
1147550,50835.874211349656
1147561,30094.759729508867
1147586,38125.4295123035
1147650,40037.396138611824
1147694,16773.415469826057
1147703,39280.47177963771
1147726,28010.823292229827
1147763,18943.19159840033
1147775,43082.45487761703
1147786,26174.583109556523
1147841,21069.029623237708
1147877,13426.525421861757
1147923,28448.136711556876
1147951,19669.88108926591
1147979,18699.277672869943
1148014,90090.14264603957
1148031,96133.11434485116
1148087,48682.46027188166
1148094,61312.28441653622
1148115,22452.305456937796
1148363,45654.12457703447
1148371,42406.53238674981
1148379,71133.82372016403
1148418,32074.518217705056
1148442,12514.37004846872
1148461,31861.281806502044
1148499,23752.51465113232
1148521,85863.28767665967
1148612,30810.378339716113
1148637,12656.490274440504
1148647,34258.002935388104
1148705,48143.13290668762
1148776,21121.066230600918
1148795,30283.25165167586
1148854,51408.940590165286
1148894,25647.474152029485
1148908,15540.134064740036
1148958,11009.064982889367
1149002,17964.1417868595
1149080,22386.179811214875
1149081,23803.795673983608
1149132,50583.69006164606
1149142,17122.816256874616
1149149,31498.624881795455
1149173,46467.26145615685
1149186,25545.60184334779
1149189,24066.941892312803
1149201,59612.797353055255
1149231,27847.988464306178
1149253,53429.451940519524
1149304,40367.2904735501
1149313,11939.189311195965
1149317,62152.768346413985
1149341,14877.421538478884
1149391,15696.874555165163
1149408,61281.08976619502
1149502,30184.78619309338
1149516,77834.46902402415
1149559,56972.827656822956
1149633,87001.70002208387
1149663,12394.788550983265
1149688,93749.12908586113
1149776,36364.27488584249
1149902,77710.89446461698
1149973,17726.53278321272
1150027,73977.12297014851
1150061,47303.56485129178
1150123,79430.33840404966
1150141,20319.058407843382
1150145,54541.782795879306
1150244,21296.206975717694
1150368,37990.053543862334
1150424,70254.29178253349
1150463,29413.140193297433
1150488,32032.653348102624
1150506,43145.73544744043
1150571,9983.692762069371
1150594,31282.706152843726
1150687,17149.78927121747
1150760,16219.04745093795
1150768,9506.745688852585
1150772,21842.131082316333
1150925,42550.153523534784
1150953,31844.24336382628
1150960,15927.298622044202
1150997,52159.07766226416
1151044,81271.4182038934
1151050,76872.75204992174
1151094,65177.107316644826
1151116,63815.282698960335
1151168,34195.08727063243
1151172,75415.39928834594
1151183,21381.133851276052
1151211,9775.310585799787
1151414,45140.258180480625
1151435,34645.60686204209
1151450,31080.417341437675
1151537,17212.885207642437
1151572,14098.421518552166
1151727,35403.77941654429
1151854,25091.661988919404
1152100,50761.89105611104
1152162,22525.260560994684
1152262,17188.864257044734
1152339,48477.03976381745
1152379,67990.10302844302
1152398,12281.990617222487
1152431,28972.56964599496
1152439,16007.720162479218
1152441,13437.940466347081
1152566,18298.29580640917
1152619,19648.16042434948
1152651,27412.84357749079
1152673,58165.33601171968
1152755,78142.04171540463
1152762,23717.104608481488
1152831,52568.142143098885
1152837,31254.963761054023
1152843,109656.77577007106
1153065,11960.206364629372
1153074,33572.28437663934
1153097,33087.7557324525
1153162,39014.60303002887
1153172,33082.84253417691
1153193,36703.91732644522
1153237,104569.76066654825
1153354,52343.83651023163
1153361,10472.531486769436
1153375,56440.098392975364
1153631,14264.89504493129
1153635,26107.29774128576
1153734,33778.01851798345
1153777,36371.366671599804
1153778,25209.0124853995
1153850,22572.38391653114
1154008,36337.70211638764
1154029,30535.922645303926
1154071,46236.44780417385
1154160,58138.38061801449
1154237,20433.376234427076
1154249,36200.24895028574
1154404,66332.07773028732
1154419,14227.117685127098
1154446,52275.58197769667
1154486,91038.20136297689
1154487,9010.55764358337
1154513,46505.78827945825
1154537,41382.328569024256
1154605,80941.17269705741
1154606,64475.615102914846
1154619,11660.709982673476
1154647,60813.60671583612
1154796,24623.847328166536
1154797,22413.069634116597
1154830,30358.888473352712
1154850,57101.81904419852
1154888,54574.68623911225
1154924,12153.03853281846
1155033,22369.046335436862
1155104,8834.90820856324
1155134,25374.566622021408
1155155,37797.11081490875
1155207,28868.076180161177
1155366,63214.258934916004
1155398,41636.359909183404
1155407,8646.282929205283
1155423,71841.3968528471
1155457,10171.059672302557
1155476,11188.597468139304
1155478,16835.017762849384
1155614,22249.47545780967
1155663,19681.734056543308
1155686,19145.133138964306
1155758,88751.41510445165
1155859,16786.26769582291
1155871,41424.067260094795
1156036,8617.968622652212
1156112,13538.553538376531
1156304,20956.94073190994
1156341,50298.48581218799
1156348,8746.814269629594
1156384,36971.402311064805
1156697,30721.7338309144
1156728,28611.38921262167
1156753,27296.719025189916
1156789,28147.889799012726
1156813,93984.89465522015
1156887,34881.067690380885
1156951,19753.37375117759
1157031,27729.447645759454
1157057,76280.5800894672
1157082,14145.092394597039
1157118,19604.36565023031
1157134,64204.85594372975
1157165,58970.630298732955
1157185,47185.48910444094
1157193,36682.36017847885
1157208,46569.03517262799
1157344,23133.92551561759
1157621,67801.62664290928
1157625,26229.27317099034
1157684,41789.18240012491
1157703,13084.717912936478
1157788,76805.54842126349
1157807,27279.83176999179
1157893,48973.52945552469
1157908,16919.996741018585
1157948,13769.873785997568
1157969,37318.88175447968
1158007,26071.680629604896
1158030,18547.773801129508
1158103,60689.59093736203
1158166,37454.25566962948
1158177,9635.944665338853
1158221,56261.40912837665
1158267,36138.59438722081
1158304,52539.319545353916
1158375,13689.170754080707
1158406,78814.69413812073
1158434,13952.499853897001
1158474,34073.67110366197
1158520,32489.60304216149
1158563,29403.896600506345
1158577,25158.325748483545
1158578,15227.487576291376
1158623,24209.653290952036
1158700,26744.243983305234
1158702,34814.32114169025
1158711,40059.65903975806
1158722,21760.453280829348
1158773,47486.23915209954
1158880,45424.9495096405
1158884,20715.897212699492
1158914,49793.36057055771
1158915,11226.504086732491
1158927,63216.32753599231
1158931,28898.78404996451
1159062,41325.16714451078
1159089,15680.181644024333
1159101,15262.45181812438
1159118,37423.31420816447
1159134,44228.37730967342
1159146,43724.52035316332
1159181,17631.581456872114
1159189,36946.6531362857
1159195,53763.79555556642
1159254,52212.81289132831
1159341,81866.13660837658
1159420,74513.7432742935
1159433,21375.494537725168
1159473,75173.6689056368
1159693,32764.40484254571
1159723,30374.802195787932
1159729,16645.502243874078
1160077,18782.033120319382
1160089,12999.689836881515
1160111,17915.522623471858
1160178,50117.25926939356
1160289,32781.69327778524
1160312,19033.663463157103
1160458,13806.442582598402
1160564,28734.353692655102
1160622,77737.92250179862
1160627,27646.106311445354
1160700,15093.72132156795
1160705,25819.952166241084
1160736,18729.88999753761
1160883,18951.888899412297
1160907,19278.856715296868
1160964,33330.145389523204
1161064,49271.02855882111
1161163,74984.00481377334
1161189,23475.585230571844
1161239,24043.652678671213
1161264,42954.57469649629
1161274,30626.06716811331
1161280,39929.02892832028
1161404,20322.180276249037
1161468,32262.87709862846
1161471,12289.400136381688
1161486,58309.463418884334
1161516,30016.650394950084
1161550,55615.96642154764
1161561,20978.14239961731
1161718,23745.613728653494
1161726,32946.87032837568
1161739,56063.90325609475
1161744,73000.72514308125
1161981,31602.973375235946
1162002,27874.29808697246
1162115,19561.210048109224
1162125,13301.875256086452
1162152,40652.979672894
1162220,13692.767835845878
1162250,25445.621381967077
1162276,54471.29324690624
1162418,100611.79662427201
1162427,30946.58432379642
1162611,42032.59489797089
1162658,60213.8300645682
1162689,14424.837143061886
1162769,22467.778079498938
1162929,45502.60285244559
1162952,83572.69981558269
1162965,19242.922826148355
1162972,41972.830858058536
1162991,44027.37935333568
1162998,17102.50705285946
1163038,35857.89913239449
1163074,47593.44691696816
1163084,70925.05897454605
1163098,30961.783929486533
1163123,92173.0997246106
1163174,21417.76168622956
1163218,17953.090414201775
1163303,30408.73298025395
1163318,40924.12095447026
1163375,32835.76267024248
1163378,36095.22399601333
1163457,30309.21058292995
1163470,10866.356475344015
1163481,23929.19729243385
1163502,26369.606888323447
1163697,27832.48135504694
1163700,38304.11566277317
1163740,37847.8464964931
1163774,29664.72252749616
1163811,61849.99550963008
1163813,34783.91866326867
1163864,83807.84146665488
1163905,10870.556682256407
1163918,14398.762601201332
1164006,57944.86511788597
1164088,77017.41174568531
1164162,19131.316320294878
1164201,41726.62645555987
1164260,50881.68574219474
1164296,62539.348860809296
1164306,86085.77428368569
1164397,21711.61724491114
1164515,32148.618201133275
1164520,19807.781597469406
1164675,19598.978416194106
1164687,85136.7847725933
1164725,22191.144182871936
1164844,74203.03325236756
1164999,20735.726820014243
1165092,33381.41678268681
1165145,25479.34797788032
1165227,46511.93127690234
1165305,10720.556644480508
1165382,34259.56577245814
1165461,39293.19619311668
1165546,47291.694655864645
1165585,14101.314318600555
1165586,31224.63503590954
1165607,31647.90092715416
1165656,25208.931618363556
1165725,72147.36150511658
1165728,58622.26718746284
1165771,98463.99776823973
1165788,23768.978795174342
1165819,91854.83442242217
1165890,21321.318544983493
1166010,39481.27897659388
1166011,27021.773976752247
1166126,41920.0008687026
1166138,62538.329627907355
1166141,50205.46268958882
1166162,41764.5402033563
1166263,29746.28994580964
1166314,53763.47931360953
1166478,64283.31147677991
1166538,54492.42851313269
1166576,34285.94102312272
1166585,19244.637389175514
1166621,66326.2143573605
1166728,13222.622657600037
1166739,60048.32052428796
1166802,44052.4815507295
1166822,23422.635725636694
1166829,17246.55613356668
1166851,14690.783404546379
1166939,13628.994246888902
1167140,43524.02995263006
1167156,31338.553929872738
1167176,32418.71475681341
1167178,51080.29327247665
1167204,14008.08236376312
1167266,43789.1930446575
1167271,37161.4178195781
1167287,43988.05544906288
1167355,14267.867710821192
1167503,100929.35017138615
1167526,21437.75216608135
1167615,26138.81790294399
1167636,15939.14236286303
1167715,19088.695816931453
1167723,10424.73946648483
1167770,28916.770180643864
1167803,31169.123019054765
1167816,10080.61663733847
1167825,51658.761094114256
1167839,71966.72053504035
1167863,71980.75209346283
1167897,20347.318257567276
1167923,35551.87697067163
1167937,26008.079043517566
1167942,9135.764132569271
1168117,30336.692760391903
1168121,70033.71608902118
1168199,28681.225822063614
1168214,69070.40911331218
1168230,52685.10076497878
1168242,41330.59194812024
1168353,48260.047483636954
1168359,32880.39708486637
1168391,62132.90501228127
1168401,57433.85902719965
1168438,68575.46977053462
1168440,32208.826119410078
1168483,12434.272255617045
1168516,16449.510446101594
1168559,36286.73813493904
1168587,59720.00880001741
1168649,14900.7409883333
1168766,74739.25046300208
1168812,43511.92147061008
1168823,52234.461999246974
1168899,20351.541564634907
1168932,60494.75771927592
1168947,13417.1137587612
1168969,56992.232717458304
1168977,73625.19634663066
1169007,59842.485296869294
1169029,22861.470347568516
1169153,31164.349618621083
1169202,12944.549517048572
1169228,32899.73524746625
1169273,76174.01187354668
1169289,63297.599657052604
1169326,17054.5592031638
1169344,58404.42269871837
1169478,23149.792502827913
1169482,76172.59784553017
1169510,66034.14936627104
1169712,28398.743708744132
1169721,53593.61744569986
1169738,76292.7956117999
1169851,136552.95690375724
1169964,18440.18636131814
1170038,22575.54943272124
1170081,21019.301197132307
1170177,46079.410512425944
1170293,30417.719532677158
1170331,35589.441330495065
1170348,57603.296289314436
1170435,42397.8321828099
1170677,39990.28619428403
1170777,14997.831372011797
1170814,12854.179540334906
1170815,26345.735334213008
1170838,28217.281566969734
1170892,22017.159094001137
1170981,86031.45169593595
1170990,44646.69791334306
1171021,12603.193485764881
1171102,32990.00388429278
1171104,15567.23480025497
1171107,14661.210029353895
1171220,30112.956469821027
1171274,16555.00997924586
1171390,44292.275083572895
1171443,11444.592211321768
1171588,47444.96279275367
1171758,33063.342506283705
1171803,10368.55075723974
1171823,33247.74019992929
1171868,63196.8782625567
1171887,17887.026102532825
1171889,29140.226481566508
1172102,21418.063311779733
1172108,22832.850732385792
1172134,38271.33780200675
1172148,107322.98181330482
1172358,26556.406950770655
1172433,13752.431091790542
1172474,15289.875068992205
1172571,51808.77438293052
1172586,8865.671710739673
1172605,60610.381503004784
1172654,29768.0582124244
1172716,18906.789649644576
1172727,50751.59508173965
1172787,32788.98814850687
1172900,31672.99376359193
1172964,32577.935077501657
1172982,25794.540156095176
1173189,65319.513087993764
1173346,89238.96457615553
1173453,33774.692665125556
1173462,37779.6832236354
1173589,31523.115854260956
1173599,40321.4236054372
1173627,33189.321994461
1173634,31872.003763421788
1173672,55330.88178959521
1173704,14706.03555288942
1173758,52206.223260705534
1173765,31083.776638429656
1173791,50640.57197911487
1173792,48663.78816134439
1173794,55656.60165664834
1173798,43845.59330136207
1173803,104998.44455324719
1173824,53599.724015605054
1173878,67869.27882024016
1173895,40946.799356511765
1173946,31812.661414586928
1173948,49704.951375748584
1173949,31272.243339436307
1173989,124590.53491035494
1174017,40960.79624292842
1174108,10282.78143832939
1174114,28739.114680061204
1174185,34526.21067434554
1174207,59873.12917894472
1174226,61765.50303988142
1174264,55974.89500883923
1174267,53665.378414353705
1174278,18000.327706572763
1174284,33181.867769807584
1174309,31425.063536047113
1174318,29430.725903977018
1174382,56867.62677509342
1174386,38192.905604324966
1174392,68500.29604482072
1174415,21757.169588874036
1174489,79863.08284248729
1174592,54474.497992360746
1174600,9947.082170098942
1174616,71345.95659916037
1174639,49078.350066421495
1174694,29374.605944021867
1174705,54138.13229969879
1174747,11853.485018724667
1174792,26836.457361179517
1174830,24459.822514352563
1174871,54047.12230349851
1174874,30485.567696304155
1174928,11154.725789446275
1174941,41050.39296157464
1174959,22395.12778001774
1174961,16655.526856093722
1174976,21516.01734572159
1174978,28602.591483847704
1174986,28572.552415842707
1174999,24581.5256124677
1175061,28746.609473662465
1175069,21977.92724990139
1175074,11331.824440389544
1175233,17499.573413779406
1175236,16517.417333674828
1175281,13613.07361706069
1175335,23588.58640993603
1175339,33562.67586528887
1175430,31990.06934687783
1175436,29522.238006382715
1175438,41884.984802499996
1175588,129942.70565431376
1175623,78602.98883431236
1175682,29620.64055400316
1175723,70938.65408815126
1175725,25801.987751992274
1175729,30893.90248244028
1175736,50612.9291002089
1175739,74126.1860640228
1175761,13255.88047816338
1175799,22481.37677891985
1175827,32506.176999356976
1175830,20644.923086857576
1175873,37973.981249236225
1175886,33415.396621589
1175889,68923.86142409938
1175917,50322.78927739725
1176028,17542.735261578262
1176104,20695.14328153302
1176131,18934.278791254448
1176132,18922.864993335992
1176134,35331.66724597646
1176135,35540.69898311442
1176150,73270.66912512139
1176159,36255.281479062374
1176194,28357.775168411114
1176218,56391.64094112029
1176241,27805.411692195546
1176253,55153.18691103255
1176296,32777.66758574661
1176301,46650.92104986428
1176366,14328.680388109075
1176373,70414.6285329761
1176615,34313.953962792715
1176644,27614.956540671854
1176657,54301.27368481398
1176660,83715.68080818916
1176665,46073.62643854473
1176717,19156.7959657994
1176797,50095.156604649324
1176875,33634.308247796354
1176913,70311.85176026847
1176920,29218.58346594804
1176927,15033.497401777078
1176961,39447.1630200841
1176967,18461.44515976306
1176977,81021.32751106628
1176986,102057.05394282202
1177054,32666.08293736474
1177153,22430.604855767142
1177197,49318.72546158182
1177267,17482.59662754083
1177330,34896.25160405932
1177335,34694.60354657795
1177402,39856.261357365715
1177415,32213.78938460866
1177426,56487.55650726946
1177448,50835.08794365007
1177607,36417.70499634431
1177608,35856.32093651091
1177621,33627.957058673936
1177623,28798.69703210515
1177723,9420.52326125431
1177816,24779.385193410806
1177829,84557.07825926942
1177884,10592.71369233515
1178012,47211.13849908704
1178063,85381.10535737836
1178064,76877.33622335906
1178069,18112.302670345438
1178124,31296.441385371847
1178143,27831.075673053536
1178170,85511.0943438563
1178189,97309.50330575154
1178356,63804.229088055756
1178383,18974.588485023178
1178491,9885.075913367966
1178715,40091.47916319963
1178858,41843.22530465802
1178916,89647.86092100275
1178994,15972.742485891265
1179009,23388.422372401175
1179085,12016.268219018877
1179086,11762.13911744088
1179097,14452.823422508422
1179114,30351.91113351829
1179115,23679.770793085125
1179117,72464.60080820715
1179156,51675.397092921274
1179158,41090.02518118825
1179166,22151.309967076384
1179200,92052.92283005343
1179337,24848.87473630024
1179443,30242.77180709465
1179451,44419.79817053137
1179528,69274.99747473693
1179529,38403.820821759604
1179545,50206.77077020539
1179565,25260.166824232
1179618,21882.375981346264
1179654,57442.14270601457
1179682,10702.922489068562
1179732,35947.19747075565
1179779,26367.11748377351
1179809,19166.617178843946
1179820,68543.22330916623
1179865,11714.030706302634
1179945,64251.51973642539
1179953,10180.051028799993
1179960,61155.856421180964
1179969,67464.1151785224
1179981,44984.26239920247
1180005,25382.80431293313
1180006,33944.08573717476
1180075,63452.89982154205
1180142,65484.219255410935
1180148,81741.15257696419
1180352,65309.85182022085
1180489,21598.626989365148
1180499,29512.20245624711
1180540,31993.72586973098
1180629,44248.691874154756
1180685,24234.21094277946
1180819,56624.77704150349
1180857,33442.77778817246
1180867,36579.190747434484
1180927,37579.569030085506
1181065,18382.320328193226
1181076,28792.074912131444
1181086,17727.69482001313
1181163,14637.719883695318
1181170,40465.837197942215
1181295,13133.052854762998
1181328,8846.611738579397
1181362,23120.93186768081
1181390,39202.909911850445
1181419,40718.889850246225
1181734,35325.63303846381
1181749,86705.85726963464
1181779,33111.83843699788
1181805,33247.49365356536
1181823,23620.5921924364
1181858,25296.43163939815
1181907,78475.61637699079
1181973,10540.752839809074
1182088,112538.61185490737
1182092,18489.105166727622
1182096,86298.88742077455
1182123,41257.07430160526
1182185,31944.883143701903
1182347,37869.37919811907
1182349,31992.36558996849
1182482,85041.35699092009
1182500,13952.486974202251
1182514,29245.869994334425
1182518,63397.51042340907
1182620,40892.784595548306
1182621,39387.19160862462
1182672,64176.542217392765
1182674,11226.00787783248
1182714,21714.964045147848
1182800,14531.412093140889
1182831,80285.41343360857
1182899,18898.13735517366
1183057,27067.78219585652
1183074,75199.07713420782
1183095,50761.47435001396
1183124,52226.77971280911
1183150,33091.08529140467
1183172,43075.37301749817
1183177,16077.110855543366
1183248,43038.627245771786
1183256,37323.4560800545
1183333,82717.51628343141
1183344,56967.44695116991
1183348,64853.89749106356
1183386,65165.6725094438
1183435,91231.78443963492
1183438,17419.549218330867
1183447,40189.87760571758
1183650,66634.09634910493
1183654,32886.90944101145
1183656,18310.272243163694
1183679,10689.91456158742
1183766,21346.429543668834
1183779,20333.431850535824
1183810,10857.611020490134
1183857,18338.185509329975
1183884,69424.17964660269
1183888,54338.848758245455
1183940,58376.984189215844
1183950,38838.241266049416
1183953,41272.257864450716
1184040,8309.707035826537
1184060,18372.701964196272
1184100,29319.06896302437
1184110,21708.823010279048
1184113,38335.35780799943
1184136,24839.333908472465
1184166,123107.82676984907
1184230,14837.685554587759
1184515,35108.20282413425
1184536,35582.69009082462
1184604,16939.842005462942
1184608,9033.131899040904
1184616,71571.3824078499
1184637,39041.97616799677
1184638,32665.2998399808
1184640,18861.949004803282
1184666,27047.036447011877
1184686,30387.48266696713
1184694,30404.269441010296
1184696,12623.588675197001
1184713,49012.25172823093
1184714,77473.70510830934
1184717,10117.009294601892
1184729,29138.236701806338
1184735,49870.81459200944
1184740,73787.763025673
1184750,49141.75858283759
1184752,32897.34646310611
1184775,56754.390198592984
1184866,17606.58554588502
1184879,17429.766703634596
1184885,36542.20412011815
1184931,10899.473344934817
1184972,18647.902957294376
1184990,34882.37871666596
1184994,24232.53633722119
1185051,64160.075191133474
1185290,37591.87854287326
1185307,9351.499937418042
1185351,37832.040908241586
1185399,26487.663844661787
1185405,26008.757592367634
1185415,40407.82759308996
1185497,16255.628403704397
1185503,23948.77949203946
1185568,61700.35695572997
1185598,11727.696897918055
1185618,66675.23538733237
1185633,42511.200002765676
1185665,28777.838549066695
1185717,17498.734013673515
1185845,71139.95540091762
1185856,32381.235929030478
1185953,49281.90834106838
1185959,16603.992587898036
1186185,100039.8374084588
1186191,41695.31371431909
1186291,31229.78477878007
1186306,31405.86820183803
1186318,10181.706038704564
1186321,72738.06197930868
1186342,53493.947215344175
1186430,62061.96100572246
1186442,41572.12436175617
1186483,20401.811516604714
1186499,13180.013326400642
1186516,70613.45084421411
1186543,43644.2088597706
1186629,47022.718851293845
1186700,32994.51721006124
1186771,72590.40672781174
1186783,40617.10637427575
1186827,63322.20093771721
1186866,81338.2009076876
1186882,108542.22942313165
1186908,84183.68781808544
1186967,102566.22760008948
1187114,47979.35180410022
1187129,75096.56148579138
1187134,34817.94097593784
1187156,91673.52690069938
1187169,85342.35642879913
1187186,48677.28921716982
1187209,17346.656401578934
1187238,63421.275678918864
1187253,67158.29862218192
1187331,28925.396621295797
1187407,32304.343211512685
1187411,15586.393827824628
1187415,27242.663540104993
1187511,50373.35782295453
1187612,66251.84899056733
1187619,40291.436203575206
1187620,85884.94993561493
1187621,130875.82393793094
1187622,64025.25292678854
1187639,70999.90509368741
1187643,78796.1780050367
1187742,22349.673081440596
1187819,20238.0530259565
1187904,55643.84199035825
1187962,56255.425673158185
1187985,50935.30039345626
1188055,12647.001583100431
1188061,8260.031875543922
1188075,10557.859577514038
1188076,12131.943473111507
1188077,11809.996612900373
1188185,19852.797077015202
1188264,27738.72858814189
1188302,20374.045588418172
1188323,48762.038917850856
1188331,52509.306306733895
1188536,9057.721111306057
1188631,52799.70207448025
1188640,55609.22216173273
1188646,64051.54897789145
1188716,15475.841823128465
1188742,49862.871930645335
1188777,17708.571240473328
1188936,34527.017938957375
1189022,27838.769099512534
1189058,32475.21120163452
1189127,27522.083182397517
1189211,11393.746551746155
1189275,34008.44200968558
1189292,28660.01315366282
1189488,33569.8252979699
1189505,46223.38088474664
1189535,36430.86702132204
1189578,39506.67235256647
1189617,43533.5803301044
1189632,34827.93269906653
1189714,58737.658069083685
1189720,106105.84616181247
1189758,10674.2422993076
1189760,42639.313016156
1189787,66584.85214096181
1189799,18512.58737351997
1189806,37238.707818897965
1189885,47084.59246639069
1189992,43998.161824778654
1190188,46103.705129416485
1190279,39370.92763222065
1190386,75896.66365237281
1190451,60925.784787155615
1190498,20244.815520661446
1190567,84497.52070780628
1190588,33081.98898786977
1190687,19224.957410441926
1190709,48525.15083992765
1190822,9851.1037167618
1190844,26321.669735062766
1190892,75040.35343809643
1190955,10832.537339805462
1191181,13986.244566181573
1191319,76569.89074871986
1191322,56828.42434653936
1191342,44845.11376097235
1191366,37651.12857798918
1191453,50293.97483278184
1191577,33799.640375829345
1192000,37016.21699933893
1192064,14866.236025824419
1192076,26687.7300359858
1192096,77104.85161232107
1192104,80511.2329315062
1192131,31939.454821874962
1192142,14808.975617967468
1192144,31627.031060638874
1192161,33638.00588082465
1192204,68244.46969406205
1192750,43057.40675892442
1192815,25836.96403127099
1192837,29727.42141717929
1193079,17494.773309986347
1193145,33174.83351709002
1193410,51674.35352486214
1193503,15306.133603462924
1193559,52933.28291606699
1193569,11004.634986785215
1193588,69901.81605620225
1193596,8316.469875297094
1193790,8602.20236906146
1193791,9023.303205859957
1193860,27571.360154798876
1193880,86878.57868847139
1193943,17495.075923087996
1193965,46258.97573663285
1193982,60447.95711647526
1193992,13560.620189377263
1193995,72180.99384255314
1194024,21588.58025145201
1194050,63840.741424313535
1194134,61827.62295948538
1194225,40680.85242430629
1194290,44133.231561777335
1194329,45286.17607189942
1194509,45480.969529894
1194542,43576.93075319968
1194586,28915.170108491548
1194607,32652.6282111543
1194615,36691.83086595676
1194617,59749.715951161656
1194619,37003.187634381546
1194623,15147.554448158375
1194687,10074.640223130371
1194795,16075.614121741957
1194960,14802.470136478329
1194995,55519.81843563486
1195007,76138.23424946895
1195031,34649.205802206336
1195072,10567.807006710791
1195101,13888.31181484336
1195144,16574.644993623166
1195233,24776.357927383153
1195238,34141.65691039158
1195406,34953.527928673946
1195484,16566.479544833033
1195494,24976.41440806968
1195502,34949.824115466334
1195522,88184.81270312732
1195526,23515.926920702408
1195540,23031.324078770467
1195598,29686.27909924175
1195599,12649.251623818976
1195781,31677.497944698258
1195787,10118.370251400218
1195798,62378.670974557244
1195803,61330.202595787465
1195805,33606.629159289485
1195860,31007.688911106336
1196126,66559.29678628541
1196152,56156.222590881174
1196164,21942.781612325613
1196405,19610.064033777686
1196428,14186.366807750072
1196453,29164.680806142103
1196782,74129.55073374933
1196973,25996.63091502544
1197006,68580.9017941993
1197007,68469.1423024492
1197036,26212.516712973113
1197039,11833.258762487338
1197106,33704.9841627773
1197241,13366.603776967078
1197285,62082.8464282594
1197357,26313.64173573811
1197438,23528.080540899035
1197471,36410.709844712655
1197477,54593.787891789885
1197488,20415.309076712616
1197497,25082.72925926562
1197582,28479.743596772423
1197583,20325.206301202947
1197592,41340.52920383432
1197640,73595.67293459346
1197643,29216.052948968718
1197686,28736.73833715364
1197715,18538.693004764693
1197717,41416.10214564549
1198003,37117.051574496705
1198087,13948.463822625079
1198100,28934.510882766703
1198128,26702.11144767828
1198160,19461.4765559938
1198170,60373.62078716197
1198314,26391.709270623804
1198329,53347.05861703024
1198348,66391.27980362765
1198537,120933.78611539955
1198639,66020.79473511546
1198870,64504.63099921354
1198873,68124.87888791949
1198884,39588.49318048453
1198892,40050.811208648585
1198911,18564.96795178458
1199036,94345.21480419059
1199074,30650.450923665034
1199124,30766.10369876019
1199240,15956.919071897466
1199276,40541.35940447983
1199351,27974.868305708
1199392,52327.18029305442
1199495,29653.190670129094
1199534,15310.779282211852
1199541,73921.65993894379
1199553,11031.850364219594
1199564,15895.413402447022
1199589,25142.543352130444
1199595,25864.770233066698
1199618,32167.911216922086
1199708,19043.458430841027
1199781,60754.619512390644
1199848,20968.2631144301
1199855,85826.88908706352
1199875,27849.09634371994
1199894,48821.1887298586
1199947,21685.333023833082
1200039,23224.389931039623
1200047,38541.96981402813
1200180,20912.967643546664
1200295,15388.66782055987
1200532,15806.64256605747
1200571,80348.50982983128
1200576,31256.358259838617
1200622,22935.993331224017
1200623,10887.360009316822
1200711,73231.8272645805
1200725,31757.396799680257
1200744,23871.641528110646
1200746,25353.88117669821
1200753,66199.1902061469
1200756,34632.6730231079
1200833,20787.603793724324
1200871,11011.466850379518
1200893,28244.688476082934
1200932,53060.38310259217
1201037,68145.29284991288
1201044,40943.75098638645
1201053,29055.203325104725
1201088,29686.390489912286
1201151,31490.87648641892
1201209,39299.118406084315
1201405,38806.944434002384
1201428,43118.630891925204
1201477,66916.7300979512
1201525,26901.632965812336
1201582,63614.71367161398
1201614,12542.696598697199
1201705,24998.11594106393
1201708,33613.33356584541
1201836,76804.41473418038
1201842,17714.718058091315
1202020,7933.8667417561655
1202233,39106.23586693537
1202273,39579.00760725546
1202382,31362.202694909745
1202402,12290.993019598725
1202419,33351.615398703456
1202435,37896.746614872485
1202513,73833.88826541809
1202607,38874.100009876434
1202657,36110.63880377845
1202689,48759.14778763313
1202724,17129.22807065914
1202742,20483.92371078954
1202797,31410.52619855933
1202857,15260.64854191267
1202891,81879.35798836232
1202913,90641.57277028708
1202925,85012.58150796429
1202958,25833.11357237261
1202991,17158.67944232604
1203030,13459.355145422556
1203095,30485.345248839945
1203098,32050.489092148437
1203105,105284.50100796946
1203130,19244.64253053948
1203144,33069.169046008654
1203222,20975.4399899988
1203258,21301.356726874335
1203259,21550.06116972394
1203260,21697.28033212039
1203330,64793.5073632442
1203435,18280.645679318073
1203518,48530.81308140518
1203596,20663.117486062383
1203678,56738.73338296678
1203679,40795.508555511966
1203688,10143.647422499362
1203718,39014.03878679085
1203895,46237.98976444481
1203906,11240.551646558797
1203939,54651.971879931094
1203965,17729.127628468064
1203999,23572.876539627898
1204038,22148.37390191706
1204124,34267.79295722493
1204152,29168.10943620131
1204209,20480.859780666287
1204231,60706.11393888714
1204232,79563.04477976517
1204341,12722.79801731095
1204360,32828.41387444235
1204430,35706.41889868415
1204557,27670.26451737324
1204586,33585.46137138086
1204590,56229.344953967135
1204617,13015.398306472302
1204649,12686.288586943221
1204686,27572.62669313579
1204699,29089.90848924831
1204862,11603.54468077225
1204922,27943.219034632355
1204930,63545.490767169846
1204999,25666.715977896398
1205008,37276.8208108219
1205011,34690.49454180965
1205026,43136.38523043373
1205051,81713.03070965396
1205207,62812.64316493435
1205227,61322.14527595669
1205236,17539.82249821414
1205260,25018.956440548398
1205263,14781.479662867367
1205387,12832.871665656134
1205453,27418.790415794287
1205491,9168.8654672893
1205569,25942.932376642697
1205571,13131.37946794776
1205790,61348.3705556526
1205791,24270.011688402414
1205838,11245.41257855756
1205883,46439.21307840897
1205913,12833.626799734015
1206024,35813.12556926298
1206086,44188.418702179886
1206090,38246.60978761731
1206107,27164.09387673428
1206200,26944.25443162516
1206270,27958.213194093627
1206349,37265.63093794553
1206375,29337.74181666696
1206397,13369.90167277273
1206408,19073.235842812006
1206445,12924.776666989646
1206485,76099.61544789633
1206496,32220.470168270702
1206516,22935.99256300443
1206525,37775.7625356154
1206542,46254.935937748436
1206549,35307.203902319045
1206634,26791.954848759782
1206666,17936.63735551687
1206673,64003.8710758768
1206681,8990.13317871634
1206876,14248.361534139342
1206977,65483.51016004971
1207026,86469.1703201936
1207036,46545.71091994405
1207038,17820.200883213445
1207040,119060.70707073473
1207043,27521.339698695265
1207129,67247.48352485592
1207246,19076.02995264482
1207372,10641.794755329822
1207536,50800.31111755283
1207541,12356.907079881748
1207586,20587.864010905294
1207593,21730.465665382606
1207601,51740.96274498346
1207615,36533.46366860317
1207621,15767.547674099345
1207671,28841.64865827363
1207690,11752.017315582172
1207706,25201.440182064594
1207708,24696.69932727462
1207755,40203.96081372478
1207757,41354.427374188424
1207802,19010.670757861706
1207813,28333.005297484207
1208024,40836.5221077771
1208027,65281.0019417269
1208101,24506.458682712888
1208161,49266.64209495106
1208170,67179.82429671247
1208199,12960.970280303918
1208265,11273.498968432865
1208339,48527.75286959285
1208367,43314.19335131725
1208371,36750.34514442043
1208398,51715.84742687911
1208803,19498.16087691834
1208918,19423.73301007587
1208972,16207.040437426953
1209279,14468.988623342584
1209300,15550.908131779983
1209303,31272.573553476952
1209405,13599.684773400131
1209491,9769.786440926448
1209527,25455.23053587188
1209547,24089.44421648632
1209593,75297.43305776523
1209771,17915.795514042875
1209906,15203.412387349344
1209909,23549.24361256104
1209996,47078.5771903931
1210105,27011.05447032681
1210145,32123.733420016528
1210158,110787.72912805626
1210186,29011.44108593418
1210239,25896.65693806893
1210300,48382.89114527263
1210343,14019.448021149274
1210360,49771.008978393664
1210366,46901.727388920866
1210376,46053.289147057905
1210378,44443.23830210176
1210380,37293.75272489046
1210521,11610.915407064314
1210586,46121.37845561978
1210678,9163.750959670704
1210681,14417.956503856007
1210685,61181.47494072178
1210699,53814.798202117745
1210715,67110.72712123732
1210736,62220.733324169094
1210745,11950.690158602363
1210827,94875.24705941725
1210828,50106.99416649932
1210923,13837.053980476212
1210959,27691.205876979937
1210977,26696.8302141611
1211031,56975.74886471807
1211168,32691.263873687578
1211279,41235.84090275716
1211280,25073.22307565157
1211470,31793.32890258912
1211499,20043.02528450124
1211567,18305.42398007567
1211576,64310.8353121975
1211741,26119.819485753156
1211773,71550.16274931523
1211793,59376.04893096963
1211821,86999.86206930917
1211846,12954.228845093541
1211873,10984.823966365253
1211968,64443.85360366811
1211969,64347.6030232078
1211972,19678.65831281696
1211973,53095.35762436462
1211975,38918.02502811669
1211980,16921.237084292698
1212014,25945.93349700377
1212016,39980.79415702143
1212060,38995.80770657178
1212114,120207.98180955637
1212168,37216.871082678714
1212205,19706.186834983695
1212223,20755.773650165975
1212292,21709.283534569462
1212337,29093.432412496484
1212372,55258.16124210756
1212386,40422.38563195904
1212390,13438.61659370068
1212454,94349.08134413675
1212461,46677.97921992828
1212487,22970.929989382792
1212516,51059.476953750476
1212607,24282.319502902134
1212661,18165.39516563151
1212665,46736.960306236535
1212667,18168.12049580055
1212682,21956.412989234108
1212688,24778.73346908605
1212761,53010.64555451238
1212774,24612.078485725877
1212776,25973.43704934223
1212826,46457.12992178201
1212863,19731.604847178925
1212881,53489.49213347296
1212899,53963.21928424142
1212920,63442.68908471889
1212967,26062.285743555778
1213018,16300.944613546322
1213094,32106.258394983764
1213101,24479.945035471348
1213111,17769.70343865634
1213121,42768.05793851215
1213165,12390.269436979605
1213167,63197.53029494098
1213195,20622.0835860743
1213254,80534.26860351094
1213293,65862.17099842512
1213488,20914.865751431884
1213586,26158.55740060653
1213799,25082.046265823985
1213869,39403.90013796293
1213871,39973.20321389939
1213994,37534.852471824895
1214023,60007.26553046621
1214120,31582.635867159817
1214135,12911.734064029293
1214147,35333.04975065125
1214154,75059.58342296854
1214253,29470.437308305925
1214277,59646.10098297683
1214332,19792.75003762605
1214398,42049.352927671614
1214457,58830.166120390444
1214541,32251.378540020924
1214572,19778.271047574188
1214743,64200.77224078561
1214798,67944.94898110649
1214940,30641.7904832839
1215011,58686.52059478187
1215054,75559.97926285944
1215065,33053.878892173976
1215091,21111.01724862908
1215106,42537.29605514194
1215107,62541.80009126152
1215116,33783.02794524789
1215161,44570.8994689043
1215175,27856.767055415447
1215185,10355.594932628635
1215188,69943.34220592755
1215289,14537.595924048415
1215303,13124.816142434503
1215305,45354.074402820304
1215312,28884.98831474207
1215318,39603.95495598203
1215367,38468.372082968686
1215391,79435.29219094643
1215403,74991.97495486755
1215434,10187.743034241868
1215459,20985.052890855273
1215541,15402.155031038046
1215669,19836.317975608523
1215672,57820.26297341951
1215683,14426.807371540588
1215693,97016.9871804294
1215702,22160.60995626303
1215751,58412.534887264505
1215881,71473.90463552992
1216031,31752.62356631967
1216037,57084.55269492159
1216068,69331.18080012927
1216078,16337.757844898259
1216080,26895.787222253828
1216090,61772.51444316654
1216134,11716.09242940365
1216380,23710.20244076594
1216427,53613.49365998457
1216444,17899.272427897966
1216466,43792.529244609104
1216467,63629.17102520809
1216570,14759.079799454134
1216638,12790.42229098405
1217017,60519.98955103115
1217068,43348.15596958715
1217089,23703.213851273715
1217138,110031.39637652486
1217175,22732.328764487753
1217181,43443.06990527433
1217237,42420.478152447155
1217264,23375.76773787326
1217297,27204.588185980778
1217341,11823.69898413953
1217420,11875.766215584854
1217453,53008.19441061748
1217459,24034.501958566725
1217536,34318.092008209445
1217685,43870.61764103599
1217768,48269.18069725744
1217781,54293.99926356989
1217860,74617.67820389222
1217913,14582.838831744499
1218060,20331.779877027686
1218074,68679.30072144223
1218141,11374.866357343362
1218237,14286.307416436137
1218260,81445.38982121932
1218294,49146.16996759235
1218307,33123.120744185886
1218309,59400.792460248
1218380,22881.6295337247
1218457,30650.165237804824
1218514,40154.62131404508
1218527,16306.688771144298
1218534,37784.08060148048
1218584,18304.724487147432
1218665,20255.4277976266
1218675,9369.960033895211
1218775,28039.167369208953
1218865,56401.600925876955
1218890,10444.243532685192
1219149,43577.512201141304
1219195,65139.28501605193
1219196,65331.65643786745
1219313,34319.84585244573
1219367,23666.00467669977
1219381,51138.86733203006
1219402,11452.38009344089
1219550,22989.465334445595
1219551,20453.691870394046
1219669,23476.42212235104
1219742,34814.35340640812
1219751,28841.786877561575
1219754,42240.15152067117
1219836,25559.691833041226
1219844,25911.452165905583
1219849,62536.05462797938
1219971,20332.601503815276
1220070,101692.4886873117
1220071,60205.04514544265
1220163,125662.7307180845
1220168,121048.41511797218
1220190,62747.89286941807
1220311,42368.78938976929
1220330,30149.018151390206
1220352,40485.977214674065
1220400,50622.72768551338
1220408,12347.386433821353
1220409,35085.34233153927
1220432,69947.39396650804
1220512,17235.61505202701
1220518,9747.323851224197
1220542,80612.70860851865
1220887,13863.520373851978
1220939,24369.035780487684
1220947,33517.56211397132
1221080,11863.44651453399
1221117,97290.14014670445
1221126,87083.61142435492
1221166,64671.54432381297
1221205,123938.7941581768
1221302,32159.458221203287
1221417,13113.276357700379
1221536,57059.31524324587
1221575,31890.824594713777
1221655,33613.20385505714
1221753,92545.433418623
1221824,48818.51534087824
1221891,22590.712870252035
1221902,68584.67537344362
1221911,39611.67439925851
1222043,58074.252608358714
1222051,30151.002996674815
1222058,17002.959586407822
1222128,33775.04193068344
1222129,17636.800893048734
1222145,67633.71872719178
1222371,48619.83015986801
1222409,57995.541690310885
1222503,11638.815474286968
1222514,51230.19115344873
1222571,26046.686500663756
1222595,18543.91964213229
1222605,24854.58650359519
1222619,79990.0090285327
1222631,18195.428173613054
1222632,15780.3501655952
1222701,28654.80156534652
1222725,23421.509522009255
1222846,24857.2637216405
1222881,99023.23412657714
1222980,36063.54658309087
1223030,25619.415484737856
1223042,20885.223466070132
1223058,17685.147705187876
1223140,61255.58661630926
1223152,30248.62183323174
1223215,50217.57555937605
1223230,20315.5649127322
1223242,12370.979624069994
1223278,53672.50947416367
1223334,110488.29662245236
1223370,40685.34959196021
1223400,12217.03464736262
1223554,65419.961171600735
1223619,30570.95140481553
1223695,62710.57041338787
1223731,19079.289415732263
1223795,14112.704595428178
1223834,9872.287085788304
1223849,15630.145954576865
1223930,14895.564090948945
1223933,21657.90285483669
1223956,43756.37112410112
1224056,34856.8961128001
1224104,26611.9312817878
1224192,24235.03059078151
1224200,18202.852734662265
1224223,11627.968588218031
1224227,21952.072704453665
1224451,104223.43746348875
1224462,96230.62097994509
1224516,31082.128185590263
1224522,36611.705045423376
1224587,16423.097486499017
1224629,22083.802301469586
1224770,19959.033876973874
1224792,18634.40875087523
1224985,47673.42240876518
1225092,14618.450976179283
1225107,63905.945728317776
1225295,53159.97044260556
1225399,58350.786178689545
1225418,8857.346292612594
1225442,37383.32600484723
1225530,17203.14496381182
1225565,23915.627049089373
1225659,9736.065754914223
1225795,95399.23431753137
1225845,30666.430888784842
1226129,50996.338456899364
1226133,16588.650724648447
1226154,19361.791293057064
1226263,41339.1071150224
1226325,25791.639987429146
1226460,15213.894409569131
1226494,41168.856557097635
1226539,91969.0571360708
1226605,15365.529748451292
1226686,17226.899314574144
1226719,63751.54176724239
1226720,35642.03742280138
1226794,37758.08555840355
1226806,29107.423029688674
1226882,43474.02762497953
1226907,33416.393113306796
1226954,16344.203467071256
1227029,36307.26489621005
1227059,8935.5258504323
1227080,71443.26353418044
1227088,32372.774640366195
1227114,99376.04286539833
1227215,13104.452143124985
1227223,46304.97437599706
1227316,19855.07120794643
1227362,32612.620673670783
1227422,17246.206423261254
1227431,23594.780853374956
1227442,18987.144225821114
1227498,41800.55736500739
1227611,54383.4904672143
1227639,9642.51312063997
1227827,11148.806023501018
1227830,65912.75136760798
1228017,36105.86069107919
1250237,14191.629774956578
1250248,19978.12551190432
1250270,12170.756514020908
1250302,15197.996703139037
1250325,23349.738858082354
1250627,27705.363286347787
1252837,22372.644969504392
1252919,24751.780339759087
1253232,18474.452761273787
1253832,24854.595368899747
1254536,18309.29540062703
1254746,59684.625909816845
1255728,30478.748715936905
1255730,39989.61240775843
1256469,12313.316566781623
1256474,11363.602158711064
1256479,10863.000166101192
1256490,22103.239498390307
1256498,10645.12017763051
1256540,9974.131921464126
1256565,13912.33730364593
1256566,12419.57021756417
1256589,18211.222493596877
1256595,13822.145347380105
1256641,17698.158149631694
1256644,17681.198522266535
1256695,12060.420861636818
1256727,14673.575856384938
1256730,33779.272568373606
1256761,15022.792465309165
1256793,21641.16841387324
1256802,18487.21407277373
1257557,9447.376315688514
1260561,11272.253327101993
1263986,10366.864941191978
1265621,48521.74162482897
1265854,43870.75544718576
1265886,37722.98612681471
1266003,34115.26890330876
1266365,12723.87437038777
1266592,37608.828862410584
1266622,26519.13215440391
1266632,33526.24021273651
1266637,50177.35301456047
1266642,31281.715026566046
1266645,32593.581740887486
1266646,31557.457446664197
1266651,38299.25247553783
1266716,33279.33197152827
1266735,33019.35179868851
1266772,28384.47463709514
1266795,58825.7475039638
1266800,45807.07596100596
1266823,50075.04239265209
1266828,54938.9342558438
1266829,71954.85549900985
1267203,71288.83021208522
1267235,15954.376303948735
1267239,27249.95183411267
1267242,16915.86281501068
1267251,22601.591023921625
1267252,29016.491197179046
1267254,27295.344658970516
1267263,31741.571520692472
1267345,58810.90268195946
1267521,14486.479219202234
1267533,28091.420745193245
1267536,29207.680654752487
1267602,19404.63529987285
1267605,29553.090129753054
1267615,25862.27844939658
1267628,46770.16055874619
1267668,14230.251174306357
1267710,51928.587716319664
1267749,25821.363744505594
1267753,25542.0588531208
1267766,32062.419956237758
1267811,13228.251164287241
1268085,39123.60891458719
1268116,52085.16748691722
1268136,63829.74018559375
1268176,21332.412101890826
1268366,102650.8239765482
1268383,91133.92514550519
1268390,98600.52296253754
1268391,72929.93425442411
1268505,69644.24525657072
1277540,43285.49488753949
1277967,25680.328716615928
1279621,40958.588419156484
1279712,37814.8034013517
1279784,45789.01376056677
1279794,42840.99478741582
1279963,19872.427713784433
1280271,25582.27300347998
1280929,18499.047583055035
1281497,26582.37553947926
1282233,17428.108975197225
1283087,29138.116101641168
1283416,20946.896773475208
1286322,33240.438104619854
1289286,35720.64410099633
1290217,17495.676829260647
1290319,13972.403439818861
1290446,14830.972215969688
1290454,13387.203655020383
1290656,17711.72744475326
1290695,16603.54186576839
1290910,16667.442892167208
1291000,16439.317798250882
1291003,16867.14922735735
1291019,17092.611599073814
1291146,17139.15208534045
1291199,22729.93469822112
1291389,19036.04692151486
1291407,18604.72974110878
1291563,18348.550341235
1291599,19778.879942754364
1292133,16335.550658307475
1292137,17367.148751819426
1292235,17415.18689303176
1292260,16526.30217451926
1292342,22332.002992015958
1292636,18760.65838519466
1292655,20584.414271406247
1292747,21914.14449097555
1292919,18450.71341671708
1293271,18019.391904841585
1293650,23759.152893474784
1293674,23242.349363587025
1293703,24299.537544596336
1293771,23907.44347021506
1293877,32032.774086031433
1294225,25678.757917519764
1294228,29618.8396059376
1294235,35295.82542561822
1294267,21208.35261020369
1294514,22630.394719691827
1294724,26211.398069057894
1294753,28035.24669124199
1294820,27632.263739043847
1294888,10139.526655396552
1296195,14079.69642253935
1296201,14303.626415204533
1296204,13967.171485319346
1296217,17104.485406698048
1296230,18468.49761854394
1296245,22181.43097324991
1296284,27804.121466626202
1296475,67915.92977288368
1296476,72471.3414442969
1296540,38230.72975242727
1296658,91725.21223115327
1301751,26013.264939232904
1302087,9699.236189159637
1302109,12894.195622015228
1302115,14795.249638459378
1302133,10875.767428032059
1302138,11846.723751567657
1302169,11694.31857881982
1302177,11494.322029936466
1302230,15802.44749919084
1302232,10757.795452030712
1302247,15611.144302082508
1302255,11747.444863022398
1302257,13940.679963605837
1302259,17032.655135308294
1302272,11483.094612081226
1302300,15100.215163524783
1302311,13823.23666107477
1302316,11966.158578119936
1302318,15044.909435735524
1302334,15374.717489025119
1302335,14100.914579165448
1303655,14487.05962950555
1303665,14127.59026016484
1303671,13147.473769286384
1304146,12842.80400812423
1304155,11284.81308935758
1304166,14420.321654451845
1304215,12318.622359987356
1304231,13059.328193204523
1304233,15184.759805136222
1304874,14823.18878553585
1304908,13430.038583292633
1304912,13173.346868127472
1304931,13057.142662234533
1304944,15420.680477032896
1304961,10585.117111922735
1305013,12894.85805246006
1305014,15390.671146985516
1305015,10377.181732755995
1305022,15737.155971822482
1305035,15454.379093036598
1305040,17251.68236876244
1305043,15735.300322886029
1305052,12017.434643978817
1305093,16881.38955791971
1305096,11720.52006564621
1305106,15427.338738708246
1305135,13775.5827524664
1305144,10171.845098435975
1305147,13130.699958921028
1305156,13122.553167385247
1305173,16482.337634554726
1305190,16197.79058442459
1305205,17059.508812422286
1305216,14991.929067337473
1305256,16880.76476333427
1305260,17096.288173139823
1305280,13311.846086500218
1305309,16199.847038603395
1305316,12215.298930186511
1305347,19123.74863356454
1305353,15536.94328531787
1305369,18250.407251496345
1305389,14660.700202562433
1305394,15460.427768608195
1305407,15166.87328847832
1305426,16199.319723530714
1305430,18225.799934867315
1305435,12773.619784901097
1305470,12124.96621022246
1305471,18110.21159814709
1305478,14228.101928197942
1305520,12295.230918143345
1305522,14020.224963572076
1305985,10458.714873558314
1306007,12039.423807566414
1306021,12272.246502168515
1306025,12003.198006503531
1306029,12288.467592664807
1306044,10346.343673653306
1306046,12569.661515174517
1306067,13391.973680159854
1306075,10043.290151618077
1306078,14850.085261868016
1306096,13910.510596588585
1310291,100869.67159986401
1310343,126175.14705842614
1310977,27451.356199837985
1310978,30591.368200248748
1310998,31740.511519057676
1311036,31685.938026352942
1311059,38621.709958680796
1311092,37190.203990603084
1311108,35968.24756274001
1311121,33589.516597246744
1311139,33448.27396318788
1311177,56544.9352369255
1311218,35304.6295211417
1311241,54224.45772539981
1311244,33891.143002330224
1311245,52053.25496942375
1311246,34700.25069560714
1311253,31091.28098165301
1311271,84806.285523473
1311286,33024.52909101929
1311297,51318.949383449886
1311336,35384.78821399416
1311367,92492.3320691695
1311370,95389.55185247272
1311373,31359.231548734733
1311400,103264.78741506193
1311416,44165.41021479431
1311458,36071.7250830008
1311489,37406.68346227247
1311491,35814.495471262904
1311504,35872.4001234151
1311540,32781.53470941818
1311543,37641.32168024857
1311611,41836.52015704785
1311612,39370.83449213513
1311626,35123.7071813897
1311647,31519.553674273935
1311650,36683.03926185016
1311700,41904.370737648256
1311703,35468.96541711894
1311744,42961.798282652584
1311755,39236.75003835219
1312744,28108.293935780035
1312746,29462.336035725704
1312982,67510.64554478513
1312994,25630.29050541892
1313005,15849.123050450777
1313114,76489.89535787041
1315322,79406.11367087602
1315330,93194.29007085931
1315626,45858.17577732987
1315627,43330.29326474986
1315656,32878.08094778282
1315659,55333.34763010235
1315661,33766.57411427685
1315668,36867.484361702576
1315700,88442.66129376041
1315820,33424.514673703714
1316572,23460.538286225732
1316576,17409.185589092165
1316580,16028.684458979205
1316590,24514.360269249242
1316596,38895.792321020584
1316610,91381.9902392466
1316618,89517.38419531716
1316637,26971.369406313024
1316662,34580.10855883137
1316688,52516.56594050336
1316893,33819.09104113334
1317652,36697.94794037103
1317655,45451.29392872684
1317686,67402.20795187738
1317688,90714.05053126939
1317699,89463.90314612482
1317718,73195.57158674378
1317744,64040.21520538394
1317761,75098.53797455128
1317774,68331.14520263387
1317792,75269.25297397363
1317861,73475.50879936875
1317931,86133.38109886224
1317971,59980.20999485874
1318001,67023.71042136429
1318003,76488.14677990213
1318008,76511.53094103701
1318038,69731.32469325693
1318062,70239.89654497716
1318092,75277.61330404865
1318142,87452.30554171721
1318173,87915.55685193738
1318201,87874.91951884821
1318210,34973.37146586189
1318213,70293.03418040923
1318260,48490.99315975835
1318277,31925.76014217646
1318279,34064.08879692978
1318280,88794.04904293935
1318288,81195.40784087635
1319505,66641.35596116136
1320177,58213.87708778551
1320219,66073.86557510345
1320225,66854.71546561789
1320250,52954.31118454035
1320255,38401.63909573688
1320260,59783.43158886983
1320269,60984.114489258325
1320270,56035.70608135974
1320279,56274.21224847445
1320281,30361.801079926798
1320286,42342.29851397622
1320292,60459.9628705678
1320293,69034.9854549643
1320305,61035.37224915276
1320366,55070.48453473979
1320375,67568.42308528963
1320381,57621.54854575274
1320418,71104.66115177446
1320439,74587.25361176553
1320447,70783.02232790625
1320468,39849.01919978798
1323283,14781.645878867157
1324283,74194.06232512849
1327023,18231.79537845707
1330027,11995.09768394622
1330200,17598.557722395046
1331900,60024.58762091101
1332110,93249.29810772474
1332124,55016.49534009778
1332169,58060.783623971765
1332178,52527.18922472383
1332584,94476.50037726946
1332608,56221.82762586247
1332612,57964.31129528477
1332660,93731.25025960844
1332667,43795.40940868507
1332683,54094.57922503483
1332694,18893.76205618762
1332708,21692.16230751677
1332732,16154.324570988469
1332747,15749.840728192365
1332757,16773.863539921644
1332759,18930.20326843476
1332764,16180.065234108159
1332777,17908.262339126974
1332780,19726.008053627014
1332782,18934.144533687042
1332784,18489.137304841257
1332794,15026.679340348106
1332801,19631.138457239656
1332834,17848.77964685734
1332835,14271.474171754706
1332846,18223.271119156056
1332852,20675.14649655082
1332868,17505.187570939273
1332883,24219.287503057963
1332887,16455.280216643303
1332890,17842.80296973744
1332894,16021.304559186374
1332919,16489.061627474246
1332931,17158.866224760153
1332946,15197.889806799249
1332957,16989.831304743675
1332965,17835.05442128756
1332986,15807.865698735022
1332989,20258.506288435186
1333000,19045.66179137654
1333012,16272.603390503682
1333017,16816.665396325945
1333030,14870.80357775432
1333033,18029.184818242877
1333053,18603.744784334966
1333071,17177.37555961531
1333087,15462.916172075686
1333108,17834.514506513442
1333123,18714.741131384166
1333149,18357.553910231443
1333164,16085.041177690131
1333168,20059.13415191274
1333170,19687.269058175203
1333185,17692.18783479643
1333203,17759.91888391282
1333207,17991.64650829092
1333228,17739.567112883295
1333238,16515.276760895962
1333248,20044.612899422827
1333253,17780.966865378636
1333294,16878.85111681805
1333297,19969.316994049863
1333301,16498.830151064954
1333307,18346.846164765335
1333311,19122.828035001483
1333312,18529.651540387447
1333335,19470.301455389643
1333342,18519.518857931074
1333358,20470.94961139046
1333360,21148.554710329325
1333369,17797.43798409663
1333379,24562.691514294165
1333397,21186.769496404973
1333412,17793.86283919209
1333438,23700.45579200419
1333445,22448.504783580673
1333446,21501.62254974272
1333480,122859.96871382666
1333720,35215.114091920674
1333754,45602.1676662354
1334107,55344.621761456336
1334140,62668.54317036412
1334157,62868.658017452806
1334243,74395.52258535079
1334244,85843.93098699191
1334252,71999.75846081352
1334254,68851.99917235124
1334256,69046.79432403947
1334269,67836.10551256393
1334276,63434.7165130664
1334311,57509.608501964256
1334326,51955.63040169019
1334350,51279.24212705103
1334364,62344.92315816665
1334366,63052.279513785514
1334382,62707.556187533664
1334392,62466.83516918437
1334438,67004.69864721541
1334485,70793.09763428073
1334540,68521.34002282006
1334549,48520.5614343725
1334597,94584.91530432043
1334600,64629.878616611546
1334644,45568.78630841477
1334685,69731.57157850634
1334688,82184.65593279386
1334693,71279.36312262384
1334705,61843.37072179078
1334731,83670.05916507181
1334751,43447.25177315174
1334759,84699.64510584851
1334794,71104.01456345116
1334801,77825.94845308863
1334825,88728.59043007565
1334844,48163.124292180626
1334872,68117.06316717686
1334918,88406.00407840256
1336165,43579.23296947348
1336218,37154.926810915495
1336223,43159.87740268052
1336523,36426.922238954605
1336615,26584.21768582666
1336628,91767.99113754477
1336632,27995.686037084757
1336712,85441.88945168255
1336718,84747.3509495891
1336742,30932.307282890903
1336743,31453.334143693344
1336784,66900.40869755577
1336789,26809.473557233454
1336793,63491.20964477367
1337556,55212.53890766063
1337574,23889.842608686078
1337590,22152.79950038364
1337592,48594.820026346686
1337628,95243.38760276727
1337629,100110.47084639987
1337630,59360.82537222441
1337641,74266.71019697987
1337656,25639.720822415467
1337660,56179.68280263693
1337685,18792.698357897738
1337687,23908.219121990624
1337689,80572.22384673727
1337703,27235.952280551974
1337715,24698.265698263473
1337757,72315.91374505666
1337772,59218.83583598252
1337779,28851.84443436389
1337785,26554.21681299834
1337875,74079.16831313385
1337945,73491.69244342783
1338009,82941.06856366724
1338060,50669.72600102566
1338065,80462.52061807756
1338218,69824.58193883627
1338237,101180.49473491161
1338528,23176.674698085808
1338566,32346.789561907975
1339064,61983.84377604225
1340246,29697.831819703933
1340248,26816.086838166575
1340249,29703.355505615502
1340250,23641.62404747802
1340255,65955.35336738362
1340297,43669.80998204238
1340309,61677.298784939434
1340311,46982.14444181908
1340313,69391.2390898782
1340320,16204.940636614205
1340327,25646.91734792381
1340338,25026.318718380182
1340355,75740.5725503926
1340401,50262.04993114485
1340413,40541.21258656354
1340416,60778.707723247586
1340419,44121.02909377731
1340448,18520.81517606169
1340460,43082.99121569056
1340473,22690.016040355822
1340482,20408.265491563212
1340523,84052.31329849004
1340539,17573.73557464585
1340545,18474.948700423054
1340550,83991.47260316367
1340558,28786.38637111934
1340568,33198.745358994565
1340583,17000.505355038476
1340599,72657.8949907424
1340656,32479.49641889419
1340658,22415.7264601243
1340660,18085.394755888785
1340706,23647.09040622456
1340728,50482.652464700965
1340738,29496.63863846725
1340739,80764.67393017924
1340748,26363.26204500459
1340775,17448.4266305047
1340787,40219.740089756364
1340827,90042.30395426773
1340909,100028.92171917137
1340912,103932.70061448352
1340949,72083.91276222386
1340962,84622.79478414539
1340971,86775.1603083093
1340973,83495.32948212695
1340997,89078.2190954716
1341000,88728.94236005121
1341052,115253.81348037404
1341058,128036.49042174454
1341087,113596.81144818412
1341097,91265.72055580249
1341118,115253.81348037404
1341131,100207.77705549035
1341149,103898.04138015302
1341186,110241.62167754858
1341208,106484.51389486935
1341213,121374.69722526209
1341235,107274.29720113715
1341362,103970.90122874525
1341366,94793.83763921249
1341392,99069.23419568031
1341407,98393.17224401273
1341410,115577.24605735826
1341463,97206.11193100546
1341510,122947.54385056622
1341523,113483.70714872822
1341559,120021.88583735331
1341596,109855.05331165141
1341627,119020.12239259978
1341741,125856.57098412469
1341761,114280.08467685567
1341766,111711.10953460241
1341770,111225.4200313029
1341775,127182.09543095915
1341795,116239.66173668657
1341812,127162.99877956054
1341844,120762.05481467553
1341905,130307.44815906843
1341918,129259.49736238133
1342171,99334.43903351993
1344610,44681.751665555355
1347291,57471.79890128637
1347295,32215.91978680715
1347311,47122.232162773
1347952,63750.643099275876
1348041,8980.14057308091
1350592,55816.219130802805
1350653,50017.49298383433
1350661,51455.30772680802
1350696,60786.25142486412
1350704,75959.81860378128
1350769,69284.99961575233
1350807,63839.57167753886
1350813,59218.12566975184
1350825,42256.24328916556
1350838,58510.04892485273
1350856,47624.95527174787
1350885,58155.029978967774
1350903,34466.4602237324
1350934,60154.35407969935
1350939,69325.67448816657
1350984,35020.94772593795
1352854,37887.95559899216
1352873,46736.142092135124
1352883,16046.649495593569
1352950,22918.728799765315
1352957,36143.75953250497
1352965,41547.32814293952
1352970,28306.765735554487
1353001,27076.377018406598
1353059,32171.16150545721
1353069,47620.79381912987
1353073,54820.87416812897
1353287,17477.853594823155
1354533,30415.327108106572
1354824,60161.58460251818
1354843,34044.69658428332
1355040,62643.50198857276
1355080,70124.13300442054
1355125,59580.93058301516
1355131,61169.58426845246
1355141,68796.57181236938
1355261,76183.48216592464
1355262,78061.519617077
1355285,68066.58053236129
1355295,66289.28265545984
1355316,64528.8637330689
1355329,57155.0952185862
1355337,73811.15623279777
1355390,70978.83120185263
1355407,75628.7433295903
1355409,76050.6120395154
1355417,58300.477594514494
1355423,62286.92308157074
1355441,67409.3129367761
1355447,58902.92643382544
1355456,87574.2778810037
1355460,53763.521765342564
1355470,65377.85884980851
1355500,66221.30490760699
1355521,56413.55847255675
1355555,48233.25812187888
1355564,47473.14344327805
1355571,46679.07666126781
1355577,50085.642179836024
1355600,90676.46416940403
1355619,48051.525958360464
1355630,83392.04660417454
1355646,60968.72029037318
1355681,70445.61730507787
1355813,37652.275049059
1355959,77180.99585963652
1358268,73331.4242429545
1358282,25633.911238124936
1358283,53321.20445148992
1358306,17435.604041174898
1358324,69375.61488052084
1358810,53090.57201571641
1358890,67821.83595913854
1358895,67676.52687459902
1359153,38962.18336763457
1359154,44570.30171963107
1359258,38444.227164516895
1359313,32662.036559924585
1359367,50944.89475615686
1359748,64635.75461961183
1359779,47493.723509380194
1359792,43346.40002310302
1359814,15924.588405707902
1359867,70927.43896098627
1359932,21538.041837873214
1360110,45156.01215608594
1360146,37014.07897108345
1360152,50885.4795547166
1360154,46376.7228143822
1360155,45736.895945047916
1360198,44254.50122078307
1360207,47790.67406294237
1360232,41525.44929159942
1360300,71108.47851016394
1360322,38545.271426517036
1360329,49289.42126626037
1360341,44802.9644543402
1360394,45032.244596195684
1360410,53184.89323072898
1360425,50182.55376567067
1360442,45825.99171086997
1360462,53968.90533006263
1360477,68755.41467227641
1360483,41833.78902390567
1360521,54110.44705010799
1360597,42939.99910473336
1360604,59656.41958422702
1360647,76350.33226576363
1360654,80932.74772780827
1360692,64194.89319483171
1360701,72474.76275621005
1360740,78178.79056653904
1360750,71439.53684399274
1360759,79738.70382817894
1360805,47324.51433823134
1360824,94964.83368988405
1360828,100830.81676990217
1360919,24375.466684153085
1360934,28499.244528591724
1360942,25844.39505421534
1360967,25661.952752838763
1360971,24639.944254346774
1360996,17605.10518682753
1361765,44911.66639209062
1361999,93256.13855313267
1368720,17384.851752421495
1370415,25289.566748919024
1373073,12328.676829545295
1373094,12753.788920563278
1373128,11920.629261865655
1373129,13539.346783213587
1373158,12571.496199366165
1373195,12836.466784411608
1373200,12132.089458146558
1373204,13862.942639924164
1373208,10954.446264148675
1373212,13031.427408508122
1373236,12576.602976128308
1373243,10861.592691686576
1373296,11654.143251089663
1373324,12031.372604148633
1373345,12056.722258779517
1373350,17217.6383764771
1373382,11668.074393848703
1373802,9566.980120682743
1374633,21202.27698772383
1374649,18828.07820975353
1374738,37773.11839852537
1374743,34688.722386756475
1374757,28562.297390651067
1374812,58575.80092515978
1374925,86333.77943728941
1375027,54625.1124924034
1375038,78516.49272174692
1375043,66322.70849173272
1375070,83513.85654159835
1375116,63171.667357796054
1375273,27318.960098852636
1375282,55176.41280307049
1375294,30248.17629264306
1375304,50408.001268286076
1375324,11696.880270822261
1375328,54710.994712994696
1375485,53538.829750774894
1375486,59136.64394492518
1375671,36198.59612189687
1375690,90302.24615898682
1375705,88345.80759349247
1375717,57279.21302504417
1375790,47004.33755037324
1375838,44850.05144701761
1375890,14905.054079815653
1375896,33433.22816656183
1375914,29310.676880133808
1375934,32307.995350504392
1375943,34549.116461901926
1375944,18952.847757762258
1375999,43309.63435014209
1376006,36247.65666367442
1376018,14038.657606100413
1376022,32488.292071325766
1376402,31064.48430482855
1376445,16816.594509685274
1376450,45529.58312735703
1376453,38788.063864478754
1376464,23157.474357367675
1376485,17822.1639537145
1376497,16250.82605361596
1376682,63234.26292807342
1376686,56193.259017989025
1376701,68914.18747684667
1376712,39492.371916953074
1376719,41117.12466607691
1376721,64532.898047827395
1376723,68278.47429513908
1377716,27838.974569606235
1377759,44886.623904895496
1378284,41801.81680984152
1378778,88507.28014857434
1378798,89900.70585006027
1378804,72791.21783367758
1378852,90607.38034455205
1378950,77488.51217605572
1378954,54741.73572509093
1378958,55985.73208960739
1378961,58925.27338745378
1378970,53375.016948650955
1378985,86754.12732363919
1379010,70102.81738681994
1379015,46706.54089236278
1379043,77165.11791103614
1380996,95341.25708765202
1381283,91431.18847733861
1381443,21982.625018618328
1381455,23305.873624170592
1381468,23934.87609968496
1381794,21258.61012583506
1381801,38672.96817314495
1381802,38786.418136915556
1381812,42597.042359463245
1381813,37800.48607040138
1381823,28593.588173479897
1381842,18120.846857683846
1381845,44709.89464479078
1381852,18105.71172061153
1381858,48947.02395269737
1381864,43882.26754103946
1381872,42576.663507793215
1381903,25228.26374848332
1381908,47134.891866478705
1381937,24056.557389795154
1381945,54111.08923581702
1382522,41765.46306738103
1382542,89831.57846038941
1382543,91500.43396814646
1382577,63390.29754426595
1382590,92909.51536725706
1382596,92439.81925372567
1382656,79217.54925728889
1382687,100323.53683369997
1382709,53053.017219655696
1382715,90294.54926715173
1382902,100869.79405646861
1383001,88890.18706107303
1383008,86266.40983766889
1383036,91727.18267271107
1383920,93895.9526760649
1383938,78309.75219488889
1383967,98250.96638543316
1383968,119136.17287575694
1384006,89847.8222856505
1384042,125260.08636418777
1384045,115479.36510441976
1384048,84102.61612975886
1384078,91605.74189517819
1384082,91605.74189517819
1384105,108088.05318539249
1384119,103644.78302972278
1384122,85286.28509047136
1384126,84685.35958895538
1384128,81088.79140100125
1384129,116665.18208764949
1384136,76824.75083702814
1384141,116855.08385496738
1384142,84196.237923579
1384154,119472.67238997284
1384166,84787.50166952462
1384178,96316.11440925935
1384221,96616.61212890243
1384224,96817.7124663334
1384234,71949.35814793773
1384255,109202.98468933086
1384267,105386.74543279345
1384279,77556.16789167598
1384282,103046.72677153828
1384320,113801.96850431834
1384345,101267.54001056755
1384358,91481.46233018207
1384364,111104.10394680663
1384373,90271.11373165694
1384378,113432.84832968122
1384428,70664.78577690819
1384444,88784.40720280512
1384455,109620.93926398837
1384459,109653.77091015864
1384466,95033.57987993717
1384472,104882.12163396989
1384513,111562.91598803672
1384516,112318.74876985875
1384527,96967.10907026348
1384603,132620.25620046168
1384609,110931.26139896037
1384623,125933.30800753695
1384650,121858.29329914629
1384653,119517.60986459309
1384688,126511.99173514507
1384699,79572.2005809499
1384712,127682.77322636222
1385606,73491.99534133835
1388403,20452.399255271343
1388971,43353.095662545275
1388972,37577.6758537163
1388973,40118.2888408484
1388993,45512.96190337537
1388996,49013.18474156306
1389000,39149.385929248594
1389014,36341.40680738654
1389017,36564.38106198588
1389346,66606.936290559
1390991,15595.35416038411
1391026,18473.19415297486
1391138,30953.23051837652
1391935,22273.188105991438
1392442,53291.88710591953
1392450,22919.261629997756
1393712,87923.6302252966
1394812,16067.940635478197
1394840,13387.93787152554
1394867,35198.5983783044
1394885,79244.06865143302
1394886,19270.208191071288
1394902,75959.47506869491
1394904,68959.14513547877
1394941,100059.01890540886
1394949,28313.25016093441
1394956,36936.455025863244
1394986,71084.69727852271
1394991,27625.88113674568
1394992,81524.9462661605
1394993,30984.542524755547
1394996,32768.092869606575
1394997,88901.27535805124
1395013,27120.42807148384
1395014,79263.40565751895
1395026,91845.0760593513
1395035,25892.929302481993
1395063,56950.71646609833
1395091,31076.545579952028
1395103,34054.789384246724
1395122,76259.79745309235
1395138,27924.896858111315
1395146,31864.74374192684
1395151,30455.654156622324
1395153,67088.93347656753
1395155,93232.59001213202
1395170,74138.32602277314
1395210,34819.35365776349
1395215,30631.58392783263
1395266,76186.80501618824
1395273,32814.89261544526
1395288,48694.94086194137
1395291,26704.538628395516
1395316,31619.260733562183
1395421,42554.12841726313
1395429,32273.5531642613
1395438,31456.900404225198
1395450,34879.491465323415
1395468,30759.50843091644
1395483,52988.36393899985
1395581,42187.60219246199
1395585,34860.541235759636
1395592,39043.41908618848
1395602,89445.20928394103
1395678,33729.69674641193
1395681,72083.17225089592
1395684,32423.370047079672
1396992,17892.24404187813
1397005,18939.850280481314
1397006,15156.590384697693
1397015,20639.80403385123
1397032,11221.386358912256
1397035,20543.007521097967
1397059,37724.27711344884
1397448,24677.25587073143
1397452,21866.00625133517
1397462,30591.291711582697
1397497,35243.998764968215
1397523,31990.777331984482
1397827,42140.85518257749
1397831,31153.39725746129
1397838,17900.35690929695
1397850,23288.498121592213
1397854,53210.2695941803
1397858,51909.237605640956
1397865,63936.16935088768
1397881,20719.696908158476
1399691,78577.34225908147
1399694,68088.11362861382
1399715,46702.6987007058
1399749,45302.23517269558
1399751,79819.1160440295
1399875,111263.21606692734
1399876,65844.10848738071
1399910,84034.95115948442
1401944,61961.05575623083
1402318,52126.06518844723
1402365,66122.11886619734
1402378,59865.48546225777
1402380,58982.70427315971
1402409,56697.51310938707
1402411,80302.72231676683
1402434,78268.37575229871
1402435,127992.27823967185
1402471,56645.773652962955
1402491,68786.2944009742
1402495,65434.562773997844
1402497,79465.99747086971
1402506,88728.90358021662
1402532,82662.37544122171
1402533,87312.41000582257
1402542,66214.35818332114
1402544,74300.68231232035
1403236,58664.45645256543
1406056,31295.53403590829
1406731,35821.740467813775
1407089,90022.56029886665
1407095,94270.98230181272
1407118,50563.121910002345
1407143,46692.9411839394
1407145,79388.66396581076
1407153,42366.857784386804
1407155,45255.48387223766
1407156,56579.10699471772
1407194,56478.39152817089
1407228,59307.18027757685
1407243,43960.65537648767
1407244,41086.09921687929
1407247,72857.51627582218
1407257,41063.814499971864
1407259,58406.269765076286
1407264,45608.841383802675
1407287,41374.126477582155
1407298,42305.85173929273
1407349,54076.20550958864
1407371,58919.83601452165
1407385,44454.234129265635
1407420,95010.89521726631
1407436,39738.809943438355
1407440,58598.40544152993
1407477,59408.45202631009
1407528,47583.993270675615
1407537,68394.35209918939
1407562,89548.92677265838
1407587,44891.83266141793
1407629,59597.10238719976
1407638,53038.634265682536
1407640,58005.581583415624
1407647,64663.67572554873
1407665,46013.23974713971
1407687,62592.832193217255
1407708,53502.353092418845
1407714,63815.522050663276
1407755,62592.832193217255
1407778,78416.34005710101
1407803,68593.06079586635
1407810,55439.1520652264
1407869,50090.466656066914
1407886,60698.71434967448
1408837,15394.32770525402
1408844,32776.17131725707
1408845,15916.697200414887
1408878,16287.355117826988
1408879,14822.381226420996
1408880,12078.491276350916
1408896,21833.77533246906
1408918,21038.357201635718
1408919,25077.349449311263
1410622,36819.87247577374
1410636,22033.058879895303
1410647,50689.46876379329
1410661,22334.289428219687
1410677,19615.27288520473
1410687,60264.525418230405
1410704,75226.72251983042
1410707,71551.40559417731
1410717,44673.0078314603
1410723,23391.17260297844
1411589,96703.22157854779
1411603,82330.26655237717
1411610,84793.22364708153
1411654,85342.21690309663
1411683,36493.23624487915
1411695,57514.374024491815
1411860,24314.832090142292
1412164,34211.956272020354
1412264,50712.71844537892
1412265,57770.70572667764
1412284,65434.16427671159
1412289,62117.033962375455
1412292,46924.25334490849
1412328,51149.49943382124
1412379,51408.90096528271
1412398,32264.32553096893
1412413,50032.840182796564
1412414,50288.37257511801
1412442,46732.48452803429
1412451,54950.16099310366
1412453,57726.90911937332
1412455,48340.476227099454
1412508,64689.47973634973
1412509,92336.28411848495
1412544,49477.20915280343
1412554,56014.878336286216
1412612,43414.31038071661
1412653,56350.60719039705
1412681,28240.277388775197
1412687,56679.02404921463
1412693,92286.089332033
1412702,89618.07356002973
1412712,56049.088521117126
1412739,58258.02438507755
1412744,50379.52162452856
1412745,59238.74403559623
1412807,49676.67944409219
1412811,56925.477697549584
1412822,48770.802566188664
1412937,63187.75792986424
1412951,71369.25627307035
1413000,87450.7193169678
1413002,54710.70914982779
1413058,37054.6635585411
1413415,37486.74125132065
1413436,20570.90796536429
1414098,20789.158566262304
1414657,11388.540091204351
1415242,28603.77589906216
1415243,32031.495952090034
1415258,31523.361939089486
1415293,42435.47893211881
1415305,29817.721774552
1415318,41969.01059931041
1415320,40770.071963050694
1415323,38914.81106368434
1415365,38551.37858213722
1415395,31846.670602862683
1415396,36422.641037885616
1415436,27922.051211264283
1415464,28100.901780677814
1415466,25222.480449573883
1415487,31719.695671140224
1415493,39870.89746173919
1415516,36704.43458040632
1415559,35477.19486531938
1415560,25214.096892066445
1415584,38251.90262839188
1415599,33405.43141703899
1415640,34516.20504352946
1415649,37943.735414112736
1415666,36256.20424702794
1415682,32837.69711266291
1415683,34075.20684297448
1415690,37197.1113881943
1415699,36640.21489267051
1415700,35813.3891778569
1415710,27950.054703575282
1415714,41208.6468006292
1415721,40973.4227833652
1415725,29341.103365750943
1415728,35670.056886187
1415754,36952.55933922691
1415756,41208.9561249723
1415761,38259.709916040214
1415771,35555.018520632
1415778,33511.963118614905
1415782,39946.89796496101
1415812,42288.940624422125
1415818,38690.30198052915
1415832,38368.98133954107
1415848,43862.73687200874
1415902,41672.13814347547
1415904,39365.76082422063
1415909,29930.252919387753
1415914,26997.249196154266
1415943,37426.90488326483
1415950,35519.1748804005
1415958,38682.38874847109
1415975,39375.29963195658
1415987,31942.78177953117
1415988,39252.72295246612
1416013,32062.992284998843
1416014,41643.8372890948
1416015,35964.950880507284
1416029,31426.261117976854
1416030,32553.732027997856
1416040,36937.68136229471
1416041,40528.02060497789
1416044,40528.02060497789
1416058,41623.725129636085
1416067,32484.927231292415
1416072,42952.273411063885
1416077,39117.14551641689
1416094,42605.2448055441
1416120,36707.76416386772
1416126,48083.114959224244
1416168,30271.31103365409
1416171,32977.82414963275
1416177,45672.18859768889
1416205,28501.099866189856
1416207,39274.558879688106
1416237,27892.377225000106
1416316,44369.98863011631
1416319,33015.08580395733
1416324,34257.49200771898
1416351,46766.366571925726
1416352,44998.110875501865
1416357,39844.99438304006
1416370,40957.73086197166
1416373,30476.83923972565
1416377,40293.559166620886
1416383,48650.759501964916
1416386,33048.94008596425
1416418,30025.384229207324
1416423,51036.50427101864
1416447,44001.09287753319
1416450,33760.400112963696
1416462,46902.0508868609
1416499,46539.806131085905
1416505,48060.176028094094
1416521,43937.698785091
1416526,44926.728001583535
1416531,44186.67956761062
1416539,47771.93174493369
1416544,29008.15510135692
1416552,42492.45949301282
1416564,37520.17327410534
1416571,32489.740722235427
1416580,36264.12761131914
1416590,45249.366130018665
1416660,50450.95592333516
1416668,40752.91599429207
1416671,47995.281927885764
1416687,49398.70685005822
1416703,51328.90500877686
1416713,34316.22252964115
1416716,52725.625639594284
1416741,52779.20721926927
1416747,36890.74323526846
1416777,33972.50795214398
1416785,35534.18636179428
1416810,43758.486769604824
1416820,43380.805165855796
1416825,39438.82638398447
1416871,27841.13046780794
1416893,46351.917430213616
1416894,53805.75553151878
1416912,55191.81166502414
1416915,45138.54104913921
1416923,46328.69655953549
1416940,46511.338003509394
1416951,38134.73293225093
1416961,34386.80344396259
1416964,39100.17307635961
1416967,35524.341053015254
1416988,48230.29053897494
1417025,57481.38912509894
1417050,58153.01931399251
1417056,51930.280254089026
1417082,57288.18002342331
1417085,53444.33890897081
1417106,60026.873350742375
1417131,41718.26469371239
1417151,60975.343807452424
1417153,57133.01611176599
1417161,41954.79867527741
1417208,41188.63662187645
1417241,49573.70831695897
1417261,54377.43593701321
1417297,43848.82266258408
1417299,46937.16911160939
1417303,46989.05629190869
1417307,46353.5761485962
1417336,68930.45210906892
1417368,66849.07051207371
1417376,63347.17941965365
1417385,44059.311757172014
1417387,45657.15846854426
1417402,46232.70995096585
1417414,46649.60433091442
1417421,44861.00050590439
1417433,43208.31077363318
1417434,84786.00402503028
1417446,67217.7557406981
1417451,69428.67951693661
1417488,63065.60979628307
1417496,46460.145269258486
1417497,42003.8619249584
1417517,66967.15767080597
1417518,43772.53369372279
1417522,53870.6619160546
1417536,76898.66318657418
1417541,62376.71667054448
1417562,43971.72961914448
1417567,59510.71860097328
1417573,56986.6090867147
1417579,71892.34702200256
1417594,61450.91209504983
1417603,80592.30542514396
1417630,87652.21238507764
1417653,47838.02232747982
1417683,40400.89358227384
1417690,60545.377107842425
1417697,95146.5284844779
1417707,44676.9578749506
1417714,45153.72218170889
1417731,77173.32006722498
1417739,48163.449962692335
1417743,42315.96548013904
1417789,41732.42932600074
1417795,91677.6453987016
1417796,53080.45323039916
1417804,70485.07092451179
1417810,56864.07684640924
1417831,49496.453940077445
1417841,50758.46084486431
1417843,74310.60148369904
1417847,65338.05059797443
1417861,76548.87924582587
1417918,58541.39441822142
1417934,70132.3393352283
1417942,61688.05892603733
1417946,83258.81314707155
1417954,85310.21919237648
1417961,96088.07918089002
1417968,65611.61722075386
1417973,68104.4509927235
1417985,87454.96417459236
1417998,100916.67650282568
1418020,52295.95271277237
1418033,59402.560249112365
1418035,47749.4841730927
1418047,49947.05323102076
1418066,81369.83348923796
1418073,54472.26968918036
1418079,103419.1141793796
1418103,82330.97637077962
1418117,71923.139904596
1418151,68783.75219846632
1418158,82622.72670023385
1418160,72464.11954134727
1418205,107999.3864707246
1418211,56555.91966145577
1418244,102583.10024476268
1418263,61744.73563554292
1418271,63551.12360736606
1418311,55472.736136753934
1418320,110070.66162443804
1418340,103898.95422339874
1418381,51737.584289914696
1418383,116322.53635201388
1418388,62980.27136569832
1418391,123265.46497107291
1418400,104335.39895217746
1418440,65154.39158409191
1418447,109465.12552949214
1418481,108811.93677790095
1418483,85237.85798338984
1418510,72364.76157777647
1424167,52554.169558098285
1426551,33500.845465764
1427544,8832.681418505445
1430180,109036.85155196645
1430225,106064.96467591863
1430226,111326.53968177557
1430228,109757.13854594858
1430247,79267.29841246404
1430253,51783.98958113718
1430254,60550.55742453812
1430260,55722.610325791
1430286,60109.36508152701
1430289,52787.39771111798
1430313,48515.01867013762
1430404,52846.651304853556
1430408,55384.77582760901
1430421,56131.22460068079
1430446,83553.72343235539
1430452,57029.3759951244
1430475,54791.76323272829
1430477,53441.4188819721
1430482,57896.95650527105
1430542,68872.39672216117
1430574,69359.84703706286
1430589,63643.173856014604
1430627,55320.785559019874
1430630,95361.92084419631
1430632,65335.797249543204
1430637,60167.32450613028
1430673,62943.52894388862
1430680,65122.05431696306
1430685,59412.900763267025
1430697,56891.92568898054
1430698,55366.50647399662
1430729,67950.43031266776
1430755,68402.66374637152
1430760,53453.19409576496
1430773,71571.16555233144
1430787,58060.80139433781
1430790,61700.87524001594
1430863,71303.7150696078
1430875,89412.13200900027
1430880,64799.75072221885
1430882,55493.16724438428
1430889,73838.40491848771
1430899,62813.278505265494
1430913,59053.41756934301
1430916,68251.89490290277
1430944,62139.67324276356
1430957,81794.72948305837
1431025,69198.92502693366
1431038,83488.01046219753
1431040,67260.09366734915
1431045,68625.72936406745
1431060,69997.9140069031
1431082,70970.63257272073
1431098,60702.09356620305
1431129,70286.25402309692
1431132,68528.8069550833
1431635,74344.97403753675
1431648,60794.21125366105
1431654,68226.50664946092
1431657,79627.75783110739
1431732,61710.49500124611
1431740,60169.19792929807
1431742,68518.31352626838
1431748,70592.04901565562
1431764,61015.09040280458
1431817,76736.09033108164
1431882,70751.38109903803
1431883,58591.023460263226
1431978,69915.6847420127
1432009,73336.51344965663
1432036,52635.84083056882
1432041,61042.88494667287
1432056,72713.80101289976
1432092,83010.59087343428
1432103,81471.93115724446
1432115,70362.56813043673
1432142,72390.5566681499
1432149,69179.8925525994
1432227,57793.57826047134
1432240,80011.89736748402
1432340,79953.28793062581
1432349,84620.03475603368
1432444,84477.10671344327
1432497,78937.06434823544
1432521,71459.38060707983
1432534,77653.75082415191
1432555,79142.62101749869
1432562,83929.47439255529
1432563,79578.25367651436
1432571,61060.24645120962
1432624,89014.78271619583
1432646,85725.73632122166
1432694,82567.24675589928
1432707,92103.47430341602
1432732,74553.40822926414
1432747,92103.47430341602
1432749,83501.80702694677
1432769,66129.19183452825
1433047,50374.59139909765
1433077,95653.3524952853
1433483,61502.6775466977
1433751,81095.62557940214
1433770,56004.44962310186
1433780,40594.780615386066
1433785,92545.814312326
1433790,57915.996006707
1433796,50404.91549005839
1433802,50182.864457912554
1435279,27209.293214166228
1435286,55952.54847093444
1435287,56237.77275243131
1435290,18914.459359718556
1435311,19405.786489068923
1435323,18558.840311461456
1435344,21597.27312697022
1435351,30907.62741781532
1435358,18041.28190889017
1435363,22582.278930323966
1435371,17307.10347962013
1435377,21136.07589402088
1435397,24116.955210646167
1435424,19818.42282356873
1435431,22931.242144270353
1435432,23169.37681283329
1435445,43142.28834184291
1435447,21458.28871015773
1436116,25155.552190248167
1436147,57371.22366629312
1436300,33324.92966898979
1436301,80178.88033761436
1436317,27877.858541152444
1436356,31110.678814248044
1436359,34982.86040836737
1436362,40915.996601075865
1436371,37318.855680425964
1436384,56998.463906398705
1436438,49298.55073868198
1436457,22598.54731676784
1436458,20604.575005248833
1437413,78599.13566355765
1437430,28239.857171535827
1437447,69596.22110279124
1437471,29054.189739579986
1437475,89297.63220802796
1437486,99143.13201590635
1437492,30150.696398588803
1437543,62137.154804381695
1437553,53599.38153767241
1437559,47591.5609988323
1437566,49157.83263609925
1437568,49678.02606426035
1437598,94669.73537053796
1437649,92945.57605272638
1437656,11333.959453625957
1437826,34258.076095252756
1437933,37440.79991542888
1438293,33183.06678209901
1438303,35886.66568100145
1438316,38600.61968092648
1438322,13856.408708657744
1438323,42556.30794208403
1438331,39051.47511493358
1438343,42550.79499211011
1438873,70853.31930449598
1438901,43222.555582863686
1438910,81379.56884906696
1438920,51480.814290548755
1438932,45366.993312880826
1438937,57661.87234709148
1441638,15851.197780201926
1441661,13127.12587151326
1442034,36809.99641757445
1442041,36862.354804495866
1442047,39180.06024956683
1442061,44172.88551827921
1442090,38400.08782892531
1442108,47867.04453561212
1442181,40180.831504692076
1442209,34391.0873627425
1442217,37291.34035796216
1442236,38007.40556321414
1442237,38107.08586099376
1442238,37977.35679937406
1442246,39378.37862058367
1442260,43336.67599440088
1442269,37389.05756645401
1442270,39998.23567674633
1442276,41190.01093261833
1442347,24901.163899518495
1442353,35037.32991896728
1442384,64585.86517692532
1442415,48954.11416112157
1442434,47295.53068285279
1442846,96964.7418859197
1442989,64010.547407824044
1443650,8260.350618332612
1443652,10015.954811215108
1444893,10258.45442119139
1444898,12032.424639040148
1444939,12593.701763948648
1444945,15325.600828255876
1444953,12813.323470444791
1444956,14124.988000376441
1444961,15350.23252194807
1445008,12280.511073269096
1445010,15759.587036506959
1445021,16079.081023387533
1445047,13620.616303109184
1445069,12412.322418299405
1445074,11136.635747804441
1445097,11417.380310735334
1445103,14796.265481845425
1445126,16478.174084712453
1445155,16325.307939554848
1445165,16630.088198400037
1445191,33815.976271366766
1445202,41793.393509007925
1445231,38543.68103740762
1445236,35429.16739504501
1445241,30313.036403399954
1445265,38294.60080540839
1445289,36886.77109459562
1445314,40881.71809578889
1445319,36030.600797491024
1445325,39770.972898794156
1445350,32089.626566257295
1445378,43248.117357453324
1445403,40077.62824434592
1445408,40140.10874225829
1445428,35362.4438805765
1445429,32797.34858736105
1445430,26375.730230056874
1445448,40182.54073475058
1445455,32213.41238265246
1445475,39264.855004727724
1445499,40049.93783041013
1445501,31657.08171168122
1445516,26589.954580455567
1445529,35517.67776756251
1445530,37812.84607536241
1445532,39967.65678052848
1445537,36494.2311552028
1445545,38117.981447945895
1445547,44065.58644489874
1445563,41545.08733058625
1445577,29126.31726704688
1445585,37110.78836405269
1445598,27395.568761769046
1445609,30946.52244797998
1445638,33817.01572069642
1445648,29584.212818484266
1445652,32539.49306044017
1445663,43729.92145501009
1445676,32298.578838135785
1445746,36055.3386922863
1445781,47756.50969719408
1445805,43504.437678080125
1445835,44512.757684469325
1445840,44494.638925843385
1445872,44025.34052714636
1445874,42356.58900301864
1445894,33440.22703116009
1445898,46902.222857615896
1445910,29200.59292906155
1445949,38933.21319286243
1445953,53173.044394169905
1445966,41980.44136550381
1445974,44891.27508415704
1445997,43842.828170646026
1446094,34386.53128796035
1446149,52022.42315362668
1446158,51679.12143484015
1446170,42354.765980607786
1446171,43611.40675716847
1446183,36176.48294047774
1446188,44210.4300910631
1446189,57131.53343976426
1446220,35891.05544594452
1446270,42925.37841902922
1446279,37676.120403497036
1446287,69781.98514051757
1446288,57905.03889534815
1446304,52375.680608281575
1446309,60484.783610721955
1446313,59698.02580876274
1446321,58046.874418607884
1446322,60431.7707531075
1446361,40929.17671435153
1446395,56291.42415457413
1446405,41067.737825105534
1446412,65597.03839035
1446416,64445.314447882614
1446436,39434.62856481279
1446444,59965.94586896424
1446465,41307.49156099338
1446480,60531.96671846567
1446481,42716.1603929688
1446486,52866.69041974822
1446490,60456.018272114925
1446493,52475.76249300851
1446498,33719.82192624704
1446518,43064.83996002056
1446551,65122.91238680648
1446562,40365.412889563995
1446573,67111.09784670075
1446583,66697.57054420828
1446617,65810.3894848149
1446622,40149.46820921801
1446639,46198.11393299748
1446640,50587.80170597179
1446677,65665.65429195018
1446691,66390.46214265423
1446694,58168.51475854694
1446701,55684.79412828824
1446721,49977.97911839582
1446722,72917.22686195349
1446725,68433.29189791363
1446745,62165.5725152914
1446756,42977.26912099582
1446773,42178.45774658926
1446799,37427.56132144142
1446843,52741.51757751047
1446854,55170.78274039573
1446855,54138.27201317325
1446857,57845.88238995616
1446890,55241.2949051871
1446896,60693.79811766352
1446897,65273.87921062596
1446910,36852.238307889354
1446922,39566.746156585185
1446936,55651.87030486294
1446938,77465.22073753233
1446957,65328.37963786384
1446961,42827.1213462437
1446973,65831.07333914044
1446982,52756.708185665106
1446990,63876.11348347742
1446994,45242.7551231869
1447007,51765.53381605297
1447016,68270.27848679446
1447052,67126.31278551591
1447064,62486.876727306866
1447086,63175.38922516381
1447104,59063.15397544691
1447111,73276.07028491251
1447118,45483.74084293839
1447126,45799.13704946803
1447135,64586.5390229344
1447138,64838.23940325311
1447144,62652.24141352131
1447164,71087.13237749132
1447181,51553.407386529994
1447190,61107.3456289452
1447207,43642.8308540655
1447226,44502.73366739914
1447239,47554.191883900545
1447242,70315.95710387008
1447246,71144.76940559373
1447253,42026.7483444369
1447258,49680.49823100478
1447268,73064.166333652
1447316,50634.25724833319
1447318,43748.81019037561
1447322,56002.08138805366
1447326,67012.78854296828
1447331,40864.90154341969
1447339,47554.191883900545
1447369,49595.51978384148
1447396,61424.6504716555
1447424,71698.57546633201
1447444,63291.6398504601
1447480,48903.35910832884
1447482,76351.28373686555
1447491,84578.55786735282
1447505,108648.55722476385
1447512,63077.25852564647
1447530,95362.08367655953
1447534,34206.95980713664
1447561,85567.12580626062
1447588,79170.64181504922
1447617,57940.913309404285
1447624,48827.140409574524
1447640,48213.989290789075
1447649,79484.0217421288
1447671,77445.50466503175
1447721,109850.53214001827
1447736,65442.683484498906
1447742,86615.81574053603
1447760,50429.57665165434
1447790,52145.73350622626
1447801,58022.07740796535
1447809,61478.60891699122
1447841,45778.354765793854
1447885,54289.87235894983
1447892,54699.84340480635
1447896,49392.032381359546
1447903,64534.04973777692
1447916,49159.47393466058
1447922,81286.76847488791
1447929,77020.5215922418
1447933,100047.00729131719
1447989,47194.668569296744
1447992,87881.4647552357
1447998,44319.29325723976
1448013,71617.57240490454
1448038,88078.5818241534
1448039,84113.9097578512
1448049,50912.84299379063
1448067,47585.95887387163
1448083,101977.24845227903
1448111,80387.43651808625
1448140,50233.48266235245
1448148,59476.19069173938
1448157,70979.06904871592
1448165,83457.0625381588
1448203,54595.02367015822
1448214,51267.52327835752
1448227,72077.19159346276
1448239,63359.01715007991
1448278,103783.88657084222
1448325,77496.48793677971
1448342,89987.78104313192
1448344,64778.17917535799
1448397,69952.72983218565
1448402,94017.85848685037
1448403,79532.00411867343
1448405,59159.11898587904
1448437,87207.76296577754
1448438,64929.53259446519
1448476,110085.6831215049
1448481,101978.84231307753
1448534,68303.32919317328
1448611,65665.02521497554
1448652,60249.94219524995
1448656,53836.658692403435
1448664,62412.89201502525
1448669,79813.44412983874
1448682,97343.4607464511
1448693,66067.40988599628
1448694,119843.85505733732
1448701,57673.52275689142
1448743,58134.45252567252
1448750,70201.47033237628
1448764,66276.29414881209
1448773,62503.367914169896
1448791,65705.85421967549
1448798,73138.26827208577
1448800,60425.834345240335
1448848,105451.27146398136
1448875,62319.15244540971
1448900,129239.42032014755
1448903,78422.3505734139
1448908,74512.8620744652
1448916,65916.9362564683
1448972,69259.7843639284
1448973,62475.386422364274
1448982,69754.10605425449
1448989,61017.70429374453
1449001,76589.79420452038
1449028,73602.55899059893
1449032,72950.2566905154
1449104,123671.84572954437
1449121,54597.722412956806
1449154,91130.3472019159
1449168,87195.16937191281
1449189,92034.31127264934
1449202,69884.90284782847
1449263,62389.85059971679
1449276,54734.94911894302
1449587,14350.186774233769
1449602,11047.179787280074
1449613,11308.92976560214
1449693,11799.703236025192
1449743,10050.161043044147
1449761,14540.777394527768
1449765,10846.359114343773
1449813,12509.991225238571
1449830,19974.636345220704
1449841,10844.228438557753
1449843,12425.175119731455
1449849,18861.060366334386
1449858,11491.533898833197
1449863,12616.744437213047
1449867,13836.235971651695
1449881,14884.520818459096
1449911,11329.304524934587
1449912,13144.445290634565
1449933,11491.533898833197
1449971,11123.913601683282
1450159,31146.060189754848
1450186,30514.23309207781
1450189,35664.82045802285
1450205,20077.889221440106
1450207,30096.95145862424
1450208,31561.969449672204
1450244,27706.86946045466
1450261,24109.351400063963
1450283,28574.840724062185
1450303,32441.900250119274
1450309,25790.539996882606
1450317,35015.70794806889
1450346,30260.443355301784
1450382,37297.781451079165
1450384,33175.35228645977
1452189,29392.342839934543
1452226,25100.747584737146
1452847,21896.4223469563
1453703,36986.47081603879
1456118,31668.966095903914
1457095,32307.53464342623
1457555,31957.18312720554
1457831,46359.09947934533
1462705,52517.87572436442
1462711,96296.31169848419
1462755,37466.55468250804
1462764,47875.944266807564
1462775,96455.64315232183
1462806,47667.920515266655
1462828,70664.62287297379
1462961,64249.49102520496
1462999,51043.66718085302
1463035,20195.974919855336
1463046,31153.39725746129
1463063,13430.151875850279
1463069,48245.810965065684
1463071,19052.08030328577
1463091,48208.310530914874
1463093,17495.63844212405
1463108,17560.892455108293
1463117,57697.71499178751
1463124,65564.31173854036
1463150,81446.76934398647
1463185,18797.0951050657
1463188,18815.5681801719
1463193,20416.658513776907
1463204,14412.277929585558
1463209,17329.75207853839
1463218,49348.31464537425
1463220,18672.387588165875
1463227,38108.70697268972
1463241,19282.265298918628
1463249,66444.33462633679
1463252,18368.611231735333
1463260,20910.10668011808
1463265,44483.433868926535
1463276,37396.76377310465
1463306,25173.846296926946
1463370,44449.53854080754
1464154,35800.51190913129
1464827,41610.764277606344
1465266,17578.75295346796
1465762,26010.764013688375
1465763,30014.77547132817
1466266,59206.05154184965
1466295,76848.4631291813
1466298,48285.99479028834
1466322,54776.92070229672
1466330,52665.87258401431
1466439,32210.297130278064
1466678,83853.01658009819
1466722,61200.05202947165
1466790,54951.482032290245
1466797,51919.432374194585
1466808,52189.43564923075
1466835,62162.66385329127
1466839,85348.55680637957
1466847,48000.69166363049
1466918,47235.7273933402
1466970,24291.53557221985
1467019,49626.23468415009
1467052,52373.6562382655
1467100,85889.99808153187
1467129,59522.609777835176
1467481,23112.951144690844
1467487,18239.24727849455
1467497,33101.248698986354
1467503,31509.664565208266
1467507,33672.05188917966
1467552,18372.04860035087
1467578,33732.87944114136
1467609,18464.038129755278
1467619,36103.06282929754
1467621,37434.6926244535
1467634,20243.390078946744
1467677,17720.4956115605
1467684,17787.273080415383
1467696,19379.749637141
1467724,26163.27619136309
1467726,32298.079110044608
1467741,22312.096110142076
1467786,21822.5291160587
1467793,17669.225967264418
1467794,19042.27434783009
1467808,22638.120517630887
1467810,24158.38800771213
1467818,26896.237221586704
1467849,14654.864724929766
1467851,30490.027488759883
1467855,20663.36698517787
1467867,20265.674157459318
1467870,22273.812694607663
1467880,26005.73583768191
1467904,24259.79447836974
1467916,19349.378452322657
1467936,18409.508858966008
1467971,21832.008080360407
1468004,19059.12192321435
1468010,22534.737844464024
1468011,22573.310557966288
1468015,30529.02035487277
1468023,17148.702857864606
1468043,38951.29420326325
1468047,21193.081507907813
1468050,13414.707190060351
1468087,22387.802837139512
1468107,21665.15438071613
1468114,31162.799469517453
1468117,23850.710633547867
1468124,44471.32960217529
1468132,18990.77180343363
1468136,16598.398193781704
1468156,21233.213791538896
1468170,22935.414507653662
1468171,16854.33244906205
1468181,20286.60645024603
1468215,33269.155381013974
1468220,19338.695622694424
1468265,22071.277138860736
1468273,21079.795492802456
1468278,21024.875549598713
1468290,32180.43332224454
1468303,19516.108805623524
1468339,20726.84068449075
1468342,23648.83134927741
1468344,20410.146131346166
1468348,18352.314171730774
1468379,36624.30081462014
1468380,36624.30081462014
1468391,19766.18602761053
1468403,20353.640189006015
1468411,19766.18602761053
1468429,24477.376960238045
1468435,27459.05629100702
1468436,34165.46827066617
1468437,30404.94698640723
1468449,21407.270336759073
1468469,28054.601628809076
1468472,22160.235596190178
1468488,17651.2221439581
1468492,21030.567765026135
1468530,25319.129077162415
1468544,18291.786010724907
1468567,19286.358032803197
1468579,39844.11829948935
1468586,17770.07967829898
1468605,26895.078717473134
1468609,18267.229300055318
1468618,22279.711529241526
1468619,23701.27507274664
1468621,23551.046329142184
1468624,18043.134570609163
1468651,20420.65520339285
1468652,22392.090515219596
1468682,19805.941214261737
1469585,40847.608508017416
1470006,58578.74380088341
1470019,50871.43654620917
1470066,20289.924096058083
1470074,42235.239368443494
1470079,44311.3100801992
1470092,86445.35144094465
1470113,97244.24786616565
1470123,23011.265074370513
1470137,19552.10255027513
1470143,18679.01006642313
1470159,24244.633197869927
1470168,85767.42756474073
1470178,22162.054992858702
1470188,26212.834674439648
1470206,43062.70501347359
1470219,84609.58970206924
1470223,25086.164981544927
1470239,12878.856616185396
1470261,89501.60715964856
1470552,64152.051571707016
1470582,78011.87654707191
1470862,41602.36487184515
1470947,38957.59616711954
1473040,24994.74630836668
1473216,27939.033191091457
1473303,24479.948127872205
1473350,10557.844188344465
1474594,10356.298324937297
1476704,22479.704146171985
1476806,34672.97198128507
1476819,32623.242570821825
1476853,37512.903309314504
1476887,34359.518111117504
1476991,43594.42638296957
1477010,36443.200797361314
1477043,36577.8365638876
1477072,34046.431751229095
1477097,39287.92813372486
1477338,30298.95018405671
1477373,25585.679090871352
1478135,38763.06456544757
1481908,30160.3798051135
1481933,29869.945994785685
1481962,27035.89685820857
1481963,29645.569442379026
1481973,27805.696577052244
1481985,30865.095797478687
1482012,31794.39875093335
1482019,33359.64010217511
1482036,32803.53505361945
1482037,27655.589941534687
1482044,22851.026790798664
1482068,30834.061753599362
1482077,29641.37216391167
1482078,29133.048517813342
1482093,21387.74619176262
1482105,26209.69696577987
1482107,30945.347701829807
1482162,24788.341592554803
1482171,25331.577020984405
1482172,32291.22775276529
1482184,32804.812781332585
1482190,26149.42188143826
1482192,26453.328045185775
1482219,28925.46342187739
1482222,26936.103780202546
1482230,33711.09503519174
1482232,21555.868795035472
1482233,28081.019589412837
1482249,29133.160900407023
1482253,33000.20429216255
1482270,30332.953309917986
1482285,29936.250574938866
1482300,23922.32475200381
1482316,28880.89536392688
1482318,32120.938804409037
1482347,37207.641525544954
1482360,30396.46334774917
1482380,28958.86536278687
1482418,23514.585900344395
1482421,30591.855792199003
1482438,30421.947167019494
1482486,34832.306033912755
1482512,27923.0915389575
1482550,31025.091757855873
1482573,24670.935127404246
1482590,37198.68647299252
1482623,43016.904217059055
1482624,43285.06686802707
1482626,36688.482679055174
1482723,33353.86536430532
1482767,46630.48452591613
1482770,26439.544795353348
1482793,42896.5817203557
1482816,37489.08802970316
1482822,34030.93391401881
1482825,29251.19138168679
1482829,43432.46008891841
1482849,48580.06518679194
1482879,33335.16467732681
1482892,45376.2681840104
1482912,44091.28207647246
1482920,48301.111838780474
1482923,60463.91497200328
1482965,53333.65386152684
1482973,46093.71154354575
1482992,39922.8273268739
1483039,35694.286997487834
1483042,61070.422113720066
1483051,42833.62617362319
1483059,34473.3238891838
1483077,37192.60147841736
1483095,40494.06192761423
1483124,79433.37953910195
1483125,38723.931030168416
1483444,13139.315101768447
1483455,10833.267395050487
1483456,10507.038010113403
1483459,13312.011477794424
1483495,9817.77163265861
1483500,11403.628720001845
1483502,13586.384690264837
1483514,11849.077769856003
1483532,10318.396651072268
1483559,11810.67056575544
1483570,12087.380626278788
1483591,9541.689759759218
1483594,12566.619437114397
1483646,15094.709478153196
1483647,16290.274710993237
1483652,14956.622619421982
1483665,12545.822438906194
1483675,11154.796490949882
1483691,13677.624099195953
1483693,15324.134963159957
1483739,15437.355013843277
1483755,14315.837971881447
1483807,17455.687438965084
1483813,17451.917542889176
1483859,18631.892408921653
1483882,17508.928538912205
1483900,10970.059768613435
1483951,11003.793739089557
1483952,11071.016266110977
1483955,10808.563927302323
1483971,11030.994366590228
1483976,10397.889946058758
1485429,82986.56435399293
1486053,87459.26923543919
1486071,73645.40384169665
1486710,42702.88137647175
1487126,28612.085564671914
1487983,58241.27251188746
1487989,52090.08857581873
1488000,42683.40049049413
1488001,50297.7492566919
1488004,26619.932834574673
1488027,79488.88475610514
1488034,78881.5228520669
1488037,78936.43231561844
1488038,51448.87766867242
1488041,49113.93343233333
1488076,49880.087515259656
1488114,89789.63944373865
1488124,68933.75167121153
1488131,65870.15234072061
1488132,51251.4025259544
1488158,70361.50397881411
1488192,84468.26918222022
1488198,44265.36914238658
1488199,49718.15023600296
1488209,50992.911933986485
1488213,93176.3016975494
1488249,52061.09113532419
1488267,31109.213974012197
1488298,61461.77639254816
1488299,49914.86333106378
1488313,48137.55908551658
1488323,55593.83611599404
1488547,31338.692272106204
1488553,41513.541734310806
1488558,32831.00341648323
1488586,54175.179148399075
1488635,76722.49618243545
1488655,51923.858510742604
1488664,55886.68455065339
1488665,48782.23100039988
1488676,71315.86475686828
1488678,69161.11697007008
1488684,48972.45739202796
1488685,48709.17193120086
1488694,46122.56253776708
1488699,52892.916313323374
1488717,58429.82721819605
1488730,76887.64805811601
1488789,34368.95521064932
1488800,32116.335658811488
1488803,36049.81039644491
1488831,48376.15590303882
1488841,36716.17681308552
1488847,34463.81895856765
1488851,35528.99513724467
1488853,36978.12526839133
1488854,53816.50426634711
1488856,34874.07806261854
1488883,32858.231729009465
1488907,36190.65969925654
1488927,60977.73626514804
1488933,37669.37225311712
1488936,37337.65315781215
1488940,35058.932357839236
1488974,44110.90013015309
1488982,44363.78231100437
1489073,72349.23337123923
1489121,72171.96914897641
1489176,84063.53773831646
1489235,48401.25574943354
1489257,42120.63841329138
1489266,39697.32757319449
1489267,40171.09323252898
1489268,39585.9227183363
1489271,40269.23968002974
1489277,40208.24175270439
1489318,56106.20778509366
1489351,43428.451813001506
1489377,44330.5598608752
1489394,48024.700756794686
1489439,61642.245861436015
1489446,40579.7002259976
1489494,42254.96929438615
1489499,40465.50862395894
1489502,50680.80137145989
1489514,42573.646308731244
1489523,63656.359879919415
1489525,98688.45789868702
1490472,20444.179477393354
1490480,16765.455707604764
1490484,20549.638190075082
1490485,21822.479222571717
1490491,18716.096597864787
1490495,22199.877679966132
1490499,16773.614318216332
1490540,44343.36239157567
1490558,47163.8876145891
1490560,104798.64356182197
1490567,104100.78184816687
1490572,104798.64356182197
1490600,122492.42398943278
1490695,85543.96733152629
1490722,62111.54118618991
1490727,48740.375910692484
1490731,82604.5718210083
1490759,45322.51924739473
1490775,47419.972092410055
1490790,47155.58167924611
1490801,40216.47295616253
1490875,38029.36007742327
1490900,64346.552687041534
1490970,38028.462720150754
1490982,78842.50624541451
1490992,37612.244256467835
1490993,44714.03538607762
1491019,74847.00276133609
1491060,50089.084697016515
1491071,47583.166181326655
1492484,50893.78688123534
1492747,74279.75479099971
1492777,68908.24574269717
1493822,40910.11938873857
1494051,36144.00083861777
1494077,37074.74756181835
1494089,41417.183290041794
1494092,39020.3029055776
1494100,87510.17837648526
1494146,89617.26143847781
1494150,59668.99835056718
1494157,87509.32402078055
1494204,57103.03274296449
1494222,46567.880521222854
1494265,40145.533694643855
1494285,38788.76171254292
1494311,28925.45047448442
1494398,38659.84313437257
1494433,65898.18903161651
1494656,14831.362926899395
1494737,34458.08529056736
1494997,25362.130221876414
1495709,29775.261314115836
1496065,18956.309814275337
1497470,43912.503458658204
1497506,80496.1622606835
1497586,54241.766326459736
1497622,93631.64370729486
1497647,52208.75205561176
1497648,92144.93735943668
1497652,66978.60869614907
1497655,65243.26836391057
1497710,33819.626193827906
1497759,47442.41197216462
1497761,47414.50894876398
1497809,53173.073636105
1497815,60497.177107713906
1497820,45771.030252785655
1497843,80086.87525748656
1497859,73144.13630217414
1497875,66069.54488638027
1497901,50634.53742156776
1497952,52909.266144132416
1497985,66062.73050394187
1497999,55651.684488150175
1498020,45470.71603951289
1498046,60618.138494386025
1498054,72054.95826434118
1498066,56203.827679198424
1498086,50034.72180736495
1498109,74112.76245032017
1498150,61494.63445147703
1498174,91342.65499358888
1498218,61866.421058134925
1498237,68470.33606537055
1498252,45379.88955847568
1498524,76446.93459481571
1498574,73926.80205602794
1499490,66198.2149275189
1501277,13487.223134557626
1502071,41070.184986204695
1504745,38270.235685075626
1506001,48327.67825435373
1507226,59340.04536528482
1507303,34444.090959195695
1507304,33368.54863243616
1507341,44993.483482013755
1507344,33077.15440584801
1507366,27885.190241835022
1507373,34619.985125091756
1507403,37548.95357025806
1507420,35137.81456913036
1507441,58685.854187952886
1507449,40270.66094483821
1507451,41566.35747605871
1507467,32267.667223916353
1507482,41486.70434720795
1507514,45827.091518181514
1507528,51888.77847558223
1507550,38759.65595118113
1507600,50048.32035729482
1507628,55250.30521892527
1507631,63431.844225275156
1507635,57293.502596695005
1507642,42789.38845390315
1507653,31816.663437030948
1507678,61281.62169090224
1507728,62984.56294887791
1507740,68477.59818403053
1507749,70289.36866725763
1507750,46057.32019573286
1507761,51068.794744466606
1507788,71338.4116164702
1507793,109468.76485105653
1507807,63985.93751963194
1507810,80705.13564780564
1507825,74676.47653643624
1507857,78391.15096109564
1507865,108908.88953056542
1507902,93225.32520166878
1508955,29480.813284240012
1509432,50263.01826108985
1510507,65221.55734370068
1511590,9701.584989436795
1511608,11384.705673421257
1511638,11077.985339320054
1511648,10059.403522478546
1511653,10459.596424886257
1511703,10386.600951114968
1512627,35609.13789721419
1512633,36143.62465491591
1512634,33881.188793824054
1512635,41767.821620304654
1512639,32985.73349504783
1512650,31145.980866994887
1512651,35711.08246198394
1512678,34738.03821686577
1512698,40071.58122772843
1512701,49645.275919022446
1512767,32250.274907014616
1512768,32472.233465139325
1512773,36462.19135295026
1512792,40338.442124745685
1512802,40790.78649046863
1512823,39988.910578383366
1512875,46824.86370529351
1512879,36317.45664620783
1512932,42333.67483849516
1512945,40959.799798038846
1512954,37696.87412688291
1512972,47598.503250730384
1512975,36380.7939955339
1512980,39203.64892506576
1512998,41544.56298161663
1513031,39359.89519099647
1513051,46967.25343874937
1513065,45215.63551068827
1513088,47454.47041770922
1513089,53621.11958454389
1513096,43049.0453284412
1513112,56084.399149948134
1513116,32027.67949600772
1513126,46650.00845135879
1513130,35778.70056321681
1513154,64195.85258957187
1513185,53788.95502688575
1513252,45972.76936223812
1513263,49819.01862517954
1513308,42578.52315617536
1513335,51330.03777481025
1513359,45103.511231537756
1513366,39482.76959049585
1513382,52028.09971302509
1513406,46697.61267730934
1513409,52948.03984539001
1513415,41812.74349523864
1513437,54360.16076668705
1513444,53416.22047224961
1513464,34742.25650922981
1513515,39347.644723567435
1513533,49627.10087907254
1513555,66429.60136593114
1513578,38510.47552534062
1513603,66417.23568125711
1513609,63841.312995874636
1513614,50114.03886081747
1513636,54652.074568677985
1513641,54133.568712198845
1513649,62845.039094686705
1513652,61207.04835579776
1513658,67554.94093282265
1513667,87363.83114567364
1513684,54582.064076824114
1513689,63808.62171141515
1513697,54944.249305535624
1513704,57349.41204106575
1513729,93412.46075066386
1513734,73368.37564887776
1513738,58935.48233924047
1513740,65191.715889381965
1513743,72843.52909360289
1513778,52486.156500246405
1513793,60228.41867129068
1513807,72006.99145036533
1513809,110893.27356272293
1513842,52952.053028530085
1513848,81395.55358865175
1514024,69100.21621396129
1514026,87864.58005510717
1514028,83513.78176367265
1514029,106310.21724290418
1514058,50819.05596192672
1514081,78058.35510156599
1514083,124862.43394091952
1514091,93000.14324757317
1514099,70113.07641215323
1514123,98724.87243503367
1514238,119515.49841007896
1514245,74153.28164521624
1514261,85967.19020100073
1514296,94643.65679966613
1514310,91009.56887591197
1514319,96930.56252000066
1514332,83070.16594152761
1514642,11940.805675975558
1514654,11535.306435424161
1514670,10124.021331287264
1514676,10591.032425586498
1514871,9461.36118919013
1514924,10549.454615427
1514961,10710.43803258628
1514965,10289.836155399396
1514979,12244.79269433195
1515001,9793.020217284471
1515026,11141.579971298435
1515036,10702.933569747765
1515046,10026.259791707831
1515048,12160.673126942387
1515062,10045.346243687007
1515084,11090.919664574029
1515095,12842.4850858714
1515112,11740.18455469426
1515170,9414.953881348123
1515180,8850.800176687044
1515198,10621.08077696958
1515205,11290.778906160556
1515224,10809.732073050227
1515245,11526.00789104335
1515260,10269.731429511432
1515274,9813.180712660487
1515280,9898.805840660869
1515281,9475.641237882648
1515300,11976.490605962068
1515318,9934.80983246657
1515371,9143.625373116682
1515389,9110.494105691665
1516011,11073.4592914977
1516030,12028.607790790602
1516099,12532.589074495769
1516105,11449.767750386933
1516106,11693.65013568366
1516111,13312.96936450016
1517099,78064.38383352169
1518855,74657.00127173014
1519171,34174.561114905206
1519243,15847.842092155728
1519695,34284.16752031037
1519776,70937.14281476765
1519785,80447.84493677603
1519787,69582.91734980849
1519839,55449.55985573764
1519867,52613.24367634669
1520128,18662.921197231895
1520560,84054.96059172468
1520566,112462.33574885348
1520569,87281.14468534879
1520805,34216.263033319694
1520938,44949.53713145327
1520942,45405.12941875705
1520967,43714.44030971953
1520994,64225.14018091852
1521699,42145.7429953863
1521707,26443.703533212185
1521709,38195.43981793533
1521724,35691.60074091069
1521725,50498.093325093665
1521730,50066.057387022614
1521734,42268.31371198504
1521753,92558.57699124186
1521821,19632.509220926593
1521828,16664.91875465129
1521837,22811.817755820844
1521842,19380.946487255977
1521844,18865.118794681086
1521849,21003.98590781701
1521895,17105.425956611518
1521898,18011.112438353193
1521929,31071.70647546408
1521938,22433.177869604002
1521973,15559.324381510072
1521991,17410.661828310447
1522000,29776.241345991686
1522015,30835.11142051427
1522034,18309.25896296403
1522042,30686.63952960713
1522056,15558.42294334566
1522065,17357.10235973848
1522077,22839.584509669156
1522081,18607.705245870646
1522086,30921.26973449148
1522095,18709.985295679104
1522099,18201.385568093177
1522104,25659.95506763053
1522109,18104.531960934717
1522115,16939.89849836008
1522118,18672.285685864153
1522120,31361.58956305552
1522145,21788.89226212491
1522154,23435.570769074715
1522165,18495.564696940695
1522175,26895.103824136397
1522178,22502.426577090824
1522181,20194.159570208896
1522189,36498.53498429812
1522190,19371.18814941718
1522191,20226.65618498115
1522209,21316.738167209456
1522214,18643.101435841745
1522217,21248.80240360669
1522232,19779.209003237036
1522237,22025.763245129834
1522245,17957.93347160502
1522254,17634.64545190221
1522275,21013.01977420482
1522284,23435.570769074715
1522294,29027.788127631527
1522295,19472.271012598118
1522339,20747.322767944337
1522346,18965.215712354693
1522351,22041.36163105122
1522356,17995.785783246185
1522383,23934.273016876745
1522384,20738.077295351628
1522385,17874.188361614913
1522390,22225.060499531224
1522399,24188.8437042409
1522405,20408.755876116775
1522421,19146.995635719464
1522435,28662.39898307578
1522440,16584.613540881095
1522449,19083.859886893195
1522485,22158.369634736806
1522488,33156.85998099315
1522515,17338.29649116876
1522531,27698.735135115698
1522536,19036.08113584265
1522545,18306.489792720706
1522735,36115.895796960365
1522757,40496.686571374186
1522771,22194.607089303277
1522788,31920.68808572191
1522810,35603.77366637472
1522856,34528.13538000044
1522888,50856.53772052021
1522903,61424.80258028296
1522956,43836.28327191209
1522989,42707.58455360785
1522999,42920.032862200016
1523004,50400.87026915307
1523006,39136.30544554445
1523019,32548.23434145657
1523047,37903.34542957158
1523050,33900.63805684247
1523064,61631.815092411875
1523066,37426.3996167648
1523094,38305.947960817975
1523098,40504.97048124849
1523108,36258.478044553165
1523110,46447.41334681277
1523153,62270.02059908307
1523180,43931.136465590156
1523183,45499.535120494744
1523189,50867.70566488224
1523190,53623.89252787347
1523191,45442.507821079525
1523197,52109.1398941752
1523215,41242.01317749731
1523223,43431.57863308114
1523225,47041.67953354836
1523229,41247.19576211106
1523408,56293.60599100305
1523420,55319.076449038315
1523438,107264.0243334408
1523446,57830.41992779098
1523463,65551.30893928977
1523526,64993.328424940664
1523545,68162.30067288056
1523546,50597.79163294666
1523555,102005.54160453929
1523625,115084.30881283143
1523638,113734.91122645311
1523658,61689.200315401555
1523676,62500.88132326844
1523709,34371.94786776772
1523722,60451.452962343654
1523725,52257.78381474086
1523730,71197.2623713868
1523732,65832.62435404665
1523757,59430.809099533915
1523764,36986.91258109572
1523765,38134.82955981524
1523766,38134.82955981524
1523782,55505.002560933965
1523785,86171.14069733532
1523795,38741.48201411804
1523796,38337.99204149517
1523802,39113.419875306994
1523809,58501.1360695239
1523832,45235.33008659811
1523849,47427.63991510827
1523890,74376.50045034457
1523892,33174.914250126065
1523899,61824.83554598557
1523974,50619.651657695846
1523975,36608.04714602234
1523982,38818.35786674759
1524027,100019.53408778518
1524078,42281.64494906353
1524084,44851.95294211561
1524095,44724.94176083005
1524138,77645.66130071203
1524145,37024.85646046944
1524161,36857.29644969199
1524167,34930.51780596456
1524198,42969.14021209458
1524220,34382.87297761754
1524235,39898.7216950995
1524244,44242.86266616051
1524254,58900.54036333791
1524265,94890.52353768729
1524269,35091.904071894256
1524279,25827.263861078587
1524292,38687.37967015382
1524298,40941.450605405145
1524302,36374.134524390385
1524397,58750.12774923589
1524423,48932.38320029869
1524427,44099.72402066022
1524451,41395.095386647314
1524483,49039.28444145075
1524493,43313.16019844414
1524508,46543.41541186256
1524509,38738.846713694584
1524513,60635.23958682416
1524545,37373.40186370113
1524601,39201.34787525247
1524674,44439.87746788194
1524687,45747.28032023163
1524691,46908.69808443435
1524732,40541.773511275715
1524760,92190.52095608322
1524814,50765.812755820465
1524818,44696.61345525773
1524829,73607.77341434848
1524846,55799.67508828123
1524852,41628.37963325107
1524861,30752.98914139734
1524874,69005.15296551673
1524875,70020.49915301711
1524880,43054.42162247827
1524922,53771.51430299673
1524929,48676.13035184119
1524941,28307.172613559327
1524961,62477.45706634933
1524965,42781.52296465054
1525015,64378.07854972989
1525017,77561.51972211912
1525021,67997.26337687459
1525031,71081.96872583085
1525046,52675.088546492145
1525690,85306.95840228819
1526058,73766.52381433878
1526067,22337.30195696494
1526105,19664.050457999547
1526109,71650.11609444703
1526164,23821.065169729423
1526178,44691.63551675304
1526187,51741.99453932948
1526286,26047.10168021035
1526293,68960.02799430245
1526296,43899.98420620387
1526297,41566.416444335875
1526310,61035.52130956759
1526312,60292.71678997344
1526941,68568.08642720638
1527041,36332.09217041187
1527057,33903.63722943401
1527074,37306.29470936551
1527080,48403.34086964499
1527300,46435.99896664228
1527312,79276.38633493135
1527321,57786.43398623254
1527340,48152.65576984595
1527354,99499.61416002667
1527359,40495.25164269812
1527366,87487.41901555337
1527383,65090.638745583645
1527388,36785.83705674123
1527427,37697.506759611766
1527431,46337.289078505506
1527436,42497.57701940472
1527441,43580.3306111916
1527442,41938.016781140854
1527457,42147.63821964008
1527463,81684.17037017012
1527507,60610.110293313395
1527586,77010.06907420888
1527588,87153.79376980451
1527598,51574.87761295239
1527600,36913.50165001788
1527645,42369.814434337415
1527671,38326.00851717006
1527681,73713.2387627367
1527684,42138.074164856735
1527693,42857.347971508716
1527709,51276.66408952009
1527716,38048.273757411785
1527718,46726.40071053007
1529749,48789.029357703585
1529755,65903.50119863573
1529774,65833.77118586375
1529811,27549.769946440203
1529820,44135.476774492985
1529841,29647.45296625032
1529846,60939.9533169802
1529857,29262.654812530243
1529956,90371.1988430552
1529958,95441.99993689136
1529993,112767.10713109793
1529995,91496.11273143315
1530003,88904.08848316122
1530045,111022.51155314087
1530056,121495.11235720404
1530074,117514.71879395675
1530095,126339.21019293349
1530107,98058.57184595815
1530345,86082.14671095613
1530360,26641.75306038778
1531263,26131.778298895293
1531270,42696.09898585157
1531312,18978.775468744425
1531323,37074.82131772526
1531347,36363.47283852253
1531426,20768.78423004748
1531444,63487.817939326305
1531470,13842.532761093838
1531473,14864.792232744076
1531487,36824.7791632659
1531488,36011.82656286681
1531510,44113.37051395273
1531514,36503.84105799476
1531526,13728.148832923524
1531971,64222.15848076561
1532001,79730.86576371692
1532063,67478.08370936167
1532068,61468.06679888394
1532095,67375.69040661701
1532146,66917.56008095629
1532167,63306.256048427276
1532236,69313.56605914116
1532325,79360.23141143643
1532361,65803.3186932624
1532692,23168.10234407009
1532854,39195.202522435
1532911,39157.78575276027
1533226,18352.760557110247
1533589,86464.1644932781
1533836,114574.80699977456
1534267,39174.700917412774
1534419,77712.09064020206
1534619,125231.29253122673
1534741,108980.51508763948
1534808,27672.454879814803
1534821,26563.536064563406
1534835,34415.170438387344
1536214,70732.97616162484
1537137,72213.3944443115
1537142,82223.53576548667
1537144,85870.7278598797
1537155,81939.87738330325
1537157,76913.60272939024
1537166,67827.36963618053
1537184,73870.72298349066
1537196,85236.29503381894
1537215,74314.47706487091
1537235,78858.46921811908
1537238,82083.68508574356
1537616,83128.9980121142
1537631,76053.55443013772
1537820,89548.62962255813
1538429,87885.18477552354
1538431,89358.72371781355
1538634,82429.6186296493
1538635,84952.60840446058
1538642,70531.57235991323
1538669,71170.25240997312
1538700,81547.75306933394
1538704,95843.62688115252
1538732,79288.76078465985
1538734,65324.49477225107
1538746,68012.5447528885
1538780,84975.8446228369
1538797,71131.17546592069
1538818,89330.93028316103
1538842,84917.50392337593
1538848,75458.75731063008
1538849,83063.26167141882
1538860,67084.40782228092
1538900,81276.54252617608
1538915,74818.66736665822
1538949,93604.89776167879
1538950,91185.96907183662
1538970,85677.48315302591
1538971,81502.93609636846
1538987,91321.03193701533
1538989,48940.26493482725
1539017,96683.1609293714
1539018,81527.41089462463
1539025,81136.18947609798
1539043,96428.98916180115
1539057,77073.45346061944
1539080,79248.37975266989
1539095,75227.4113976064
1539154,80368.4015172665
1539161,92236.306104488
1539167,49214.93025832581
1539178,76321.72745652293
1539186,70313.98555217113
1539221,77977.45845158615
1539237,88956.65385365843
1539254,96244.37498486656
1539446,88635.2746644465
1539763,121086.46309504648
1539884,121428.09714765135
1539887,113188.85055141628
1540721,77844.98379724767
1541334,71371.34332743166
1541755,84920.45594435111
1543256,31959.49514304598
1543270,39694.78498622998
1543317,47889.20854944878
1543798,77762.48467786718
1543814,33409.38241874349
1543839,41644.068960063065
1543850,25319.06445000176
1544014,74315.2081768077
1544023,49483.172609269044
1544120,95811.07509029281
1544135,90211.32586726037
1544400,60444.02195189441
1544408,103979.64194232029
1544421,63315.561882343354
1544441,98685.94619725202
1544484,75596.93993465295
1544515,64812.16378855216
1545104,34878.975374505695
1545601,32922.012958282525
1545818,101405.45735311773
1545843,88710.28231015598
1545873,61625.31666761674
1545888,65474.27258091931
1547033,20934.637211388865
1547036,21153.39659291508
1547098,32982.35097828821
1547667,95415.23819115832
1547668,96120.49507502335
1547773,42975.154873287014
1547809,99031.65206960341
1548154,21348.02349047624
1548428,29044.86314993172
1548502,44871.93042422588
1548718,55011.38028171183
1548752,58093.91107829907
1548754,63402.71338178443
1548814,62102.865061430886
1548818,65312.94981541509
1548835,33700.21031113517
1549052,73070.77098578849
1549109,53205.16559261992
1549114,45637.263605608554
1549151,62557.955422812585
1549195,41986.63587756526
1549199,46151.9960457597
1549249,58727.43105436429
1549262,64082.17925357404
1549374,43037.74102369742
1549457,60430.58814101697
1549489,103938.07736814095
1549547,105398.93176947189
1549728,124615.54173321501
1549902,88433.03531644198
1550896,71135.16424401423
1550899,68657.72065063826
1550927,74373.04827284992
1551016,41298.810877370765
1551133,77764.9130527408
1551135,77764.9130527408
1551195,63617.08106905066
1551228,86998.64389090953
1551281,65490.20477305067
1551295,58437.662932368716
1551424,50594.56799373221
1551425,54303.42557137601
1551433,65311.38894250966
1551479,35148.81799068516
1551501,54560.960005290544
1551571,46639.88816513862
1551580,43138.84944895703
1551589,48884.764181867235
1551625,51459.30878135828
1551644,50771.09067041031
1553720,32851.34593631942
1553726,36698.977580748564
1553738,53569.40440317569
1553795,75257.66619755844
1553857,77243.89063257353
1553954,57923.468534439395
1553999,70233.42772766243
1554011,59593.76865595254
1554073,70113.43535899538
1554081,62511.15124890473
1555426,36506.891663299575
1555474,30270.445518162203
1555481,18612.00331227116
1555757,80135.90580116557
1555865,77251.4380927667
1555995,96962.74580078239
1556126,88552.62993311574
1556198,80944.73646177044
1556206,55892.34336155908
1556212,86056.15513055206
1556386,59783.61313923648
1556432,58313.65339225771
1556448,79182.90681796585
1556489,79182.90681796585
1556573,72555.16459236573
1556637,74961.91185013922
1556792,81945.94933946969
1556880,91187.92896716528
1556883,92667.09890999211
1556972,19052.24176535012
1556975,18359.26495114489
1556978,17173.32008924576
1557016,26110.905664018792
1557074,12792.740703610332
1557325,91502.16723428053
1557446,31764.699484220073
1557453,25435.986232023482
1557506,33437.9689783694
1557645,73481.25590517506
1557652,88359.32309380583
1557671,86853.30601636536
1557690,87159.56122694843
1557694,92909.27837508348
1557936,93722.95205132263
1557954,78874.1549145537
1557955,87444.79647611141
1557959,80041.39916165957
1557973,75226.57163771035
1558043,93785.69151529545
1558060,86994.22878207426
1560112,32370.41809375881
1561073,23807.49868517035
1561115,21780.25741918185
1561139,26481.083804072332
1561177,95591.24241184579
1561197,79705.13080523544
1561249,11911.20954429462
1561275,15244.557974085474
1561376,103512.28199054723
1561516,77740.6368568328
1561639,59439.59731347784
1561651,75191.25405093018
1561680,63711.20266797242
1562934,7948.303711646897
1563338,28207.510630346747
1563546,50279.50736103166
1563719,28184.226324254327
1564002,76111.01852625002
1564713,102482.78774876616
1564720,94915.2492541181
1565437,59301.65711085458
1565477,49086.85272435043
1565526,52348.90539869737
1567041,22595.945548400072
1567069,24074.504766939703
1567086,25584.467147217903
1567155,28893.793072366363
1567201,12383.667573485656
1567206,29031.186676562815
1567354,86454.71249410194
1567373,56963.5390197705
1567385,68840.20037079134
1567416,87113.44962127667
1567432,93497.57039255866
1567445,58828.80864113409
1567450,78568.91020503617
1567452,77326.82246659999
1567573,77545.79582623219
1567635,98977.68263868659
1567679,78871.87555693589
1567723,71195.1872090818
1567734,84008.8363316459
1567787,85911.8868456626
1567956,68167.19199642495
1567973,71949.64394868401
1568159,90701.54430205899
1568164,78061.38297718299
1568174,92182.65562442425
1568193,85869.36244686782
1568371,96558.7581801086
1568709,75110.55209148048
1568734,70458.14407529416
1568777,53755.93857096006
1568783,61069.462148001876
1569511,11637.218511553536
1571073,38128.345337382154
1571108,38516.363647775506
1571113,38325.484442346904
1573770,74494.90495970959
1574228,43637.04310884094
1574392,92577.06497758286
1577364,13179.77599522237
1577564,21072.543702200015
1577827,21619.032421522552
1577893,25240.382292328843
1577939,18612.51931889575
1577944,22059.284938394398
1577948,26053.29460400647
1577979,31276.5567985542
1578045,32234.42216126915
1578083,31276.5567985542
1578090,28180.054908220547
1578091,32450.510253002307
1578161,19685.55956764085
1578191,14734.573205103638
1578212,12352.526899937573
1578273,18867.71631045939
1579336,20008.411784391035
1579365,14939.063422347212
1579407,16442.789360021
1579670,32805.53316928664
1579692,16470.988405510787
1579761,23904.135132581723
1579777,22435.17628734826
1579786,16096.173419252757
1579790,13358.389958635842
1579932,12310.749098326443
1579942,23052.071401615154
1580032,23958.37594271105
1580055,10673.498610067145
1580128,30972.33133668915
1580131,20828.285126973948
1580288,30280.78289391155
1580449,15755.857995493605
1580459,12487.68286146013
1580549,18489.228047129607
1580733,15736.773232959731
1580772,12985.064617577493
1580856,12507.464587019
1580864,13348.830694610157
1580908,11660.995932716276
1580922,40261.09533541795
1580929,18008.93607566925
1580934,18064.27390948864
1580962,12628.87776127942
1581015,12998.906043767533
1581055,16459.446784098393
1581123,16512.18141241653
1581127,15505.823587934043
1581180,13176.730265324913
1581181,11196.298012728206
1581188,10792.459306817927
1581190,14700.835005788067
1581197,13782.102386243396
1581205,19737.62883485963
1581227,12804.897665423814
1581247,30544.29573016332
1581307,16545.635376315655
1581313,12830.035063097426
1581332,11728.131369435734
1581334,10203.927536123812
1581337,11756.27133307565
1581391,17482.30237515294
1581406,21282.455673384226
1581430,13127.910959395907
1581432,50282.81017779194
1581449,17178.394386136035
1581490,18214.01444527244
1581495,51937.584554658395
1581523,17693.45993278402
1581527,10359.511526251468
1581528,18662.233125854098
1581539,38388.006320317654
1581542,17192.612415435888
1581553,21826.756222273118
1581565,35092.36290345973
1581619,32480.26060117057
1581632,18123.967628588478
1581633,20285.596905642917
1581702,14506.272144316323
1581704,22373.691892255625
1581710,32480.26060117057
1581749,47593.99389717553
1581752,22734.93619145061
1581758,22087.611973729432
1581796,22947.180394952884
1581819,12496.421003790712
1581831,26065.30380394441
1581846,20967.61843637018
1581853,18124.99899680863
1581920,17443.115492748733
1581923,21545.198939000453
1581947,14026.062361863493
1581989,14972.917963539163
1581996,16632.35952823309
1582038,21343.366619257187
1582050,11903.928405280283
1582054,17839.86472418168
1582066,11401.922919539044
1582089,20526.978107524083
1582103,20201.369676498816
1582115,20111.684943618973
1582125,67153.73288533693
1582154,29418.130616941165
1582199,35512.15666804182
1582201,35480.95458664527
1582230,10034.966027413539
1582271,60383.8727577035
1582279,58353.46977413089
1582282,58353.46977413089
1582298,19902.511340647223
1582325,15441.251537298649
1582334,23007.78051318487
1582337,29231.21828889419
1582348,20896.285464673434
1582356,21217.946902910015
1582402,33868.761541832115
1582418,20609.415004857514
1582424,20095.65588958155
1582454,36650.41255360938
1582516,16108.288678950208
1582527,23652.932662158353
1582543,29306.631146111424
1582598,19421.237546485998
1582613,19218.754522427378
1582614,19861.135156912962
1582649,18332.858384422005
1582650,38342.64979498499
1582661,15964.545274858128
1582667,29742.286900577026
1582684,26949.924253859695
1582745,16846.75463034989
1582777,20989.241267344016
1582803,56919.80389803313
1582805,56919.80389803313
1582824,38064.948311985434
1582862,24550.60192696866
1582940,13174.518693350292
1582957,23744.33054147928
1582965,21579.15033625646
1582970,20628.546222474535
1582986,12570.738094954182
1583004,23279.546136424673
1583083,26469.372261741595
1583092,20618.41684637795
1583140,15796.965557532098
1583172,21637.209592844454
1583177,45235.26497388334
1583191,15776.519767127516
1583218,22517.396897245955
1583225,25298.746462353538
1583236,14087.200354138251
1583243,33470.1984479718
1583247,36411.55974381174
1583257,17396.381731122125
1583259,22693.247055796928
1583272,11507.066352054157
1583276,24038.31959404597
1583287,14213.02147797164
1583304,28357.219452261557
1583305,22856.38505079702
1583308,51636.9818897081
1583335,29376.883412088428
1583351,29381.80791588352
1583360,31457.15930862595
1583363,17332.934093850792
1583372,13552.362592516529
1583683,39419.71160621563
1583757,30544.83846816335
1583761,32550.108608476592
1583764,58519.61155647153
1583780,32531.761510921027
1583797,33369.02432331766
1583804,61563.14712890127
1583811,32440.92116297561
1583816,39863.82731751003
1583848,38088.119168327765
1583852,38431.3315200801
1583859,40985.11245030996
1583876,40027.40876203421
1583883,81130.82256226012
1583884,39286.334953125384
1583888,19500.95731051048
1583899,46186.0640385366
1583902,44011.347300589725
1583903,44653.257638401
1583904,44653.257638401
1583906,42081.32296133077
1583909,39977.27068560948
1583962,44283.9745368484
1583980,24680.711230523713
1584006,27702.995402212302
1584020,25669.633383719098
1584035,39756.12984314969
1584050,62897.34004905252
1584059,41533.42737849341
1584061,32001.175018146783
1584091,46761.36830600978
1584112,42029.90055115192
1584122,51585.95355876505
1584172,46937.75377146684
1584176,12836.422398569437
1584198,19560.54587053778
1584313,25064.382475189235
1584331,25970.779073910016
1584355,27029.096473645623
1584356,52379.65444630719
1584384,21822.629120233447
1584399,29431.414341961095
1584412,31348.3387377939
1584426,25258.2989413686
1584450,12733.574429170762
1584516,12742.338734339668
1584544,45518.32338953915
1584556,25496.34838793476
1584631,12603.509664800888
1584659,13088.178103649996
1584705,22012.760678367158
1584763,47345.352477412795
1584783,21869.16584888277
1584806,25096.184779785035
1584808,56262.54435517575
1584810,72993.01590548879
1584817,11831.455780991157
1584842,27679.95797703467
1584863,15969.078725989228
1584873,24392.93586479995
1584888,24944.39077887783
1584906,50328.48693299375
1584928,17791.69882200863
1584929,21930.73087915344
1584934,14782.636593772255
1584946,15787.463855514106
1584981,19428.21010536077
1585023,84483.92129582637
1585087,26276.049584050383
1585109,58765.06157152893
1585141,32298.663901679607
1585181,92014.6179982395
1585247,36952.398056859296
1585261,36577.328013018494
1585262,82487.83539396274
1585443,13404.736380215356
1585449,63977.286039030994
1585450,60441.0336561628
1585451,52850.46792003714
1585459,37082.41703898419
1585460,65817.98313579199
1585467,58136.71864026571
1585472,13869.89423240935
1585488,30378.7562620399
1585489,90302.43081357214
1585495,64826.19433274089
1585497,27125.56083101327
1585527,75177.31074700586
1585558,46759.01502726652
1585560,30284.31072615987
1585585,19979.181894369096
1585589,22945.820654885894
1585603,20266.07138130163
1585605,14432.513545774234
1585642,17101.9678665974
1585679,20624.330514596928
1585691,20470.571975049046
1585692,28364.502081064955
1585695,11801.008922941393
1585712,23860.75965571743
1585767,21645.811326576284
1585780,18170.601440606377
1585810,38564.29807820747
1585812,17332.572023099907
1585825,14415.597685718029
1585920,20272.0152944364
1585951,20166.1557449293
1586021,19195.565091212946
1586030,26406.266305287052
1586057,26395.370902677532
1586102,19395.40190104987
1586115,13442.646354369692
1586119,22135.215868871506
1586127,16619.42051337569
1586148,25068.303601711028
1586165,21249.88157760846
1586169,16039.334569612449
1586308,44266.18306697319
1586312,20530.753987218864
1586427,27274.141246747506
1586437,21264.53925660556
1586483,25362.199825308915
1586489,18522.156902342504
1586492,15668.871439333598
1586511,26654.848270983883
1586650,18728.03252243738
1586681,13531.680673756793
1586792,21776.283349642756
1586810,14420.392332264377
1586875,19285.31921327937
1586909,27627.60986712175
1586930,25562.40275728056
1586938,49221.20322820671
1586955,71391.59497249167
1586965,13638.803309594457
1587046,62774.89173866623
1587077,29649.47099079018
1587086,24801.112986593114
1587087,25351.18489238147
1587233,37385.821846951236
1587285,19773.958616484644
1587333,18096.899504281217
1587345,41380.96400467357
1587347,40929.73002905289
1587358,35871.45633369491
1587410,38242.3904668594
1587413,19941.978808312364
1587463,23527.91000090816
1587468,36356.88232435658
1587473,45145.14703872289
1587483,79262.38077316429
1587572,30710.33357082882
1587611,23208.812423372317
1587745,31126.35461649123
1587776,31990.092551045364
1587883,36162.99025570084
1587944,62926.68375673341
1587965,29607.630716532396
1587998,35657.07629551196
1588034,17773.5605019643
1588055,32199.62906277787
1588192,44624.485380949925
1588352,89981.82399480797
1588434,36677.71309494957
1588455,83210.00516286716
1588474,57697.35831164025
1588530,85720.72471550657
1588804,87099.63229194489
1588811,103011.45522590473
1588876,84621.74140103537
1588987,91139.03401582103
1589030,79015.19259801833
1589411,30400.633529550116
1589450,32467.494652847156
1589471,17447.85331011329
1589485,36601.951492622225
1589510,15676.229860129035
1589537,17051.87569212589
1589567,36165.525674727345
1589593,99648.02013872375
1589609,15231.649881903399
1589612,11790.645964704447
1589616,23931.579149054534
1589640,29295.351485577918
1589641,38569.312825008965
1589646,15707.009386420352
1589677,35325.42601457239
1589754,20171.903598225832
1589757,35054.02054614439
1589815,16704.38549877934
1589914,13287.82346190694
1589924,32096.288626780333
1590023,31698.597736957432
1590054,74535.57745571673
1590055,24948.052327662772
1590146,35512.19694185285
1590147,27987.663576301617
1590239,38346.708835480356
1590259,49480.67210886029
1590292,29362.0674951982
1590293,21223.338176846417
1590358,17553.558233886455
1590382,15301.090469301895
1590460,17740.491370079297
1590462,18621.435819413575
1590513,18781.547377094925
1590696,9972.152274201242
1590955,15108.226279820927
1591473,38469.42022717322
1591639,39045.27164692198
1591671,22464.280375247545
1591688,23713.66892106195
1591719,25243.941137907346
1591785,41756.48207211343
1591803,34253.87618177463
1591831,14135.532252478693
1591838,12211.448983004082
1591939,34378.45830315238
1592349,9747.841255507852
1592358,12959.65173680172
1592364,10007.428570103586
1592380,11567.196393874652
1592384,10007.428570103586
1592395,11581.81653390684
1592402,12990.44983802838
1592410,10601.793600761008
1592418,9927.119997473255
1592419,10601.793600761008
1592429,11621.963710750986
1592486,11207.752416656636
1592512,11501.817209385234
1592527,9609.593360835297
1592549,11154.052392777301
1592561,19598.06169586331
1592583,11445.45339593439
1592589,8887.416424358593
1592594,9350.01789659582
1592606,8887.416424358593
1592654,13684.23010393953
1592661,9548.786259458095
1592723,20621.83982109067
1592727,20103.448472261876
1592918,11448.78373254242
1592921,14040.24665385761
1592962,13928.848102167578
1592984,14681.037078398636
1592993,10675.270008400092
1593016,11091.768826501557
1593033,19426.613081694588
1593076,12476.767624846227
1593103,12108.332400168201
1593106,11375.956011277649
1593187,14823.759965461686
1593322,23687.51046953345
1593338,13848.990391061503
1593347,19926.24997117526
1593378,14743.21013826689
1593461,19027.88556128923
1593474,14343.024640519296
1593957,28292.44556035442
1593962,34145.56411260966
1594163,34680.26823338973
1594179,30828.68096653944
1594465,30320.484545872514
1594506,15628.196214514272
1594546,28843.02259155102
1594547,26472.20321315409
1594576,19202.063569314018
1594588,22035.042058357067
1594727,31108.161981176836
1594738,16365.013378842563
1595031,15067.046950791682
1595274,9639.65361831034
1595547,16270.033984714824
1595989,37510.26742668448
1596024,45878.66482212906
1596036,54788.8497129726
1596087,18389.838533626607
1596259,35753.3579684698
1596299,27140.88400690682
1596301,10301.197266255225
1596528,11859.602840307207
1596764,39521.53711699307
1596806,35478.631243054275
1596996,28501.24110538322
1597132,28969.318707740294
1597725,17428.63129331949
1597756,13911.796459967773
1597846,11457.93323308102
1598048,28694.578902155932
1598129,58011.45851913038
1598286,39865.70186953436
1598440,40084.15461608806
1598732,41960.409662442995
1598758,78057.35397770247
1598802,14072.332927918178
1598827,44229.50983608552
1599002,44053.33284571953
1599012,49262.42427205043
1599043,55816.5911961816
1599214,14358.654688132088
1599689,10609.711085199711
1599705,16365.607957461389
1599730,13463.26327707503
1599757,17739.63627646241
1599980,21764.891436590737
1599991,26316.877095929125
1600151,26761.04955333016
1600164,26525.515857325212
1600192,20485.15573636267
1600259,27304.665338663068
1600286,37343.07989149207
1600301,34338.61946788489
1600397,15089.5933031522
1600398,20056.894339005397
1600405,13085.947391885762
1600416,28747.746543498663
1600440,16843.65740565911
1600482,43201.37169466448
1600503,19591.54720551961
1600660,19254.15261185868
1600683,17569.165028641637
1600716,17080.720369635503
1600725,18464.18533674871
1600762,25381.822866384973
1600838,19896.75095618548
1600846,13733.203037455753
1600869,26204.65077360261
1600912,18597.827839144815
1600914,18213.229714281966
1600961,44006.07342990376
1600978,41895.81871619714
1600989,33358.56350148704
1601022,31868.572770535757
1601052,32741.068138757895
1601058,47974.053679255216
1601061,15635.19195750249
1601080,45077.61666745671
1601081,17474.28051239673
1601115,20217.00564322688
1601123,41164.694825201135
1601150,29630.85347442182
1601236,17638.348249158622
1601352,82289.89982034753
1601390,34649.51625972062
1601447,41180.29067605055
1601482,50850.601569960454
1601486,16934.477707506237
1601491,9801.517505719376
1601546,47154.97279183878
1601547,50271.46024117948
1601572,49683.4869281383
1601578,48546.66103159022
1601608,60191.95542971828
1601611,10031.164346705613
1601712,13888.741330167195
1601720,10987.236730749584
1601748,19284.16274758123
1601799,16932.334827346367
1601829,11993.70464672118
1601848,10376.66130238256
1601898,18240.514217357224
1601916,32853.21818704139
1601919,63262.79819571313
1601933,45035.4834285073
1601939,17451.350825271787
1601946,25197.500784484
1601953,28089.70559121327
1601964,46302.16040283709
1602004,44449.047353947935
1602006,16192.245024702694
1602008,39862.14912417493
1602011,57207.73927415151
1602018,28099.45279112809
1602031,14307.455469399554
1602034,48979.96588531499
1602049,74304.95983472734
1602053,70210.36447572634
1602059,25737.47736877806
1602072,70592.45771255094
1602152,28378.49530344249
1602163,39900.66539032055
1602248,47894.95337790494
1602259,81701.71954990756
1602287,46043.446784848755
1602297,49555.51847595842
1602302,51401.09350541012
1602313,58489.44005243075
1602341,59337.64007056836
1602355,15960.46100453322
1602359,30647.808889302298
1602380,58507.25480096346
1602399,40037.94039688784
1602422,56632.642881250744
1602496,26954.850114724835
1602533,53514.77037704942
1602545,28894.505747517196
1602571,66088.53430162865
1602594,19039.87021855347
1602620,55635.1952172116
1602642,26789.41735356066
1602664,14114.215227816045
1602703,49926.15303872965
1602719,64295.62145513496
1602786,63645.10771288258
1602800,13255.529045543393
1602810,11977.037390102716
1602828,42476.40339291583
1602850,43948.5389474113
1602855,16797.321103503855
1602858,20028.01160749372
1602861,57499.31258783273
1602864,36589.89045180437
1602881,14572.654772128986
1602965,70338.5972834562
1602982,59513.44770378795
1602986,70582.09623434619
1603014,56097.58743073509
1603024,59504.28527844568
1603027,42751.89855751988
1603030,39129.817851155974
1603043,46638.86726174464
1603052,22044.707450874215
1603081,44757.56754836855
1603135,39471.166387246645
1603161,41082.59892881652
1603192,39145.96974020928
1603198,50491.91646594157
1603206,76499.7156562139
1603232,42865.4880684481
1603275,40420.763343910054
1603309,83000.94552853909
1603334,41844.21599861784
1603398,26145.772756116472
1603424,52485.64245556014
1603432,10511.41623859834
1603436,12028.488597300591
1603494,53575.14572610774
1603513,50679.78636727283
1603520,45074.64484334369
1603554,50014.216658352096
1603638,95487.74815864595
1603650,54387.44512957442
1603654,60811.56691024057
1603694,63351.33138180481
1603734,51722.723843734144
1603763,65228.13819400279
1603774,16283.634817276637
1603776,58448.50739328217
1603809,29436.939500268116
1603834,19866.587503800594
1603837,66062.1006117802
1603848,62910.17936160933
1603868,62910.17936160933
1603888,16888.94597896195
1603916,16352.498477703415
1603935,26647.665706500495
1604004,13238.656240128199
1604017,17147.598001591705
1604026,37482.114261600786
1604027,93820.33046478278
1604044,16356.577338296585
1604059,19627.60496235433
1604112,24323.638131463023
1604125,21752.099762957147
1604132,36322.26848475472
1604188,35524.64226699404
1604194,51893.936695777906
1604211,12636.09095223395
1604242,25544.536159782223
1604243,24119.63479153555
1604259,28488.770980403806
1604276,29723.78101762228
1604285,31623.990252852494
1604322,39396.6916795307
1604339,16080.441461799945
1604363,21198.27163169953
1604444,27483.013874793403
1604514,56625.67619669858
1604536,25674.984799820777
1604544,27431.75041360653
1604568,24874.550493071034
1604611,20862.42568321685
1604627,36500.58093444186
1604641,19149.87817778544
1604647,23141.853084785573
1604725,30541.371558447932
1604751,23334.109870050488
1604752,22232.333681517037
1604808,20944.020031335
1604868,26049.27452877562
1604869,25572.28304434855
1604893,20305.98848006597
1604912,29008.63772231523
1605001,13613.887838276505
1605009,23805.469802384665
1605050,27094.379454297035
1605063,22345.671046671625
1605068,32039.368521291468
1605119,27338.49274451492
1605134,22746.938582704166
1605196,14078.865728765733
1605244,24475.256454410555
1605253,11023.714405888646
1605257,27961.35466106548
1605297,25239.518541709607
1605309,25094.967676910954
1605333,20854.505771243978
1605368,31080.826200408956
1605384,24066.89430899985
1605426,26950.45597159089
1605480,27406.089634742184
1605493,23755.63894511287
1605499,59143.43990045105
1605521,29941.276347828178
1605525,36977.86306082866
1605542,25569.66721376544
1605550,14579.810521813175
1605628,36299.14591171221
1605641,23109.721083347566
1605658,53303.39252381806
1605664,32044.59178189429
1605748,22970.434115548924
1605797,31564.800779819485
1605857,32182.117326707532
1605859,30292.074963663825
1605863,26617.479783981635
1605920,30057.354372240323
1605975,18736.404768283715
1606001,20297.3707435442
1606014,42188.05887069117
1606032,31798.952985096483
1606072,29126.586355899763
1606194,35058.58505501998
1606210,28488.05765003756
1606226,26058.615939052062
1606274,31948.368610667418
1606279,25644.189021139555
1606296,20470.680997830266
1606310,33398.044848020385
1606311,27814.86816860798
1606324,30617.224193990736
1606344,29215.208060412668
1606351,26948.326668354195
1606366,12422.591073781696
1606372,15287.660360462185
1606385,25010.900951108168
1606416,53765.141064224124
1606417,31407.79438903429
1606456,17756.67022641247
1606505,14897.854538388214
1606531,26753.795702617917
1606537,19025.05031579519
1606539,28563.812854258213
1606656,40284.2074608155
1606673,39165.965447347524
1606698,57393.264407172406
1606711,36848.78298789825
1606714,18704.51751910081
1606729,44781.53306817709
1606807,31576.222485130562
1606882,31447.974451101778
1606956,28994.093930306193
1606996,31675.529714303622
1607061,35725.525006399796
1607088,70229.25263487929
1607120,26209.984543637067
1607152,38015.42825671236
1607160,27104.42491316665
1607165,31373.28861204164
1607226,28509.390130520263
1607249,32622.310640621974
1607313,19138.453502961424
1607366,25121.16405383036
1607386,22990.348450077498
1607392,37411.73104997015
1607397,17619.25778907659
1607487,24478.451507657715
1607564,25359.321271089662
1607607,17744.960298934922
1607614,35313.29395762282
1607816,50961.76847934985
1607837,25911.979892167707
1607839,32216.78701848669
1607897,74533.10623602346
1607906,28299.261242471315
1607937,45359.90329238122
1607994,38257.38383673626
1608053,40068.843424905564
1608060,60551.91820601346
1608103,25681.365262909014
1608120,29982.050808806736
1608225,28497.286095957672
1608255,37503.03803897691
1608274,30268.10729786037
1608288,39051.434354189296
1608463,31371.388790111832
1608472,34126.444172905205
1608507,27868.48373243337
1608551,33011.31191972691
1608562,36143.303500747585
1608591,28119.241127496738
1608597,45355.34311422933
1608606,34314.160732899574
1608669,26730.041901754546
1608686,45636.54030780571
1608700,74111.30348300839
1608833,43364.79395256545
1608850,29840.318722846965
1608922,15392.909525918978
1608924,43827.72159862617
1608991,32687.35788387052
1609058,32738.615320922887
1609062,15741.451204234616
1609095,29328.563302847724
1609136,40305.027246518905
1609162,34622.685014753726
1609246,41583.325247017194
1609334,35955.82065639389
1609360,38222.16224777264
1609365,16285.775783554478
1609499,69871.83558274464
1609627,60584.1333978816
1609743,75674.93567080497
1609788,53566.031448067115
1609793,72591.9985610985
1609837,19329.792448966247
1609857,40386.50675455024
1609866,69958.46958952543
1609907,26965.021671998482
1609994,33955.51512021961
1610000,69959.37734493129
1610018,93922.15290930113
1610022,33820.15495204674
1610121,52882.564605640306
1610129,68224.86374230869
1610183,47847.178419091324
1610335,60721.04181326756
1610379,57588.59425571804
1610398,84010.91189193056
1610437,53911.43765722714
1610471,38681.87786454173
1610486,70205.72772007261
1610494,49172.16171282403
1610564,68173.67305238992
1610592,85912.99285627075
1610634,53024.615199362655
1610654,78586.58228940907
1610699,33623.21800752995
1610722,53794.78783175639
1610809,74127.31956482171
1610818,38262.25093989161
1610941,90753.68108689062
1611114,60502.09511244504
1611237,68764.27321449561
1611448,81791.71956458996
1611671,86894.88925752998
1611759,52071.28291355257
1612052,71086.01456891332
1612125,60260.79269366361
1612135,46880.05092635624
1612160,51012.119125258585
1612208,95289.85837245028
1612280,73022.82415298262
1612347,54610.607651403545
1612483,112899.3612683309
1612510,112899.3612683309
1612523,112899.3612683309
1612528,112899.3612683309
1612595,65195.50009224575
1612663,55637.52633608757
1612765,61403.270235566684
1612858,111856.35828126759
1612859,119649.94904484125
1612868,119649.94904484125
1612879,119649.94904484125
1612932,41723.82164700023
1612946,73419.96279868546
1612959,41701.88030591956
1612977,41082.594865603496
1613243,64522.09831765305
1613380,74230.74189496905
1613396,78902.10533219055
1613416,68917.16612721873
1613460,106096.19096524177
1613607,32261.903704530825
1613658,36029.64330213679
1613664,23791.037116550535
1613684,25253.432252530787
1613685,42022.48400503784
1613705,50853.08112178194
1613717,39238.274781368425
1613735,28056.7636412365
1613740,36387.574560899455
1613742,18954.283965891467
1613748,26028.037004167283
1613782,62956.80896929841
1613796,24429.548725684468
1613825,35841.39407260275
1613874,56427.81438780571
1613920,79560.3751712883
1613980,64331.07604512089
1613987,46693.510952969475
1614010,87761.04892562339
1614022,44831.20580285724
1614031,41888.68014862755
1614032,73600.38350198942
1614042,96421.74691709648
1614044,50373.08947028549
1614046,33828.00781519994
1614060,23817.96708344581
1614121,73474.13673653825
1614127,47238.48784776111
1614140,45665.43655123393
1614143,92327.53124002769
1614193,99682.4056050798
1614253,90283.73690948152
1614274,84763.56160662873
1614305,91700.30663675911
1614313,77052.78108373641
1614318,127306.65488864158
1614417,30985.828847079407
1614505,57487.58708421055
1614524,118807.41265004803
1614593,17156.40905318552
1614688,41611.452210842785
1614804,13750.590600654385
1614811,18097.55525026065
1614831,28039.4036400651
1614871,10245.786934822398
1614875,17432.93172515972
1614885,17126.296549878156
1614906,10966.450558948709
1614931,10385.246236567804
1614962,19029.54765350836
1614976,14277.911074991835
1615063,15833.145663936317
1615069,17377.486706592812
1615081,12046.15133865485
1615297,37141.7603322962
1615314,18194.434244054555
1615333,66266.24248595166
1615349,73693.81073200847
1615360,49060.77977991389
1615379,45197.72476337223
1615385,43668.11337395622
1615397,51891.429356869405
1615469,51213.79366663026
1615534,73343.43667002607
1615688,16039.044482347443
1615735,18273.97097427242
1615754,16066.066376733112
1615853,17886.669275284203
1615930,9453.772851531467
1616236,59182.97833446959
1616334,31288.320830150198
1616469,51128.724293489606
1616549,30225.434336714756
1616609,22124.27341655102
1617573,22767.45048129557
1617636,12018.388036364817
1617773,37409.52084688601
1618036,19477.564689971885
1618173,19188.93790061684
1618750,18264.310472567475
1618787,20301.340287469036
1618965,28696.92638417224
1619267,13059.727068183858
1619376,45408.14429692347
1619544,21549.51501864553
1619621,11687.624149565456
1619740,24546.976281933417
1619826,15242.992998865111
1620154,30358.101288955226
1620381,16110.714792406603
1621410,14209.059314071881
1621768,18523.77492473323
1621894,38748.448622782154
1623426,22157.03436688507
1623806,26773.313588441713
1623832,28192.310782092492
1624383,11279.377587727833
1624403,10348.561038530914
1624758,11595.697404742381
1625052,20181.60810370391
1625268,12107.14289905081
1625801,51095.08676215734
1625837,20649.01247782876
1625884,57634.620170141105
1625986,10919.223708636711
1626198,11185.044300531032
1626256,86728.54868598623
1626306,41924.75806818568
1626410,56464.0675056374
1626411,65039.6433237273
1626437,86610.33357986405
1626439,61070.51263817853
1626511,35965.028345678176
1626583,54333.28628767837
1626611,39645.42202796027
1626691,30086.11232862809
1626737,29954.877012460674
1626741,34092.99490892168
1626745,22770.365722453094
1626805,71599.91763812734
1626839,29975.568529713055
1626925,43272.37396910639
1626926,40237.0215663797
1626981,30266.01957625362
1627044,25428.523021732963
1627045,25809.005336345872
1627169,22494.21745405364
1627204,20600.651555481152
1627269,21925.9223415132
1627551,36458.6444200453
1627651,24179.836843841575
1628094,25379.06576173382
1628145,11923.036239568068
1628195,13556.448165725194
1628287,19208.82188449253
1628592,86402.72672593512
1628645,76397.87206975583
1628674,37523.241287150784
1628723,92519.21733935594
1628753,78150.0338403213
1628881,64295.09066533972
1628928,69179.63640501736
1628942,95751.56703322189
1628982,49171.81158108797
1629009,67599.95472966116
1629143,55553.39046451152
1629384,42154.99188710325
1629402,52557.2529143622
1629709,19149.12519437742
1629822,81762.1315392598
1630052,44573.633824142016
1630073,54961.517219722526
1630116,63005.774100502524
1630282,59908.76659594912
1630584,68429.15388195
1630643,21285.247990088785
1631184,12393.592622150729
1631906,18294.687842217216
1632739,16372.77252209002
1632817,21303.789896053357
1633006,16341.796045870471
1633187,15612.174944908082
1633408,9035.354397271954
1633663,21390.640716464568
1633896,54653.136040289806
1633922,18555.912931274284
1634064,9894.673978119414
1634207,20619.71026198659
1635255,56165.88220720282
1635836,16288.263006944426
1635868,95067.03971483918
1635988,15533.248976871553
1636050,15563.672770636706
1636095,20316.520042753054
1636145,18028.476018913247
1636227,13740.123792333494
1636607,13913.193967447554
1636625,14675.749169430419
1636806,13575.022702618564
1636834,14921.52056988406
1636863,14857.284873616685
1636871,23630.86459065714
1636880,21060.35608609431
1637030,16277.867900191752
1637132,15765.90067090694
1637343,16789.298624310464
1637541,20222.07591415116
1638295,18361.22026111813
1639108,25620.974500408876
1639278,20097.51612304945
1639487,77930.7732329541
1639590,33644.54826711168
1639616,37619.63559926005
1639646,35687.60430701057
1639664,62701.969913621826
1639842,26772.928196224668
1639845,39130.255621780525
1639887,39413.98880803465
1639906,41752.164545505475
1640213,22665.33512275083
1640220,26806.937347999636
1640241,26686.14343929883
1640507,29847.4030007643
1640508,34202.12222427321
1640524,92961.26199249286
1640546,93836.09064650894
1640561,96911.51528976375
1640750,12717.664903933166
1640853,29032.84349517945
1640965,25534.131540980594
1640973,28620.91837109899
1640999,27887.05591706152
1641203,25294.284652256996
1641205,28735.934784283178
1641223,28390.91965006651
1641265,61887.54801764869
1641314,28522.439506942537
1641488,29013.176361292004
1641613,38484.24934467545
1641788,29133.327335931204
1641848,46349.6782484695
1641886,37656.64241384743
1641889,19517.736406099943
1641892,31830.768182943277
1641930,42820.33754069505
1641983,24852.269785184857
1641996,28720.636504328115
1642067,25333.30437972574
1642347,23974.92444985071
1642353,21221.28899963928
1642566,19552.49609846209
1642624,28966.83011092941
1642861,34748.492380829426
1642996,22646.84469066443
1643052,44570.40640276987
1643065,25441.227778130542
1643300,28063.45595196558
1643302,26764.37121262946
1643387,27442.191134827724
1643401,27483.33412442321
1643469,24852.763874190285
1643471,26088.16749503343
1643515,25695.682150875473
1643589,25406.03801849876
1643661,26123.31503967489
1643695,25633.05192800387
1643714,23248.046558324866
1643725,25688.782137854658
1643764,29513.75421284036
1643770,26752.256258167658
1643874,24891.403374715148
1643922,56505.37649904944
1643938,29781.37636646881
1643945,23374.061813515225
1644017,27663.911526037737
1644067,26700.9461744944
1644175,26502.7234795301
1644455,19658.89041316479
1645082,42707.5684131451
1645186,39737.3050438434
1645222,84338.70176496677
1645318,33081.911256312414
1645319,42783.98467157257
1645327,38274.8789584628
1645372,21681.53667095147
1645377,22097.189852735897
1645404,40294.64825863248
1645412,68630.47298435362
1645476,56009.433605351966
1645522,28311.19420508255
1645526,35189.77335843524
1645539,21073.480635604374
1645550,38621.57176163219
1645565,43539.031730464594
1645573,56269.69319263898
1645863,19775.24558883908
1645866,48172.76997039907
1646639,12432.303744248282
1646705,15054.363619007809
1646709,15805.691590195765
1646978,14141.219229362243
1646983,14949.81474481946
1646992,16164.585819456684
1646998,16049.108411521845
1647347,12442.337654526487
1647356,13909.788503447566
1654432,19949.378798596572
1654436,13932.716143136891
1654446,12384.861465409569
1654608,10336.073735857502
1654618,38950.587137812574
1654619,36698.527592844606
1654825,10287.038127804537
1655145,9404.606058696936
1655470,9139.886645045915
1656122,12579.515843758363
1656164,11701.14149944262
1656235,14164.113931675274
1656242,17319.49086405928
1656246,13394.543661717606
1656257,11527.294294912994
1656267,15065.420591748083
1656297,12840.161511513319
1656612,41016.7546360608
1656672,23059.124705666996
1656839,8805.053372023127
1657102,28642.667363935136
1657121,15041.15434791157
1657130,17929.436846269145
1657131,11249.916198768125
1657137,12274.563762109576
1657367,33106.19510553511
1657511,22002.491893705024
1657541,30012.4249335755
1657612,30902.719364490385
1657614,24432.106434797548
1657698,11761.908285613117
1657863,19241.351291101815
1657868,13356.099666432656
1657910,45169.926027842404
1657925,43730.75788588884
1657932,60493.7300999416
1658146,34034.946055979424
1658156,31899.98225209509
1658165,45326.633149929985
1658168,31341.033391327146
1658175,34511.98563246715
1658180,39740.012764068524
1658183,52392.87638621175
1658185,50706.575673742394
1658186,45860.30786243736
1658192,39635.5722069158
1658197,40977.21432798353
1658201,41555.21340850074
1658212,40834.3434747148
1658221,46458.09810792604
1658241,43778.131260821494
1658242,38482.5986042876
1658249,54229.44985615342
1658254,40694.39442862856
1658256,37144.73773164275
1658259,22793.76475865385
1658260,21873.28285710648
1658267,23708.411227167882
1658434,10344.41631612926
1662703,17591.511734360938
1662710,15589.24370267266
1662797,10243.7653986496
1662817,10126.687579681573
1662843,17510.75587195076
1662975,10520.262906364616
1663148,9840.645175938022
1663353,17030.341759142142
1663380,19270.25095624443
1663441,12154.08582556409
1672244,13815.928093606508
1672542,9324.557173762862
1672669,19750.917850982994
1675634,9192.169999646145
1675656,11296.195058491689
1675659,11285.476010854283
1675696,13906.857827550046
1675757,29748.09045002517
1675795,18355.80715480683
1675804,12168.132149459008
1675833,15325.040208714105
1675840,16873.35998833323
1675841,15473.192173023774
1675842,15273.84386052007
1675879,11366.133513300549
1675901,12220.716804824147
1675919,11202.25770608733
1675926,18909.74892597867
1675930,17095.581562728174
1675931,16873.92742295856
1675939,16080.700441050325
1675948,13259.54089270477
1675958,13293.180282096722
1676049,19261.712026661786
1676071,21492.212387192143
1676238,21797.00333376358
1676246,18363.780635396557
1676249,15985.252317514693
1676261,26549.598758053085
1676277,26937.738404717133
1676280,20173.922898113906
1676299,31098.633986631485
1676319,22208.17565605372
1676405,11474.33668964498
1676671,9874.392760049719
1676696,10343.923651899964
1676703,11717.947714364993
1676851,11040.886128794904
1676902,11937.590756206426
1676933,10120.852873501623
1676951,10841.330934666124
1676996,10440.862041295728
1676998,10964.527779428205
1677007,12482.16313138846
1677008,11972.647107059825
1677028,12775.276856324319
1677045,10965.18294518176
1677109,8583.24305701076
1677178,9005.244952166126
1677263,10769.478656578945
1677290,20048.31696310566
1677514,9701.772861855414
1677598,29739.58386255092
1677668,23300.75763206924
1677726,18090.358812802107
1677733,15880.64371437697
1677784,14709.898143052611
1677792,15756.726249785308
1677899,11407.54902686475
1677901,10226.692634115736
1677902,11337.099056931822
1677915,9446.51014038305
1677919,8827.859413411441
1678001,13381.076738392554
1678008,9430.744800406037
1678029,10294.351060323741
1678033,12815.826604206704
1678041,13867.143352176372
1678049,11716.48055456443
1678095,10042.725323555345
1678215,32036.282122367156
1678287,9815.087990506116
1678494,11086.127044664441
1678524,12220.595946702228
1678594,55929.73394412347
1678669,59812.53902268765
1678686,71243.57821066857
1678706,11709.49721955681
1678740,8691.315641340381
1678760,62132.88953826504
1678771,35239.545123131684
1678783,27707.425811055968
1678790,32282.612508378264
1678975,59385.55111013807
1679212,96646.10842677424
1679316,13806.654110875139
1679344,9209.44925351165
1679358,11521.34299063418
1679418,10081.66038592245
1679442,11696.759227905968
1679496,8974.714499457643
1679512,14707.679273326652
1679525,11179.422168522251
1679594,8486.858061526083
1679616,9034.543554217977
1679673,10164.418988705576
1679677,9574.904108996132
1679678,9426.668746046249
1679693,9450.946260434745
1679698,10802.183220990413
1679761,11756.550303077955
1679762,12436.04997353561
1679769,11678.773199978094
1679776,13299.288056165406
1679995,15599.538303713662
1680018,17508.803205495453
1680068,19921.457477666052
1680102,15748.89025792535
1680135,15039.340445496773
1680193,19623.921416188343
1680216,19468.886323103205
1680254,64465.69576952591
1680257,70358.71804405749
1680289,77563.38687932395
1680312,48720.92237520257
1680346,12982.485671617702
1680414,8075.8294342667305
1680421,22783.095139597106
1680613,26460.396649372982
1680634,23712.97565064489
1680636,13036.050573746152
1680657,27429.826536566678
1680660,27238.806017541174
1680866,26715.18400933282
1680937,20871.82685764067
1680979,23324.6276546104
1681023,21162.750524910534
1681094,20154.581446493383
1681120,26174.415300542845
1681122,19718.264224158687
1681188,27015.0548996291
1681204,21670.144079466067
1681216,21584.94773456557
1681220,22928.003646776888
1681242,26855.291026637165
1681251,20532.89677739452
1681269,23161.21650872296
1681271,25559.806473657776
1681289,22993.0880218197
1681298,26695.367943469624
1681313,24361.320947571723
1681314,23136.150173672148
1681325,27326.0150561478
1681328,27593.716383761668
1681365,25755.539196429083
1681383,28021.58801106185
1681410,22021.64032949415
1681418,25245.031839824027
1681435,23808.489854486143
1681450,22812.491339591386
1681468,21933.78421553728
1681481,22495.01767993257
1681503,20771.61997629923
1681520,18126.16909413232
1681523,27559.313529482075
1681526,20135.73019095961
1681543,27154.806288434935
1681551,25210.023420353362
1681574,25651.41329852872
1681597,24939.09533505432
1681624,23796.647487491085
1681627,23627.341173046643
1681629,19063.15154658753
1681654,22358.85493303392
1681681,20908.38961596348
1681713,22166.201574996434
1681720,22943.415525320004
1681769,22687.835312479452
1681776,26379.214614313933
1681792,21003.767818043263
1681795,24218.82786650334
1681806,24598.52018581865
1681809,21953.141746033038
1681819,24373.09469672519
1681827,21838.14777982866
1681828,20799.973182577138
1681831,25714.811807890772
1681842,25405.20564509788
1681849,23437.520064893233
1681851,24969.036753190005
1681891,24430.21047310915
1681896,24430.21047310915
1681899,25003.381243271353
1681900,27729.61275996187
1681923,22480.67612318055
1681930,17665.723139565205
1681933,27088.906330579197
1681952,22436.61716144109
1681954,33511.66200972216
1681959,29995.487164639482
1681980,23830.58921061499
1682008,17845.433306821953
1682046,41364.26328256703
1682052,23627.425760651608
1682054,25385.468975499112
1682063,25616.804905527595
1682066,32178.396183294506
1682338,31279.892285729802
1682381,13798.219060060641
1682410,21180.84431659007
1682443,27585.57862715549
1682450,10807.980926622064
1682491,16026.206573757134
1682527,15783.047838579923
1682535,37449.89006144956
1682539,38277.750057480735
1682543,27604.319132488352
1682578,23817.977460802023
1682579,38674.94674412015
1682619,40944.358363870495
1682621,31333.02430331002
1682710,35184.606182630174
1682745,30745.881510047508
1682750,21070.47826590158
1682818,20403.07023259451
1682869,26998.038100933918
1682880,23280.685769938515
1682918,40201.92076998339
1682952,19815.8342031226
1682966,23669.31910739451
1682967,42968.39063739365
1682976,28930.922394710145
1682991,19706.11510773474
1683093,27429.562486639326
1683121,37848.93702345119
1683150,31162.63661823424
1683168,30055.946370174996
1683192,24839.509853005155
1683216,32139.976424885175
1683231,29755.958214754595
1683234,36445.49314832171
1683250,41865.831075986745
1683347,20074.636894812418
1683351,26567.143541084493
1683356,39421.393455867736
1683363,26213.1075393951
1683377,29729.97053871458
1683393,24586.788780742885
1683467,61704.673321762384
1683544,29080.700413903458
1683545,22197.726784635663
1683587,30902.341807239325
1683589,26250.943504696326
1683622,37221.10314135915
1683665,50450.962170366256
1683685,33993.5061698143
1683712,38304.189936473864
1683735,40073.06628091916
1683765,28014.665498311348
1683775,49470.269573067984
1683782,40717.82334545951
1683785,31998.888069854245
1683872,31415.449867109088
1683937,43150.64938265131
1683986,65042.974144728396
1683991,34893.93202304075
1684023,28294.539896252354
1684037,43348.09176973899
1684065,39446.61919492628
1684077,44098.79175868166
1684083,48517.983526857366
1684093,59568.3229332638
1684131,61794.78336084878
1684151,30272.976917487416
1684229,51416.45392845163
1684231,53673.979945273175
1684317,37956.64104231184
1684331,42080.60985731529
1684332,42512.667195722155
1684346,46070.862344363726
1684406,45159.829944863945
1684407,40633.51378361019
1684418,81076.47534367396
1684432,56799.413977495904
1684436,41110.238586893225
1684442,23441.40775221264
1684470,41306.833212480466
1684496,39341.94592164278
1684573,35904.606204641685
1684589,14668.471533038235
1684760,55154.061109534836
1684770,28118.79226494232
1684773,21045.599409975464
1684775,29172.480816059106
1684937,55145.69059438125
1685038,41444.94074844792
1685043,32962.353911007034
1685045,22453.150449537454
1685055,22151.717487863178
1685070,23482.220202473403
1685074,71316.92496316387
1685111,68283.64217604503
1685167,16505.908587199217
1685186,30093.209542907804
1685208,29771.828569220805
1685312,42734.655218694475
1685397,37480.73042234282
1685400,20777.094130657446
1685443,42510.36705594434
1685476,40114.19577197917
1685479,41079.327127585726
1685485,33990.906109668715
1685540,94075.17692664007
1685593,53513.77709873156
1685669,22701.419045950417
1685672,26463.053035943318
1685681,22519.275009733123
1685761,25831.678297991733
1685791,28452.134105262496
1685793,30987.51057565643
1685797,85578.31283292692
1685808,53894.23450798036
1685809,40641.532342766135
1685830,38540.54397249131
1685838,53134.093102963176
1685847,28010.457710867646
1685882,63434.45802315833
1685905,32197.119735434342
1685914,35375.67382178842
1685939,28092.89626789091
1685971,37902.3143196326
1685973,19436.078701486706
1685976,35992.39015351918
1686011,30849.16459457469
1686021,31706.476626811767
1686031,50535.12783616732
1686077,30443.41874076554
1686125,51744.665706136366
1686153,55019.02724792559
1686164,30509.637184322226
1686209,93366.09229401592
1686216,32969.196158772036
1686227,33334.00366808166
1686234,43642.2240314904
1686248,58425.00606709987
1686289,72816.69661065719
1686305,32154.62866790346
1686366,61988.49102472111
1686375,11331.006663396147
1686378,24928.757022911184
1686528,10350.113055711687
1686552,88591.32758060656
1686571,33442.53454872179
1686586,56666.674479687455
1686591,78774.82532062217
1686603,86730.11264738528
1686640,58829.297920270496
1686697,59138.937501476954
1686700,39295.641633633306
1686712,32736.4105138226
1686731,32883.044936669874
1686751,33995.95229368545
1686796,30384.520429936103
1686810,28453.969686915
1686815,26921.751745371064
1686826,27930.42258648642
1686830,31496.600021576425
1686841,52037.136117242415
1686865,77633.44362485158
1686873,49017.97061862568
1686899,78009.6423088279
1686905,44928.89959334563
1686920,44015.383018394525
1686923,61915.31853259221
1686955,18393.89229322943
1686957,42486.95873712719
1686968,37412.51202945152
1687007,9552.626936594923
1687014,29877.158143459048
1687016,42256.31789456802
1687042,53330.25222854946
1687073,61299.40532556361
1687101,54254.00387627014
1687125,84012.00815926168
1687126,67911.98547916903
1687142,81035.76636574382
1687149,71104.8191004512
1687152,51433.04283656328
1687169,56987.544856327004
1687217,57588.411998802694
1687255,28306.543787806222
1687256,24864.10647738724
1687269,50419.46975919761
1687275,26231.783327827015
1687292,36653.37761150137
1687300,39848.23776122491
1687459,9808.494742245806
1687505,44674.26732602617
1687607,12336.59443840475
1687685,45945.42052933037
1687697,49631.96091439015
1687705,39009.466767570026
1687774,59886.78029398959
1687806,67773.66728304072
1687895,9777.926413353403
1687898,9840.84920428817
1687931,9761.725786625882
1687940,12721.852779168667
1688264,8643.11854815384
1688287,9863.774288473702
1688296,9795.056982775219
1688423,10840.758320537663
1688552,12532.761580528635
1688572,10599.619408944433
1688588,14619.60643944116
1688602,9588.951873223046
1688628,10069.263826650496
1688682,11146.91561711526
1688723,18530.69485091315
1688804,25597.114844150743
1688819,30755.869651174686
1688861,35922.09575521401
1688881,33808.50481722971
1688884,27948.080384196768
1688905,39205.30291812605
1688923,47588.52221576423
1688963,28772.676176556815
1688981,43491.21097904873
1688989,30950.57489128819
1689015,27819.482382859624
1689072,28652.096845556036
1689123,19886.197944731735
1689136,26663.87593691056
1689205,52579.99497147568
1689209,54616.67870982975
1689226,51757.565169744004
1689252,64754.914152187535
1689296,41341.48402448969
1689332,77233.24459071585
1689342,65173.95406384778
1689373,71168.99044684417
1689402,27703.62566285858
1689412,28767.897213050925
1689420,36096.9213235764
1689453,41240.23154043956
1689477,52403.971259241705
1689479,79025.627906679
1689522,20747.43416447835
1689537,60096.923967224386
1689554,64156.74140007563
1689568,80446.68457586852
1689619,9053.715923251733
1689637,28650.310816574805
1689645,49817.3487784046
1689666,36239.855223004604
1689674,42939.434809337516
1689683,51168.7952064826
1689686,35445.37336857558
1689734,11561.422439510336
1689739,12026.094124224917
1689759,10644.536019811909
1689770,13080.457119346784
1689811,39385.39159880234
1689820,69539.32965178306
1689884,10164.418988705576
1689904,34033.64726607841
1689922,13864.432422066022
1689949,28178.267805162697
1689980,82174.96427064978
1690033,8815.921839578841
1690049,14134.513313601508
1690060,9200.241134987413
1690094,9293.644970301977
1690110,18732.818216314034
1690111,13008.99680548946
1690115,31518.836491613434
1690128,14054.360761789409
1690159,23161.21650872296
1690211,38600.29863352059
1690232,33482.318634309464
1690233,26446.78822217084
1690240,20383.461236921306
1690263,24340.412474992714
1690266,21278.77678856378
1690303,12954.56761552893
1690345,29712.437153507963
1690346,29522.561284408483
1690347,47383.90794861462
1690349,21329.07339484539
1690380,21770.247010694726
1690383,93287.38696725562
1690392,23984.80872942097
1690399,80572.32117651778
1690401,25332.653835000423
1690404,37551.08961690462
1690410,20620.576878535117
1690412,80617.14668897082
1690417,103854.22415173925
1690464,23336.267600071515
1690467,22812.499873087614
1690490,21012.151263889584
1690492,21789.48372575707
1690495,24114.02823374849
1690497,22563.856903933643
1690505,23471.594962798546
1690520,27694.604155801164
1690525,22383.068269803352
1690529,19854.09947704427
1690549,93269.55127913435
1690554,71424.78779112606
1690556,20845.54479357929
1690569,24918.41930546336
1690580,37822.52491529248
1690590,28422.231308187856
1690597,24825.663524842133
1690600,21375.041613147187
1690628,21128.69980413014
1690637,13527.760235683785
1690675,26138.651463004233
1690678,30486.619784898066
1690692,23251.692914559542
1690721,24009.75042352388
1690757,85193.528499456
1690781,20894.638460887876
1690782,21901.011107601917
1690789,13358.206613870216
1690806,72895.43854420513
1690812,56879.49297361697
1690822,73348.39569054819
1690823,18626.875433742687
1690828,51496.4471420319
1690831,68394.47104136331
1690853,23599.908226444684
1690860,20971.191920096528
1690863,21501.454010342848
1690875,24642.522720833436
1690884,28113.099188658914
1690911,23584.990286439228
1690927,24602.969301974772
1690961,21175.216568282664
1690964,75408.10532862548
1690966,25583.46679731107
1691004,26456.079512859604
1691028,23701.35862842726
1691072,26290.321564727215
1691095,31973.66580415865
1691106,21877.196548146854
1691126,38572.71308965998
1691143,24337.713909238002
1691146,10790.614885349849
1691152,17581.367686940677
1691181,28750.998275829897
1691182,24269.41872269519
1691183,26678.03281489003
1691195,31205.76847791548
1691200,28545.45714384247
1691207,22580.16932712532
1691212,23385.697005567297
1691227,19789.7438596189
1691287,88161.4126127063
1691290,79024.79350844072
1691305,19949.357720814016
1691329,20356.145223250955
1691340,34550.14246427633
1691342,28311.217497527832
1691347,27948.080384196768
1691351,28384.570246740543
1691355,54543.887245958846
1691356,24504.558459754564
1691405,33953.36964608522
1691409,16597.19771467591
1691410,29327.044634497415
1691411,24961.833865057728
1691444,18744.37590796954
1691457,27732.614601823047
1691488,25737.834587023357
1691489,19444.311988938127
1691507,23065.669912233185
1691518,26773.799509496956
1691530,28961.395353951895
1691549,11264.391955956362
1691550,11743.769368362075
1691554,9632.951395679047
1691563,35658.46294432298
1691625,74879.67024952068
1691626,74627.66857913378
1691667,50191.363975608125
1691676,74889.93503435032
1691681,98021.55351838356
1691693,29768.391489227994
1691710,25167.527447055156
1691747,37897.07774120433
1691770,36930.71740932305
1691771,41264.23330036087
1691794,33807.73338859366
1691797,36122.49265935838
1691806,40298.86714888856
1691807,28658.353083424616
1691813,39469.03697768746
1691819,37157.2109203883
1691836,40837.867833594755
1691844,43203.94385650755
1691852,52956.364718018864
1691863,38460.54107596797
1691868,33462.30696938328
1691877,34860.82167495753
1691883,42528.25256033999
1691896,48121.949105439926
1691906,37765.726028339246
1691927,43620.65063518112
1691992,55250.34480140688
1692007,19851.012345734325
1692016,27775.366629511227
1692031,31284.23927605786
1692037,44416.2237723865
1692042,44690.99398298752
1692044,19867.28598833499
1692071,25765.92742724518
1692129,45413.68097572651
1692138,25242.10142669748
1692149,39475.28462983152
1692159,34653.73900885136
1692175,30841.4780847163
1692200,46361.47899689448
1692212,37223.1424406026
1692242,66845.42215376582
1692251,42680.49435377974
1692261,60491.1384034694
1692337,8691.315641340381
1692347,30654.559613934332
1692388,11284.467244946092
1692441,37885.2271259578
1692444,75722.14592149535
1692467,33403.76548832221
1692470,36864.86219461059
1692472,43332.62406769782
1692502,9999.211472696763
1692506,19279.079970409293
1692533,93804.90962206673
1692544,89765.48175799138
1692575,47468.66765898125
1692580,43757.38412928614
1692581,67770.43141477858
1692596,29214.422927498155
1692623,39147.38610147631
1692663,34774.924273853365
1692793,10416.545848936184
1692800,53165.82805389837
1692880,39157.054674032115
1692892,44089.05518678053
1692901,71525.52447807716
1692944,59818.442860680145
1692950,57264.865679537106
1692960,63978.569824333674
1692962,22760.771068787697
1692971,75951.14507378297
1692998,81043.18680691317
1693002,80072.24227401857
1693067,23539.44712205996
1693088,32012.01669517269
1693089,32569.984539581965
1693110,41837.71742147007
1693113,42512.667195722155
1693136,60291.289234342985
1693139,40716.50397212437
1693214,26383.5035867257
1693438,17977.36588778274
1693451,53410.72213679552
1693485,29140.44406406543
1693520,10981.053083603443
1693521,14063.215679524257
1693543,10207.78158012945
1693644,11339.912614343822
1693736,15364.679294170091
1697786,22237.950245818443
1697804,26447.554572602763
1697818,37700.52854282188
1697855,20432.353075264913
1697862,23702.224880934904
1697899,30319.712550186923
1697903,42173.90535768912
1697933,24862.690558583854
1697937,32196.331626325442
1697945,18414.613717932785
1697946,18342.25967827807
1697954,26864.573682822367
1697966,22435.510684329165
1697980,24157.105129125215
1698123,20149.53917236009
1698156,24823.588766362387
1698171,18242.552115387876
1698176,29243.572444206144
1698195,34153.933421849884
1698225,19365.391364705167
1698314,22197.569389946177
1698341,26395.899339666583
1698424,49004.93253519575
1698439,32349.35547535058
1698475,78008.06087413774
1698487,25152.794414602136
1698508,26692.551552596713
1698530,36380.15299139094
1698535,38727.78420062934
1698685,23644.220495756643
1698691,24552.378859757646
1698706,61107.05294105261
1698713,20289.157847885384
1698714,19670.43151544841
1698942,86428.95858311733
1698987,71463.67373625255
1699027,65326.34977560689
1699060,17302.995896647466
1699204,81127.47969159456
1699288,21786.93957834865
1699292,29206.80453947057
1699299,18695.078144756608
1705457,24984.868945407947
1705487,12626.162427675616
1705495,12274.690352075057
1705551,12561.611731764198
1705566,12283.657701450229
1705580,18606.96758528216
1706357,27479.220120276837
1706372,31290.8305512191
1706381,31552.56686221126
1706383,31424.41190616969
1706387,31977.061607039846
1706391,41546.795338850294
1706401,44881.617646358165
1706408,40759.29691748887
1706432,30993.194488454796
1706632,35811.29883920598
1706789,12316.642086086034
1706814,39502.31572210869
1706879,43320.05515869087
1707236,58412.78577797235
1707254,61478.52027107993
1707258,60348.67622119407
1709404,39086.05049814013
1709426,25798.057511148232
1709480,45901.68123364193
1711213,18889.676720934967
1711523,22276.867086022026
1711986,40772.26874417828
1711987,36096.10443638686
1712001,36373.4054385609
1712039,45336.87388980228
1712054,42682.27502951872
1712056,43346.107616305075
1712076,40204.94599095967
1712083,80058.89459396614
1712085,38673.67312107796
1712110,51339.35932750387
1712111,49121.40296178614
1712118,29305.9137017866
1712127,28867.229385553517
1712133,32486.29597871166
1712156,42667.536672079004
1712247,36864.893675954845
1712248,33334.57436297177
1712284,60546.450491222175
1712528,26336.689420120292
1712574,30337.36612016954
1712575,30337.36612016954
1713116,9407.154997981459
1713538,22837.267242880123
1713887,23784.497324901175
1713913,19375.758411826107
1713938,15876.391347319182
1714027,16104.601151696168
1714036,18052.03095282019
1714038,21572.815232905665
1714043,22420.68547555771
1716889,30133.34792339303
1716906,50231.5264531916
1717282,34608.41546634203
1717357,12517.814470305944
1717440,22345.09721168723
1717463,28594.872150419615
1717520,68601.13611145523
1717573,31668.135977496615
1717587,20829.619186977885
1717822,22703.875023424585
1717839,31790.2521142712
1717867,31208.039348924867
1718155,24483.36458302535
1718160,23697.047782329093
1718162,29346.070457324342
1718186,30745.389037585886
1718188,37592.04926287505
1718202,33856.961537804884
1718236,48715.64181921992
1718239,64848.43312250756
1718244,80383.77814880968
1718246,41025.624032646025
1718264,72933.54797024815
1718343,15779.80545968313
1718417,14279.583965286227
1718532,10397.569857025419
1718535,27135.93323848272
1718600,10157.562836072435
1718644,10537.900403261992
1718672,32667.90842056673
1718678,13761.887135709296
1718693,9604.305941874884
1718873,76877.226550608
1718898,56589.475533569785
1718899,48791.476562899516
1718908,81510.94939006156
1718911,37022.86113970974
1718929,68943.4914439803
1718942,28639.093064571854
1718960,13985.000793225832
1718989,13706.824671709766
1719518,89285.77381611658
1719539,41391.37480873082
1719548,44359.90176724407
1719567,33203.1439783643
1719574,25074.743254402973
1719576,32355.21130487072
1719616,34887.01661848945
1719617,77466.12436800623
1719620,39438.13716504916
1719627,44170.99446100982
1719636,68626.23205060561
1719650,44567.37426570283
1719653,52366.81227420432
1719674,71576.96834428601
1719682,93422.3650637737
1719687,68218.40328270529
1719708,72025.97128573913
1719715,33329.99925859249
1719717,48001.783029065795
1719722,52504.01278728435
1719733,13061.941685484431
1719781,25618.082403080538
1719803,19878.094142092577
1719918,48931.28793126981
1719946,17600.200227073514
1719958,18056.694378120268
1719959,12348.176565080199
1719964,13793.416920498445
1719986,15943.802798481287
1719987,24004.0066407856
1719988,24004.0066407856
1720001,17876.043997381697
1720003,18216.489848175566
1720008,20275.20016219137
1720060,19924.191397703366
1720159,11415.00004969251
1720181,17524.049637881482
1720243,12953.010773262607
1720245,10602.878372343288
1720266,11085.45252486317
1720450,21093.91720238745
1720633,15486.402454955773
1720639,10872.019671796015
1720646,15486.402454955773
1720649,8954.280367589843
1720677,9415.548678315437
1720765,8919.788406214404
1720836,11873.172783655224
1720837,11555.68621206774
1720984,17349.001075457225
1721290,48169.88959737097
1721365,39265.04746474181
1721372,30218.098126299043
1721403,36479.74111488437
1721412,30105.886003803025
1721444,55103.243032949315
1721477,26387.916770257063
1721485,42293.236791870135
1721490,30105.886003803025
1721491,28991.297981312175
1721496,29904.69283447249
1721503,35441.13968007517
1721510,52214.28041999274
1721513,49334.79035440823
1721516,39061.50934932528
1721552,65412.68251856517
1721562,67252.72792678064
1721565,99150.59866312673
1721581,53362.62959036339
1721584,82740.80523291626
1721615,76945.68859233857
1721617,76945.68859233857
1721624,64561.36007303561
1721675,76774.5948953121
1721682,57330.792324495094
1721684,48574.07705028332
1721728,37553.0900455505
1721733,69729.45280062148
1721737,47888.72640689748
1721746,96173.08088346319
1721753,36159.645370281156
1721756,44597.84583682535
1721758,23253.781252426987
1721761,39898.84676897021
1721764,30059.436718664987
1721788,49908.71291760837
1721852,58810.401231787466
1721857,25694.42991982457
1721863,26942.563403079268
1721879,17126.233463364642
1721912,33724.34192820005
1721938,39142.13461904066
1721941,22779.676284193694
1722007,35997.44685485816
1722033,66551.63369905848
1722038,37530.3508172186
1722039,43382.815036032465
1722059,17001.472181811063
1722064,34999.53569525208
1722072,23933.56243624044
1722100,30569.012071707948
1722101,24452.377249213947
1722131,26429.897836627966
1722135,26870.918338784
1722203,22818.65156668611
1722207,22761.52913632174
1722317,11134.356659615161
1722369,9902.098684295297
1722387,10288.310855642738
1722459,61753.07235354072
1722464,24501.957006882803
1722469,59718.52805922887
1722491,81491.49481611748
1722494,30319.865934660724
1722495,39803.81943119558
1722507,42500.83014434586
1722515,41857.21181885664
1722521,47886.47765629611
1722530,54365.534717845236
1722558,46501.85362230503
1722562,39831.42478535708
1722567,15261.555365085147
1722572,17977.610946637215
1722601,26659.53105915033
1722617,27999.8050909872
1722622,31055.885122807387
1722633,32803.21923797147
1722635,29593.373960748893
1722637,30973.813668928346
1722638,37501.350229571755
1722655,22407.55943369714
1722657,34161.738122986186
1722660,26437.80476338256
1722662,27680.78029609627
1722665,27173.35973735513
1722691,27508.53464896686
1722703,27538.382289966627
1722708,24664.697908959824
1722709,22311.12612581739
1722714,20740.522503080545
1722911,21774.8831034097
1722920,21054.899077368886
1722938,17749.152338553067
1722942,17749.152338553067
1722958,18183.512908016844
1722976,13734.727090395658
1722988,12337.163864217782
1723033,17851.817160116043
1723046,16458.382780112883
1723057,39541.100965613456
1723061,20729.815499447002
1723063,26614.73142036241
1723068,31470.835235363604
1723070,17967.462880792784
1723072,23548.323325060635
1723077,23776.44217754863
1723080,14449.291977366036
1723090,24294.91110271406
1723093,26741.330875807536
1723117,35940.10227794252
1723120,24054.86166032169
1723127,27267.596675951805
1723143,27661.37136628766
1723162,27572.8080736834
1723173,25816.254792013624
1723181,27683.764131928514
1723195,25018.121459269954
1723199,26574.363597964017
1723213,16023.94080716915
1723216,29893.64509953192
1723232,13906.29652543197
1723238,21461.586053067807
1723241,32039.159589997234
1723261,41148.46688141251
1723294,28326.42598866895
1723323,68307.50200063379
1723401,24555.063820479074
1723406,24641.62539716149
1723412,34724.40111641466
1723418,32484.777701185278
1723420,32956.74337978133
1723427,44297.88564421394
1723438,56600.918046221486
1723450,46394.6149853573
1723451,40933.24261253851
1723452,63635.475471533224
1723468,72441.82498311311
1723503,37324.51438125297
1723507,69213.83989789551
1723518,38906.20119385759
1723525,60617.6787341246
1723564,54176.80191040239
1723677,57233.36233025828
1723734,36828.07181400317
1723751,38370.20928386844
1723753,27615.980812192352
1723755,58650.572778656686
1723762,53335.86237757295
1723772,73837.79128675368
1723782,31280.01753068569
1723868,30929.41793101727
1723871,27188.34322825139
1723907,31163.502759322062
1724043,22919.981781381233
1724120,26706.090737281418
1724217,22610.57738487744
1724259,24387.642823701608
1724319,44408.87126574585
1724336,44030.62610774693
1724362,19597.222639635504
1724385,18454.93550614595
1724430,14924.029676118147
1724462,15249.974261987289
1724506,19126.847019518864
1724532,15056.752502365573
1724542,15585.767489593505
1724557,15148.512440870945
1724560,15562.029494240618
1724562,15001.333901325592
1724580,21249.80298788874
1724581,16517.556898606115
1724599,40572.398634862126
1724617,39996.313806450555
1724626,77581.96445812777
1724630,73706.49036598373
1724648,80683.30212870284
1724689,44508.375525779724
1724705,79477.39702823908
1724706,47451.81685212979
1724710,80011.36343321839
1724722,12928.254599946285
1724777,35440.48430418539
1724780,18703.75541599819
1724871,63621.635388827155
1724872,23431.972561665316
1724918,34381.517945700434
1724952,27723.38821871163
1724970,68984.68741859631
1724973,88479.88837589469
1724992,23452.255608726467
1724993,23267.80246967445
1725003,42967.20598358693
1725095,15803.977209749986
1725150,31210.831397067235
1725496,12826.617689752045
1725582,20658.055688235327
1725650,15307.981557131232
1725885,14831.567004170862
1725887,17103.27212054396
1725888,26310.340460604508
1726196,15467.952408969848
1726309,25035.54516454144
1726383,27044.78866793447
1726690,33183.93226257816
1726735,16758.83192384067
1726736,17536.16404544458
1726738,21853.455855702356
1726763,24249.523690429665
1726778,18237.28115303907
1726829,29584.975683964098
1727014,23680.713234101073
1727314,29712.207205551742
1727347,29767.040573213264
1727407,32540.59849043324
1727660,18921.793984687934
1727731,22345.625003459405
1727753,17984.901818110004
1727782,14847.842505368053
1727951,57271.37160052111
1727992,54387.06673190794
1728006,16586.320967803214
1728468,55194.063042509224
1728806,37872.52861160018
1728850,16836.326717857264
1728860,38487.58415615861
1729173,38522.785785487235
1729174,45003.74652300265
1729389,15565.94012099402
1729482,64233.6570234882
1729509,51067.11001476248
1729515,58664.89981456804
1729805,37220.468733427304
1729832,130574.635883561
1729994,36478.343781722055
1730147,9736.814516259952
1730215,13727.777529071162
1730445,55463.792030775265
1730541,72461.85831542667
1730644,44418.30705347376
1730726,11630.096387311334
1730912,28089.31967287945
1730928,37727.36187406669
1730996,52401.46108149615
1731031,10133.548144551163
1731071,50835.13073888762
1731098,16762.75708231329
1731420,18460.464118700213
1731427,10495.046024121573
1731481,9121.506639605752
1731521,28801.163512679952
1731528,11881.857492055311
1731529,23994.997342187526
1731637,13373.080790476757
1731724,9913.789238995141
1731809,19404.383435343345
1731861,47724.962596800666
1731887,48432.01825869141
1731902,11311.782161604357
1731908,10443.12298039544
1731917,10059.179416680172
1731918,10689.966425162083
1732068,17531.52746106337
1732175,10005.394055276969
1732177,21021.034929186637
1732244,33336.555110958056
1732274,62257.56496837568
1732317,50340.346677262394
1732333,31370.40292755704
1732365,15975.159257059751
1732415,28754.031566888807
1732423,16627.970595392882
1732548,17724.594998778623
1732592,16461.357211858172
1732717,9360.672870658374
1732790,10880.599533298697
1732823,13866.01714897358
1732856,17759.068378492015
1732976,33341.729202552175
1733032,14500.87940650155
1733033,11077.103075452902
1733038,10391.219025987677
1733048,35764.62738279352
1733050,11500.990370711785
1733076,29768.058485872643
1733130,39759.792407603876
1733178,13822.924463059555
1733193,12076.010844190241
1733363,9450.625040048199
1733372,51047.4613453656
1733382,10767.685973454292
1733412,19069.10532962426
1733513,40421.828251548766
1733549,51708.238064746554
1733556,19963.25188414772
1733559,10346.138417033058
1733562,29084.30979830289
1733583,9983.241302843937
1733601,49385.7549134884
1733664,13636.941756064432
1733678,11810.56716110321
1733691,16078.164798504567
1733699,9719.346432119579
1733703,8933.188446359696
1733710,54007.53243599416
1733716,14509.435970211878
1733733,10230.758590677679
1733839,8797.994261687383
1733856,19438.68734518823
1733896,20012.574769639836
1733921,13331.161603154402
1733953,13050.742740345147
1734008,8982.682636865984
1734054,50520.982739017774
1734120,9279.780483212102
1734317,24573.26097180239
1734331,9618.50070943617
1734349,65666.71610943803
1734355,8797.129351904394
1734455,57922.09845003693
1734457,40409.752048032846
1734595,40304.028347308406
1734660,13782.945268843803
1734726,30704.238793240296
1734840,45853.14443531918
1734857,12894.250032970514
1734860,9405.873214428084
1734917,12476.051242017526
1735446,15184.0307471929
1735515,27602.77592908728
1735648,13138.477234945196
1735693,13564.841941622137
1735729,15681.24831383491
1735777,22759.289877062256
1735850,9863.224655567765
1735851,9796.400796181026
1736074,27283.892983903585
1736197,29303.730732409305
1736235,39369.810629063446
1736256,14032.603746454857
1736327,12792.15478896768
1736464,83359.91477429525
1736497,23007.27623348238
1736498,51038.23738775851
1736665,71060.99742660907
1736741,42348.0824287686
1736754,41623.12659630855
1736824,83530.59831785761
1736850,24970.85407835104
1736851,96756.81977788649
1737070,15511.762305626966
1737204,22091.046216788494
1737363,18575.032625944783
1737366,24528.794844800315
1737456,20359.461234971364
1737485,26911.063463512546
1737554,54721.76191230395
1737684,24725.197479672886
1737735,15977.729594064638
1737746,23439.357143808214
1737773,14976.289648167822
1737803,30115.44007989937
1737814,20731.92123812525
1737832,17743.676951059777
1737895,15712.612750450407
1737922,40269.7629191187
1737994,31844.110054858516
1738084,34370.06681580175
1738164,23231.639246720875
1738178,27758.142257145108
1738261,28824.766191022514
1738288,27432.47622202909
1738351,18177.117821391297
1738352,13401.161229794854
1738363,16451.306650484996
1738377,10208.467271600608
1738424,22711.216839521017
1738445,53619.46532825421
1738526,27740.197843686405
1738539,35270.86465014946
1738579,22711.216839521017
1738635,26097.628431219127
1738651,14953.10618142636
1738657,14813.037940436785
1738683,16338.355460055704
1738713,29450.80304580634
1738733,47354.88284111768
1738777,28528.47384971505
1738840,38063.6079198736
1738887,21735.403261251024
1738893,20041.260821066975
1738898,23942.97082417942
1738902,31360.03018782926
1738905,25496.64572029552
1738943,24193.6372282722
1738949,19237.96443925626
1738950,18239.11651686659
1739001,50828.53201952974
1739029,25567.816897807912
1739049,9344.692797867781
1739112,24920.173832335982
1739125,26107.10739597088
1739173,18567.89413608952
1739209,15394.48339985366
1739216,13367.623085744446
1739224,28063.066724720415
1739232,20549.92202080109
1739243,17283.447631819225
1739316,14703.556859567298
1739343,9471.003523683563
1739373,11938.281732015692
1739385,14781.06620742683
1739425,30282.86946399194
1739475,13640.544400262885
1739553,25486.057037292696
1739559,17304.690768952674
1739577,94865.84584492742
1739619,28790.952885664385
1739830,29081.14361407129
1739984,28152.389210664285
1740016,106837.79727331486
1740104,28256.27452139738
1740126,18430.36117591183
1740215,28725.14647914198
1740268,11016.33473765308
1740269,12333.748555046333
1740273,29204.736987299
1740368,16192.289287374831
1740391,25896.866942728597
1740400,10560.352335624402
1740507,29513.85901101619
1740558,52254.63884334509
1740681,25016.212212001625
1740956,29066.384262867927
1741020,16383.448585553204
1741026,55802.87816309639
1741034,26006.098197009174
1741103,12028.18757164431
1741307,77162.95464861215
1741595,19192.11084258198
1741751,14061.517986161725
1741770,47336.60807287489
1741808,34842.871306317305
1741866,15810.919618972952
1741867,11189.210438380662
1741870,38345.644525886106
1741894,40272.27156803022
1741895,33620.7904056774
1742113,26445.764711150397
1742350,29366.446800183403
1742357,22254.0586547882
1742418,63460.683697700304
1742423,63928.66338351921
1742595,25243.209527717954
1742622,21158.614570286034
1742686,20275.250131013683
1742970,15795.682689585272
1743161,9817.635035005178
1743341,11401.611382969073
1743395,28381.77889546752
1743480,21724.320879682135
1743559,21398.955437744768
1743730,15370.248104299895
1743779,28370.78291659058
1743804,40276.61406205027
1743814,27453.079032962385
1743830,85176.19609987116
1743866,30836.085160064828
1744122,24354.90590950538
1744123,23395.859760781408
1744133,30280.757268261572
1744156,22888.03360588524
1744202,9958.228643140734
1744354,21819.656181712453
1744380,17729.947502797375
1744396,38099.208438746566
1744410,10670.37665520321
1744411,10680.636296412718
1744414,19516.658895216904
1744426,46173.219452516576
1744506,11762.612567957814
1744548,22436.39189076707
1744623,54599.95033617651
1744625,78934.34527036897
1744808,12130.640123126459
1744831,50288.2563371486
1744959,19878.132465022372
1745006,25371.294976439327
1745138,9173.859425877185
1745183,15981.006000765943
1745189,14492.528673899133
1745273,8992.859464495823
1745281,11167.649963056854
1745305,15935.538723311096
1745340,9710.906275467452
1745343,8963.776500340486
1745459,20236.718487316033
1745492,9781.978294514982
1745563,9332.82871499443
1745583,9492.28814189839
1745653,13728.763528241614
1745663,19331.903375310863
1745664,21323.612073544886
1745683,15268.27316231867
1745684,15252.07628970481
1745713,26435.73850155821
1745733,11498.263071646708
1745819,23495.571072101782
1745836,78869.47461170513
1746022,26729.035342115207
1746025,29443.624534311857
1746032,22789.318684219063
1746121,23483.559312519174
1746125,27876.22299219003
1746149,29145.497319655427
1746153,20242.032278405313
1746273,27862.085804523806
1746286,103239.4163533556
1746540,27195.863189567535
1746627,11411.139224672335
1746673,9730.456624085567
1746710,16212.521395338346
1746763,13653.92684072864
1746872,9647.07367671734
1746877,8721.258436093807
1746878,25454.839623351847
1746897,10028.682584034408
1746943,38994.513874224845
1747037,12689.753297089024
1747211,33365.825213424454
1748133,27328.520659142996
1748198,25353.297864705943
1748289,26882.39072020891
1748386,30740.420143124305
1748431,14329.499640467595
1748873,27675.181181565415
1748899,16165.222498862186
1749015,36234.62106320446
1749095,21560.148793204327
1749123,28170.473403631768
1749146,18821.7050685528
1749186,18554.64874102547
1749261,16404.39324847398
1749371,20443.359484232406
1749457,19686.39979075328
1749458,25035.158647948792
1749461,23682.03984175452
1749633,18324.07993427421
1749879,30930.83057983724
1750071,44648.88159877032
1750077,38129.69971823313
1750114,19148.777408642978
1750154,28085.888279772345
1750155,42783.1193682914
1750181,28332.42939182873
1750196,33814.23238642806
1750243,27649.520177984636
1750257,20436.770394356474
1750318,35068.00012035442
1750364,13384.836054384488
1750488,17807.29869486824
1750552,25264.86086685451
1750557,30948.581548905506
1750564,36277.5890123526
1750610,23283.86920035738
1750639,30812.984247085955
1750693,22601.92170322273
1750841,26230.42637089338
1750869,26596.98237738172
1751080,17593.06339047567
1751319,10187.957946611918
1751406,18454.687830530427
1751478,32517.153095901383
1751576,20870.63801559512
1751595,26280.90428046847
1751608,111976.35959395055
1751704,26926.56889468881
1751714,34688.71256106718
1751735,21204.93745867239
1751832,17824.169182574937
1751833,15014.199606512346
1751866,50235.40667731762
1751942,39593.94534595738
1752005,28352.980631145772
1752052,44225.37295297838
1752142,19894.12458598278
1752148,18905.8870116279
1752171,41301.92755597899
1752308,18267.815146036737
1752310,17524.52604855463
1752321,16730.05153744839
1752409,30607.876045913086
1752510,24821.981347878296
1752654,32093.36730370132
1752671,55679.01937125124
1752674,52518.12971960197
1752854,10832.098612708818
1752874,23026.379528043184
1752887,36330.05352885228
1752903,36954.006210066196
1752958,21056.095729397824
1752959,18683.027098233226
1752964,33560.95190869684
1752973,18125.794510048996
1752992,16733.81508635707
1752994,26500.722624684553
1753159,33237.87726143292
1753216,35872.10338692874
1753220,17970.610492197466
1753250,15799.81131934843
1753291,29303.646447076833
1753295,22853.0398295247
1753307,9417.29849912797
1753318,39372.15573049649
1753394,36428.57750696856
1753401,23981.768885265657
1753408,46640.70079663294
1753586,11837.363538780382
1753625,18157.491630681845
1753661,41616.7920633964
1753691,30348.80451145177
1753782,22867.445470263676
1753793,27695.600183855677
1753953,14509.26961917779
1754024,9409.60613690816
1754027,9409.60613690816
1754205,13689.183465839918
1754404,13357.132065879809
1754565,13298.61409568572
1754577,34424.73336444037
1754659,15678.854347885443
1754672,36104.897888212145
1755079,29115.174961505127
1755512,42336.13984817134
1755540,18287.262068070635
1755946,45660.5754814354
1756185,14703.528772693495
1756479,64488.51053223926
1756505,47854.04045249964
1756817,27353.97835218277
1756824,30915.679308678205
1756839,52051.61616129776
1756933,17558.937339535318
1756992,16463.56605084109
1757003,10621.611960598488
1757034,107591.76927491071
1757264,77501.88158761545
1757365,14187.711398471185
1757688,47257.42910712199
1757782,26823.454628243548
1757810,24493.17985898591
1757841,14636.48473973697
1758062,23508.615771508797
1758121,42700.45571109738
1758137,27002.012998129798
1758138,16140.21300129126
1758266,53480.5890233959
1758733,19386.916974879696
1758768,16914.200215292265
1758853,16617.429671046117
1758874,22371.927900637194
1758950,39987.71733674831
1759103,12567.783761095077
1759628,8759.9916511374
1759646,27244.779545705762
1759697,17868.73661905804
1759714,18669.446873259658
1759806,59902.03570624981
1759963,54643.93650576813
1760109,75608.00034990227
1760126,50703.55668673911
1760146,77544.30984752525
1760177,64104.640654045004
1760549,17757.016826784176
1760593,13805.149937240814
1760598,13533.444988497598
1760633,49044.70153311874
1760666,46519.27524703019
1760870,40384.31083344052
1760926,50237.48060070965
1760952,11421.657696222974
1761063,25926.80244410881
1761126,10691.892354200867
1761203,10728.52167543127
1761207,13919.360412374135
1761210,82950.69553689666
1761211,10610.549872636666
1761274,18727.353403900946
1761317,64573.47700296275
1761367,16849.298184369178
1761398,12455.07360364007
1761410,88245.41112226289
1761411,16227.905291954537
1761414,17280.324671996525
1761416,21550.229068564688
1761428,36783.95168867934
1761430,9204.363829134325
1761432,9448.286117390102
1761463,60045.10634320868
1761471,12009.142460044242
1761503,42323.80536316979
1761516,32817.53217200473
1761522,54610.88385802412
1761531,54204.25063062309
1761561,15801.481893528995
1761568,43990.650261898656
1761619,58851.59272467734
1761629,35602.76364897491
1761659,60007.40507704331
1761670,19224.21947081704
1761696,9288.099848163532
1761716,41296.63842191631
1761733,15827.380081630276
1761761,42839.378339755494
1761919,18167.19011100343
1762040,10432.073420203677
1762107,84235.66309254264
1762375,43522.05328942692
1762395,18045.933920643587
1762403,74330.40589993783
1762404,26096.04660786697
1762418,13998.87070318657
1762422,41012.84729539291
1762457,45853.616276716224
1762469,20357.818613543044
1762556,25683.029583077416
1762929,48897.991572378465
1763026,23217.847387739574
1763810,24950.569152085074
1764415,45044.89071481876
1764423,52276.131581551905
1764432,31408.68707647231
1764436,21415.16957228778
1764439,17818.229662447637
1764441,22435.49962655246
1764499,99801.1030985734
1764503,21853.72380192625
1764515,13693.89321661074
1764544,33878.878097017005
1764575,20377.88050008934
1764604,60349.596320758224
1764617,30485.589922903506
1764621,52283.74056460284
1764626,40661.71759585097
1764631,37095.98129438335
1764676,55814.54137603143
1764955,19220.60994352885
1765377,96074.88506951646
1765454,47948.09260033879
1765853,22050.186221708762
1765946,17945.32061470467
1766051,27020.936953504897
1766052,63989.903965069585
1766060,19607.14701709327
1766061,62799.4899816767
1766203,21493.578308696906
1766213,26432.30982933472
1766271,19688.185763277317
1766300,30241.622512414226
1766329,32584.82625190244
1766334,53265.064462538736
1766411,24757.69338028048
1766482,32878.538485938196
1766485,18680.42956805743
1766501,20645.129786812035
1766520,39270.11731193666
1766524,32234.008772362966
1766537,20227.410436378814
1766549,30149.868675247715
1766550,22918.085411411277
1766562,68259.6098573939
1766563,31799.863425718973
1766599,67208.71534105275
1766600,53199.6261679454
1766608,17807.413558802473
1766632,84170.53952170696
1766645,17707.498368124507
1766648,26041.152433530515
1766658,56092.108964928004
1766662,26553.897966410717
1766675,102193.25953811365
1766677,69789.71700369816
1766741,54297.27125285301
1766753,33017.42067574982
1766775,25146.39499429092
1766792,36472.22886136612
1766811,18723.381390395916
1766820,42211.57591354662
1766836,32436.95380384341
1766846,61701.375180784795
1766852,15937.399864273626
1766858,34463.09090879689
1766874,32664.847827868005
1766888,32965.398692070514
1766889,27582.162537400054
1766894,20949.011828179595
1766903,66860.69183026852
1766929,31581.645011867302
1766934,72141.56889410743
1766974,27557.655867603706
1766984,31483.727087982366
1767011,30075.802257041716
1767058,35625.3750955618
1767065,29779.292797086026
1767148,61604.99106398983
1767159,27158.8329895564
1767161,24702.69522665243
1767162,27148.505186262868
1767178,35156.58482727078
1767179,35156.58482727078
1767185,73803.88377655637
1767216,36366.75029214109
1767449,41091.12492475357
1767478,43492.65150868498
1767845,66997.29861347617
1767937,39999.6418281333
1767941,45380.4931800608
1767976,37674.95469745743
1767979,45852.34612017424
1768017,41153.37632963191
1768036,57966.11096543846
1768041,29859.034146037804
1768046,82268.42965294993
1768067,54193.314152956096
1768085,31480.808729509394
1768112,58054.27644742131
1768116,49526.68964721175
1768175,48544.771952714495
1768219,39991.45796784583
1768231,56327.85108884605
1768271,65084.15344565673
1768292,37863.00967013477
1768320,46300.39576630543
1768327,45735.53644507121
1768378,77916.86499745923
1768391,60698.72673249214
1768462,71202.29796273408
1768471,54277.626728505464
1768500,34838.38738013328
1768525,69481.13618650576
1768539,70844.86138213363
1768576,67549.08352562507
1768644,50545.80943118753
1768646,41168.59284951858
1768658,71496.11980257255
1768667,15175.7992343136
1768688,58294.37766940235
1768697,42889.765880027524
1768722,51895.29339326996
1768764,57782.4965967705
1768782,64083.21724490518
1768787,32974.77416925289
1768827,72479.30270999348
1768936,36968.23588093799
1768938,72739.65823769313
1768969,71876.22904347611
1768981,41792.632039912045
1769001,52508.562821043684
1769038,38441.556335135574
1769064,75919.93653187358
1769112,31458.128437366442
1769232,35465.577417673674
1769236,52397.309204377976
1769287,95504.77311145588
1769288,57440.72152354357
1769296,79874.11402929996
1769300,59301.81238166464
1769308,69638.90781454337
1769311,90293.57809719212
1769422,71977.05075045404
1769435,78711.88949611947
1769459,44890.79697253872
1769485,41680.940048379736
1769489,37997.63904806069
1769538,39228.529938069725
1769548,60832.61482823794
1769583,33758.33970231933
1769584,31033.09896806991
1769586,43052.88290800044
1769588,40981.576097249555
1769600,52190.89344170648
1769621,35028.97260341229
1769637,33739.76055501266
1769654,44370.46097982452
1769669,42561.38731761361
1769676,38098.37891924594
1769682,34933.89890379373
1769690,43257.240258052065
1769702,31300.89600172158
1769731,56937.542934327306
1769758,71444.23640145906
1769760,63619.566069203174
1769785,58108.268214785734
1769811,65030.41063198953
1769817,44990.4167469706
1769836,71490.76092049223
1769859,73499.02845176042
1769879,66552.35973724323
1769910,48869.170164697614
1769911,33833.583562426036
1769916,58885.46861227417
1769923,38246.043566906825
1769942,39966.73922735472
1769951,68762.61452413799
1769960,61239.0494235726
1769965,43347.948081550145
1769972,25117.048707122864
1769975,38638.348631633904
1770002,48143.418887597654
1770020,77139.56874706583
1770024,76355.18143157492
1770034,33682.60140365112
1770040,24863.22972728796
1770076,41258.32476752555
1770085,46024.38007123206
1770121,37246.214599238236
1770134,42117.00978685951
1770137,41691.85293905228
1770138,88714.7655650959
1770139,55771.68027105843
1770146,47594.525204462625
1770228,46517.779267740305
1770318,42563.22341605629
1770370,46123.68511868475
1770378,42043.48592262731
1770392,49262.48391333592
1770423,46035.940319226014
1770430,44756.629106445354
1770476,49736.980705596034
1770495,51312.28145593783
1770566,39518.08537324924
1770575,56838.50630773819
1770611,60167.7995546154
1770612,53279.07364731641
1770622,96500.8357854314
1770626,88879.11984985591
1770653,74146.92430814235
1770666,84539.06791405015
1770746,73015.20285122002
1770754,67653.5385483265
1770812,83534.65207870444
1770899,76291.3592612463
1770906,27422.879552435777
1770916,95760.06186795855
1770933,74564.39621051181
1770945,72350.50031001194
1770999,94974.30617988989
1771085,60734.099749203015
1771128,86552.72249454618
1771174,89376.50713327873
1771198,95347.65687485205
1771320,104461.04808928857
1771469,53134.062603130726
1771476,59178.71132695326
1771535,81657.44353823763
1771624,76952.8327506453
1771693,90772.77994463584
1771823,70055.07205158651
1771874,89409.24583453743
1771968,48052.24080885525
1772018,63470.961876589
1772024,96149.57752510771
1772105,62796.23359722743
1772122,69260.39541987168
1772178,85919.1881457305
1772202,48401.988671444014
1772239,91757.24937652258
1772453,21304.51159002624
1772477,37522.221089724975
1773426,20729.794738671146
1773881,28212.591809243582
1773959,40241.61798566324
1773982,39617.01081830278
1774011,60138.22337043687
1774064,88333.59145833914
1774094,64209.58110770294
1774112,54335.032703143705
1774121,78701.02132385087
1774187,96478.6770286278
1774224,54513.57502490697
1774239,44790.637989600444
1774261,95650.83656721513
1774459,55297.935758738386
1774465,26617.446124792627
1774645,15788.713179682067
1774653,22380.049680101933
1774691,8809.983003199446
1775424,91044.08478674472
1775453,75288.99915436588
1775473,47695.425112673605
1775524,87339.09536174207
1775574,18812.9603771383
1776086,22907.836422219305
1776092,27052.99778680905
1776105,26598.248664379247
1776151,42325.07694790394
1776177,39312.09307105489
1776181,85017.77046709947
1776227,28212.59115201279
1776231,19988.511249766365
1776234,35042.08661426543
1776307,45330.35148590604
1776344,36403.82497929332
1776374,79647.2529023375
1776402,38403.66655837875
1776431,32845.0486104382
1776469,72818.86203267945
1776478,67225.53375138568
1776537,25862.193952450747
1776540,60163.107547736996
1776549,42832.57848200598
1776551,45736.85152982344
1776578,60308.75820539809
1776588,24205.211729802744
1776623,63240.16498525928
1776706,75072.65552397583
1776756,84066.80797484131
1776761,92706.03025751593
1776795,95132.50210506772
1777130,29570.997793781626
1777270,51095.414324340716
1777589,22251.620000423438
1778259,36957.525611886405
1778510,16051.11125560449
1778650,23135.85905483346
1778839,19517.440364677906
1778894,27156.629419613175
1778912,27693.80859914736
1778917,34156.260911365694
1778952,33876.25915387156
1778954,27401.40802320518
1778957,32366.505069470764
1779505,10447.96092688669
1779766,12203.48388303011
1780612,11871.430793867785
1780645,9594.116949020668
1780661,10911.201314993308
1780702,24264.70018355021
1781547,26216.430994637783
1781852,11033.453931080072
1782169,14612.307094107056
1782657,17362.74453543898
1782663,15354.714082108449
1782825,23903.34712189419
1783087,31108.816208473596
1783188,39180.501434011334
1783192,27481.51455383276
1783885,54193.18847449127
1783926,84645.44032719618
1784121,12027.708290013446
1788939,16913.558245189775
1789841,8728.412468807206
1789842,9512.383652837978
1789855,9075.376358262305
1789858,11835.393965997497
1790314,17312.604082525326
1790316,17251.813311162
1790335,10677.554855804747
1790425,12782.691904261901
1790489,16171.90178760662
1790520,14802.039557126815
1790639,11188.460126959955
1790857,14375.067950450419
1802462,13004.171242591701
1802743,12599.7618214392
1808574,14825.025068356657
1814754,10820.76045299198
1814809,22582.376366468114
1816617,14887.369086204664
1816907,13413.039528607007
1817483,25856.75480303333
1817581,11339.603281258085
1818569,8531.71669708005
1818603,8561.582470734822
1818640,14817.480073273293
1818655,23553.18126241678
1818656,14337.694661276499
1818790,14445.943300682035
1818829,20623.126617337643
1818973,15329.862959858054
1818978,14992.138634605684
1819595,8709.293456489655
1819623,11510.336870435418
1819628,10052.075186146976
1819822,8270.030165928241
1819885,9096.07419792052
1821495,13203.311045687928
1825467,58651.1891799656
1825469,26886.068645318024
1825508,14863.282309649956
1825534,9858.17517224205
1825566,17652.317388337407
1825568,17652.317388337407
1825578,13553.247830131268
1825613,16284.576309474536
1825665,10523.440799264084
1825708,35855.98785689625
1825737,26598.420376949995
1825755,35886.17947726572
1825780,28995.585443951662
1825783,22884.109020729637
1825784,34265.1281002258
1825798,41706.305725026075
1825804,39260.18471248537
1825808,26181.853019703223
1825809,32644.558523189364
1825818,17418.51702843674
1825826,15957.819315544846
1825827,14586.124041136381
1825830,16233.136897563587
1825863,42873.29081861242
1825968,26401.002280457484
1826100,31682.784755942437
1826107,46395.3907188766
1826110,28542.75174448612
1826163,21342.89441294761
1826173,67671.54223655521
1826174,26883.431949525035
1826187,32593.468438657063
1826242,24469.874634738946
1826248,38372.84668480365
1826253,54157.633252308115
1826262,27655.363856654494
1826284,44666.033793457
1826292,53413.541110002414
1826295,53941.1333761872
1826307,54682.13805109184
1826321,31035.968491470547
1826414,59688.409730058476
1826421,48032.561443999184
1826427,39290.846650630876
1826434,40772.34276745835
1826458,19189.040115535063
1826467,14792.39236952093
1826535,22231.437655725702
1826633,30180.540989878402
1826707,75164.56049081535
1826721,29274.038616670223
1826754,59601.751480409286
1826762,60198.255087868616
1826873,32914.40439697201
1826885,20998.025512839115
1826887,37803.695633811774
1826893,30685.100489365712
1826935,17165.85328667174
1826938,39328.97404683301
1826951,37116.10456812223
1826954,33534.70517499383
1826957,31332.59475410296
1826966,75456.65361153848
1826973,20118.266515418785
1826982,64648.174124145255
1826987,31146.23391416765
1826995,55751.41439386215
1826998,53249.93745086055
1827026,43237.095611339675
1827034,55182.82162180769
1827166,18885.091709559947
1827278,53311.036082425984
1828221,12026.97882464389
1828223,9920.181871049062
1828230,10079.477867963204
1828481,21634.13773603626
1828493,20751.991040638444
1831361,28646.676407268154
1832091,16289.948927415648
1832758,11617.738194541751
1840149,25829.296779759057
1840183,18044.579477489544
1840195,17854.81490747403
1840214,17190.49961557862
1840224,19969.91008656912
1840250,18240.718591928595
1840267,18912.888697270715
1840277,24785.62980231389
1840283,36040.392631693205
1842601,50032.651553993455
1844759,10257.227158390077
1844769,14488.806968062428
1845435,10817.01774936516
1845458,10551.807436040901
1845463,10429.174666356506
1852262,16069.653495458413
1852266,27041.679720689663
1853523,16837.420118381422
1853721,22430.588100246263
1853727,28147.47376263394
1855057,27113.18819810726
1855086,41009.57198483835
1855088,14986.444437277574
1855112,39955.870646742806
1855113,29698.306278442447
1855121,28937.861847204636
1855132,29326.672968615472
1855148,47396.20349554739
1858255,9471.372714709303
1858265,8408.71461532304
1858552,9845.92170050299
1858579,8315.544404039598
1858608,9455.896817796216
1858616,9943.746614613108
1858636,9019.676569003723
1858643,9239.012980510317
1858651,10158.841299288348
1882651,9027.023072678316
1883169,10296.925225791256
1883682,9184.034798043715
1883824,11374.948780288178
1883976,13332.692723872904
1884120,12816.800268990957
1884815,9146.78830678418
1885113,21845.65573276977
1885295,30077.819186236324
1885484,9840.258961255868
1885807,15467.38009967415
1885817,15775.061900492055
1885822,11290.489561582495
1893624,17696.76088880951
1894225,9959.183203719056
1894348,10878.279883313226
1894550,11838.726894989564
1894732,10484.765226180845
1894818,10891.612803118489
1894858,12463.687949505325
1894970,11288.554957101323
1895141,9208.44950614119
1895158,10844.614898752008
1895216,9877.94615957168
1895388,12489.53794062186
1895488,11665.880651391366
1895493,11989.525771098228
1895509,11981.410874905985
1895535,12435.087236039111
1895538,10750.613561121383
1895614,10615.752329777455
1895615,11575.99082876054
1895676,11112.262716463843
1895718,12514.812500690625
1896326,13594.559245817854
1898395,14805.520768430082
1898453,11256.375026795005
1898461,9670.313012942239
1898465,11027.707359837972
1898637,13505.547108474104
1899633,9009.636823564804
1899699,11545.278738694571
1899705,34033.02067778795
1900365,13153.024867826985
1901963,15768.638387411358
1902015,13193.63072330066
1902022,22561.406951443554
1902324,15744.491066255076
1902333,13387.721380973235
1902336,14952.877255624247
1902375,11725.351248521403
1902459,13149.34912103686
1902467,13478.536498231177
1902474,16877.625694993938
1902475,7183.643646563358
1902541,12942.309520466615
1902551,12556.09064819021
1902716,9074.349933697193
1902731,8771.76555468707
1902777,10561.435623993406
1902793,9339.090843813196
1902795,11083.403879996516
1902814,8273.531741727647
1902824,9330.15488019284
1902833,10940.79336766653
1902841,8740.386202000192
1903047,8118.865642813875
1903052,8409.833380681157
1903057,8672.848426147159
1903085,10380.465934459044
1903099,9580.181928803759
1903105,10527.88001183701
1903113,9883.453815426574
1903133,13379.207745720578
1903139,16673.95431070607
1903188,7619.455719175538
1903191,7700.143778863476
1903236,13045.283720907371
1903241,8766.924156566933
1903249,10121.377012812187
1903273,15229.817754387233
1903276,14608.91647742582
1903280,8757.065249257434
1903283,8741.49630113423
1903296,9039.425221122137
2195869,11408.876007281679
2196012,13521.480894777922
2196321,37996.76873793505
2196733,27305.154929562872
2196939,28562.435023639504
2196998,10873.21674216733
2197324,10695.965833909288
2197347,32824.541140473564
2197936,7967.918209468842
2198837,34636.64578422762
2198853,30223.2447013602
2198895,59048.12866434099
2198903,43711.78174920374
2198940,45402.75003624114
2199217,40330.25883265673
2199224,48302.61169786743
2199244,74340.08552028313
2199481,14151.413012680652
2199739,76563.37649222823
2199759,19747.67232798136
2199802,45241.24109716866
2199803,49324.63375397501
2199820,23279.33652840128
2199824,18279.910863360783
2199865,25673.973785914768
2199882,22071.661961329806
2199894,23325.014578776696
2199904,25476.631813571537
2199917,20327.25564704133
2199919,30136.097891320274
2199920,21664.891418458865
2199929,30270.662551753187
2199973,23059.37401540456
2200023,17638.99935670384
2200040,32433.471655058227
2200043,32039.90253385271
2200061,45644.90328599852
2200064,31856.521069904924
2200139,35451.064511535595
2200207,20143.131298432032
2200214,29470.01639894092
2200247,39772.90631565868
2200262,37658.04999991831
2200294,52543.89040885148
2200341,47961.30756079168
2200430,59330.33141424354
2200460,58680.865413871004
2200463,66850.78625374334
2200483,100199.73136644112
2200495,67567.87074609326
2200512,51449.2969431811
2200514,78851.19419154928
2200522,82431.5559615582
2200533,59168.564819255604
2200538,49647.50710290676
2200588,69241.3821219054
2200626,57643.225234143014
2200655,82232.38139588454
2200663,82232.38139588454
2200669,68359.09634746388
2200683,60448.29857665114
2200685,67898.3013098086
2200686,63046.95090338267
2200702,74866.10754263496
2200707,81457.23268936803
2200718,68201.71976709666
2201230,18258.89667205514
2201239,22272.30071679322
2201250,26042.998074480733
2201389,17545.302820593857
2201436,83604.37276438315
2201447,61827.12765183691
2201466,82446.74082856765
2201467,59791.189348862674
2201500,47853.63842501706
2204212,21685.52923171175
2204456,27360.025797716
2204530,31713.98141345417
2204567,28483.98017552906
2204597,26877.978600482333
2204602,28386.07978705693
2204617,26373.463353055766
2204659,29233.994712048396
2204697,50621.16655309214
2204716,38004.43871507065
2204840,65114.53487460606
2204858,25301.93653974707
2204990,70417.64350479502
2205006,40735.49426768167
2205165,44057.69771159653
2205178,62729.503873939364
2205203,49104.76277295033
2205213,83574.38758617852
2205224,80546.98739623105
2205281,76168.47788960316
2205292,69105.99146950651
2205326,26271.026287138237
2205330,24664.621648674485
2205445,23430.085331315036
2205455,65502.837250076336
2206440,19406.967761026826
2206578,16484.311982740288
2206719,26575.26681202485
2207057,18696.294653694014
2207062,29889.475391790966
2207301,27926.37480684966
2207306,27585.017077888024
2207316,25633.656367010153
2207319,26069.348067404513
2207573,21765.917636753897
2207911,23696.118077731044
2207926,23967.286738125833
2207936,18498.62107923781
2207980,24522.577996729022
2208035,18918.505537816054
2208106,24882.199734983413
2208356,16299.630061768157
2208452,23803.683895803093
2208536,19261.02076135142
2208563,13218.210758995972
2208565,12816.351957817245
2208576,21374.994929951914
2208577,22946.250837711195
2208580,18913.707509014195
2208631,23727.902870468817
2208873,19051.136348008196
2208918,24938.141172201795
2209081,24399.637295046145
2209396,29845.241289945232
2209535,29291.85562287417
2209879,18071.265464059463
2209986,19648.116966634523
2210323,24937.466408286775
2210464,33947.161327904265
2210491,32474.81227239962
2210998,23857.87740856233
2211049,33634.25584420058
2211080,24857.42222829532
2211093,26376.67433819297
2211097,26595.177388521057
2211151,24249.533347664612
2211183,32587.549953515452
2211248,23694.45535978328
2211311,34796.21776257941
2211342,28165.81116525223
2211374,29262.325050065137
2211383,32571.68915181914
2211406,27298.589092873724
2211418,33457.431387372286
2211420,24978.46566211026
2211432,32087.478130621388
2211488,89053.0247346229
2211507,33645.49152747458
2211566,37147.055234153624
2211594,27432.182767452316
2211627,27749.308921164942
2211684,33418.40968469208
2211714,34020.1275599981
2211753,25565.703862947004
2211754,34465.60356979892
2211762,31723.303975086135
2211789,31802.729103472102
2211833,35570.573988347955
2212324,15141.978366317871
2212330,14472.160993910085
2212335,16215.530974298497
2212357,13581.09598080197
2212361,18385.535479842514
2212362,17430.134065500595
2212372,22314.13487746231
2212431,27533.94917610308
2212464,27269.650431966256
2212479,25367.5407281121
2212481,27528.205798807136
2212492,26077.06668868423
2212509,24888.83377808715
2212532,31339.008797234615
2212586,33569.22770952168
2212619,35015.978215405514
2212665,29733.80847623736
2212742,30999.274963153726
2212757,32243.748285312897
2212793,86426.10694854244
2213286,22329.09386019958
2213310,98815.02129326356
2213318,29483.876186856534
2213345,30557.190952992554
2213363,31722.021911698877
2213399,34867.28771261694
2214265,11569.361448285139
2214492,11606.573210830124
2214725,26594.746694894435
2215047,25605.078555179236
2215177,13555.481600230982
2215180,29075.889606156306
2215268,27385.849870348397
2215274,23554.061578127024
2215280,24475.290303252987
2215297,22890.81130520363
2215304,23908.495685963047
2215306,23369.572361498052
2215314,30174.610840742076
2215322,17571.910656945456
2215456,8714.588870198542
2215824,14263.463783459789
2215860,10552.384910626377
2216080,11721.609727602587
2216286,14546.313883917495
2216322,21085.324841833746
2216497,36344.54823477729
2216498,39909.84192929494
2216710,10043.65984956308
2216717,18520.50144318005
2216745,17336.258094091867
2216746,18783.9079172235
2216749,20194.97193674108
2216753,16175.41464904106
2216777,22571.29726096955
2216811,13916.103538919962
2217172,10646.038241551965
2217322,56137.60087848608
2218806,78822.31154923851
2218811,111834.76972105786
2218840,110263.3375422903
2218963,21996.527329292225
2219029,27715.711618270965
2219036,34268.99196970358
2219051,30824.426130158416
2219090,26249.157208952838
2219091,25373.452023846217
2219095,29614.70696477106
2219096,29680.4452796162
2219098,32611.73521120067
2219100,30319.53552293943
2219130,36476.95289649905
2219163,33472.34536742067
2219673,19989.895254096424
2219676,24282.544473886977
2219885,20441.715882939705
2220300,64598.09516055849
2220303,60279.6010884345
2220307,91104.8647951341
2220314,87047.71818567015
2220315,58813.18677984866
2220377,12249.165336261993
2220458,36368.81165258343
2220480,30811.04969530029
2220493,30725.79131339412
2220503,29978.516992413548
2220574,30210.057470079268
2220587,39296.227385528124
2220595,30366.623878580765
2220750,25799.489430950234
2220751,32959.709029700316
2220938,13802.354489715397
2220986,70198.40152594952
2221053,79344.09641868937
2221069,81579.95343815614
2221072,60798.42140892011
2221085,72489.24078644552
2221086,55354.479414598856
2221101,81840.300495556
2221105,81142.10532212254
2221245,101926.66889572682
2221407,18400.570350376358
2221613,57717.80473452456
2221761,15111.068226037838
2221823,21384.90386826345
2221893,30820.354436253216
2221897,32397.154046549236
2221901,43460.49582969586
2221915,47205.110212324245
2221927,49932.44337733525
2221939,38153.9595186135
2221953,53327.411917320875
2223031,34914.956311817885
2223046,32951.574767610255
2223070,41915.661172924134
2223078,31036.93083150564
2223079,40894.85770045123
2223090,43616.06087768491
2223103,34531.92568925968
2223158,49231.37208810496
2223179,52008.61266107223
2223180,43951.31933444577
2223204,47285.227798793516
2224524,16414.725890581445
2225101,54673.32435100881
2225160,26002.663006357536
2225339,46345.56647961751
2225365,31807.909681721485
2225382,50809.927444337
2225390,41328.6909737307
2225393,38663.25131168194
2225421,12621.612131043963
2225422,9949.48026316025
2225432,16223.5696400757
2225441,16715.46586549737
2225457,14840.698776306415
2225492,16805.579592856968
2225510,15582.978200931348
2225511,14029.834863442178
2225527,14383.61351250514
2225556,13382.109926192987
2225585,16801.135366064016
2225609,16205.958281951816
2225758,39753.70785910049
2225989,37029.74180116451
2226032,37138.354725475634
2226035,31844.29854915646
2226043,38060.11229350993
2226047,53910.94024579066
2226050,44428.209632765014
2226060,50661.21511157257
2226064,31745.561279197922
2226065,39234.93547556755
2226085,51069.98754395683
2226103,46555.672874003634
2226104,29802.111858735374
2226118,36349.1424446012
2226171,59100.810813281
2226172,32943.64707863701
2226198,57359.513680888376
2226223,58418.492422903044
2226228,38311.61450886169
2226233,37909.97011505508
2226260,40974.0622448342
2226296,44932.503539255435
2226298,43200.810083179844
2226305,65187.817695820835
2226310,67355.70434182446
2226381,57147.10235765714
2226411,45674.373739056224
2226419,81724.64610199527
2226476,65332.180599050385
2226500,57724.099862123396
2226512,71078.32010963722
2226524,82646.12403582668
2226535,84430.19609327569
2226589,69035.31162827591
2226597,84839.02919324258
2226598,56416.25136658618
2226608,98648.84896287635
2226610,91059.2625007815
2226614,87599.27038529175
2226632,75441.76027490236
2226635,98208.9766607064
2226637,68444.93363451096
2226692,90785.02187280271
2226698,69035.31162827591
2226753,98006.30651263022
2226757,99250.7693535074
2226770,84932.41834770513
2226798,62350.94035538935
2226868,31704.24810016912
2227010,24993.060953094406
2227060,11226.14639362183
2227091,12885.069441473239
2227092,64036.51397283336
2227185,31440.00172216312
2227197,46726.138141115836
2227218,45947.95099312391
2227289,24453.747582919586
2227313,25026.041325745773
2227315,23402.086611432365
2227329,29120.36935186504
2227390,48069.269835943596
2227396,34839.40282563203
2227633,22765.655499088698
2227807,47464.49770670415
2228145,17334.39652935114
2228158,22155.586855177782
2228232,89070.91722311065
2228306,97873.55038752692
2228308,110640.73472942786
2228319,108674.63941364887
2228320,77832.91634652979
2228331,108674.63941364887
2228337,89605.75624028183
2228372,91460.81412334641
2228390,78374.49001515316
2228431,105272.64362118216
2228443,84958.93500880038
2228476,112069.32084092393
2228485,83321.10116142727
2228514,80459.56819534356
2228529,112388.64242713008
2228553,86841.99094236025
2228556,114604.3913592325
2228572,81074.07595801707
2228585,76918.08844228645
2228587,85433.36374714506
2228598,83220.71995110312
2228599,116330.60221929444
2228616,85193.28071944302
2228625,113096.75992202245
2228649,88636.43410795719
2228698,84510.91435969384
2228705,116879.78788922729
2228711,83162.82623878212
2228716,77197.8784600441
2228724,83034.8282918423
2228759,92372.99178671988
2228805,130152.74561840479
2228809,130633.7841114829
2228816,126186.05279225632
2228851,96603.02473094384
2228859,133973.58051503776
2228866,84545.98119773486
2228867,91898.72897035105
2228914,85730.40531616472
2228944,126767.61870067539
2228949,91160.23603024433
2228951,95128.62424007068
2228978,100164.0668549162
2228980,133134.19643215142
2228995,96091.77602156722
2229026,96139.45110009114
2229130,35895.11858389354
2229747,75977.20864819834
2229771,71552.06147691983
2229797,68422.35831185088
2229801,72136.07205616985
2229953,21038.2719179605
2230162,32601.520280867007
2230173,38356.14299779495
2230190,31047.437581205162
2230203,45839.30155348214
2230220,37366.03438069225
2230331,10161.952890525306
2230361,12885.97761062617
2230368,14810.135106054486
2230397,17910.49668965395
2230523,29477.97649739044
2230654,29556.54927459368
2230664,33826.18560504585
2230743,12040.879748750953
2230757,52676.17310684903
2230763,50811.79049063845
2230768,48725.15950803081
2230780,53123.20562302545
2231394,29258.916181661483
2231400,37117.58732183708
2231436,31787.517719528496
2231447,38043.51379259005
2231468,27470.065934487036
2231513,37274.552290008025
2231519,23937.232180064944
2231528,39003.70267826722
2231647,51366.12816880242
2231649,68453.16546985581
2231970,27542.557365211454
2231973,23906.064113510503
2231974,37894.63377368403
2231980,47656.61280384841
2232019,40985.38329854431
2232032,37258.9628400441
2232060,41999.2307568411
2232071,31757.74510741068
2232136,37321.57940165092
2232191,82374.76961097747
2232202,80349.9848247335
2232223,26406.043058744493
2232242,34285.70800265707
2232255,41193.1343629944
2232260,52988.54525893368
2232266,23024.652886433018
2232268,44562.68468849549
2232350,19184.01104583583
2232374,19426.839063866686
2232378,18399.34363816684
2232429,63225.887794579874
2232447,65590.47576094216
2232479,53305.871730512816
2232485,50452.08119531715
2232496,85857.33043028908
2232569,47173.928919187776
2232601,65945.1115110986
2232608,54345.419565065895
2232619,72159.23131833896
2232633,78053.09048879512
2232686,59732.2117703226
2232713,56174.60359858522
2232728,83534.72332563552
2232763,60494.74442253011
2232767,84395.28104203743
2232777,68202.86484340024
2233245,54171.41279053992
2233259,27769.430704972918
2233265,31128.708235265232
2233274,46403.54880075727
2233279,56248.07711785703
2233313,33667.56657379213
2233343,37831.79913467298
2233374,16332.328033543146
2233635,71689.19769091887
2234057,82187.98629265973
2234061,93681.28298869447
2234084,75000.24364085388
2234087,71484.47023632991
2234098,81003.39344471798
2234108,81757.75293451105
2234377,56786.848933198125
2234398,66680.89204830343
2234418,40712.83663174429
2234426,57005.47451865242
2234462,36545.77202919107
2234481,46535.73594267993
2234482,43594.663899587984
2234498,37851.718664954926
2234499,48365.13309673288
2234511,29224.764568926716
2234521,52963.69533740301
2234543,62854.0833476761
2234554,37755.89594701587
2234605,65342.02296483215
2234655,65638.87830624096
2234663,65174.04372970956
2234739,55367.05086557777
2234869,40683.16042828304
2234875,42796.16352396227
2234881,31184.022289562232
2234883,30736.95832015242
2234915,48906.377602719775
2234927,44543.759511816286
2234934,46505.54606419336
2235008,35012.838037357484
2235049,48126.244438940266
2235076,78256.0016044805
2235081,69332.10286990607
2235094,16906.981278691666
2235095,21565.24689389917
2235097,17392.332520984215
2235104,23636.9969860583
2235118,21561.277101000276
2235239,24125.158915964912
2235248,22616.96219911776
2235265,18703.126997487874
2235308,9601.262845702524
2235404,11048.73339000142
2235421,11837.843143715305
2235531,35028.671941326
2235559,33987.405508917545
2235570,44933.98370004019
2235581,46695.38102056629
2235588,52563.92747269363
2235613,46796.84882741699
2237802,14366.604786551487
2237810,11012.134210014117
2237837,10831.909591930857
2237858,11381.6884867036
2237883,48784.795631190944
2237973,10533.05926346706
2238007,9431.76281326352
2238019,10553.107907016838
2238041,11737.5574719604
2238065,10794.99117711267
2238131,13622.838011301938
2238136,15330.155433567572
2238186,13145.285947227945
2238217,14605.217725887285
2238238,17006.21828506646
2238254,9998.973668973325
2238255,11017.408568655708
2238268,15316.861547317552
2238270,15316.861547317552
2238275,14509.391544414371
2238302,15323.097822200103
2238323,11912.28444581257
2238369,41237.30486054218
2238377,35122.56591274203
2238389,31144.805785278797
2238390,48386.939104365534
2238422,45763.378635314766
2238444,47242.287604102996
2238543,49325.07212072894
2238546,46989.398784652614
2238554,49023.333573572425
2238573,45344.09015662495
2238576,35368.990055656526
2238588,39451.07237115675
2238599,40748.668259720216
2238657,12151.69100998451
2238830,51148.271211743246
2238831,42218.08826859756
2238834,48306.62649540139
2238839,14344.224315073707
2238845,11533.783485990401
2238850,13849.900235396422
2238851,15892.635517171622
2238920,33720.43278755834
2238940,13434.925479862073
2239000,29234.27874921491
2239024,50483.15167944019
2239029,33378.81147322436
2239081,32320.88205862364
2239122,60074.570922155115
2239149,44138.522255631266
2239190,60046.01011282568
2239202,52234.13896862474
2239259,39740.505818690035
2239263,58850.9523376264
2239270,60797.82002460822
2239287,77372.36006702928
2239317,36258.64159923918
2239365,39026.93776419288
2239618,17003.56036132065
2239629,25284.116510347787
2239637,17003.56036132065
2239647,24575.812210629298
2239701,81020.04080594462
2239750,65752.45022987924
2239753,68246.56672378138
2239775,49536.86899585719
2239777,31781.338326106237
2239787,46687.312166464726
2239862,13862.057843931829
2239869,14370.632857297956
2239881,13453.695051127244
2239882,12343.8565643998
2239892,16077.417258270616
2239972,39123.035126999835
2240102,22764.186150503236
2240200,68024.0132529113
2240201,82731.13216475621
2240356,40101.692432311895
2240441,34290.894298527186
2240722,52264.51238827355
2240729,71981.99045695232
2240736,70191.91659851896
2240740,54033.427880259456
2240743,74141.28816147587
2240787,46071.958336984535
2240811,62754.90075321367
2240825,47005.0338833243
2240839,44657.581434170555
2240842,51958.92408210276
2240859,74686.68299700101
2240875,53117.243026175696
2240887,48289.18168688801
2240890,73679.27426528728
2240895,46410.66120623278
2241089,21566.696703445334
2241098,20140.311680489292
2241128,15695.818274973883
2241133,23291.040008740296
2241141,29192.547141432937
2241163,30569.476859221115
2241172,16701.850773983748
2241210,79874.68083663352
2241227,82037.84853870221
2241233,81965.94693362698
2241396,72588.29183012791
2241415,73501.40667228076
2241424,103784.23697285232
2241462,74421.96264882933
2241476,72620.72023981233
2241495,83921.34595170114
2241508,76352.45862091868
2241512,72033.79985063443
2241515,90093.19512677338
2241577,71669.43077138104
2241592,94146.95393066396
2241593,75733.03968503798
2241596,67679.68059332865
2241604,93538.00673092045
2241626,84055.88946362078
2241638,113226.47849810257
2241653,86543.39687280069
2241655,113256.59518384977
2241671,95571.04082278846
2241675,80137.49020511477
2241688,97681.24718899727
2241709,131389.1159673741
2241735,128787.15467227057
2241747,92878.88375124452
2241799,65880.58467272954
2241811,62904.32170624252
2241820,68008.84180974319
2241842,74501.90335516346
2241843,59571.59717425787
2241866,62259.174570163836
2241883,54165.47931123219
2241894,45687.484759771774
2241904,38878.10676429953
2241925,40580.937725747615
2241928,50928.676528024866
2241929,52353.031363866845
2241956,57733.50471953921
2241967,64754.96224645465
2241976,60538.24123378021
2242023,42346.60344302394
2242029,66261.9476875188
2242036,54538.992717494366
2242045,39264.70148814677
2242052,41522.72135669276
2242064,57475.952918567025
2242070,43900.04148806886
2242330,17638.853725129484
2242748,16467.622975502487
2242777,23362.083593852898
2243065,21293.942670469027
2243152,39571.39868310206
2243206,18099.717025494232
2243221,25211.8639827921
2243227,19560.644468228085
2243232,25028.9977535711
2243274,27307.378947939647
2243282,23546.795182604204
2243283,25352.248755160283
2243306,26679.283174146454
2243308,35513.82000498365
2243314,16997.393508325906
2243353,39717.80359644951
2243356,32800.34419070166
2243366,21233.28880513521
2243367,35725.59107748434
2243384,34194.20267383018
2243420,38842.84825401421
2243464,33464.10444930443
2243553,54001.893427600095
2243637,12359.926037473411
2243643,14549.73159656631
2243659,12543.626126734856
2243688,11598.67112411407
2243691,13609.157076948939
2243695,15119.204121320168
2243701,16904.263026966953
2244012,49000.777720283426
2244293,19907.44582335116
2244303,26054.990062526686
2244320,22081.434664465505
2244321,19403.14577907135
2244325,25874.085298930626
2244336,18043.240230891977
2244344,25086.84456883867
2244346,22220.33613487411
2244353,16105.713369681085
2244366,21433.280239381485
2244381,24999.094666732453
2244385,26863.15752190487
2244395,25071.46342498755
2244531,49449.147916224174
2244642,54300.459777621814
2244653,90591.03105456324
2244681,52741.84466671686
2244692,77772.82511320815
2244694,61487.98889095673
2244722,20382.787778972248
2244821,17719.524564000065
2244991,42236.52593173523
2245024,13626.81546304331
2245025,12291.082503399446
2245033,13393.444391856621
2245061,14661.520832027392
2245140,16992.118343281425
2245142,19264.120042969887
2245156,18027.145068642418
2245191,23952.242358169282
2245232,41464.194247698564
2245267,30247.186168606797
2245281,59560.96672252551
2245286,52389.65647456395
2245379,48792.906716827114
2245383,62187.02154649046
2245389,65945.5546304214
2245402,72418.20949519661
2245429,51555.82185475678
2245450,74315.98087451617
2245478,76108.61612708528
2245486,50591.56827845827
2245836,16965.87281837126
2245841,23894.698608343868
2245842,23653.610349839426
2245847,16170.515825328297
2245853,21695.63892005833
2245854,17124.31806559098
2245860,20273.44191485011
2245867,18747.918979414644
2245932,45924.32756149581
2245950,68341.93870045546
2245951,84093.26375971836
2245952,74176.64990930234
2246516,71785.02177016508
2246518,58029.87846473057
2246521,64548.94163997333
2246580,85371.3979342865
2246594,95967.61179244287
2246610,61345.638654247094
2246634,88608.97664042118
2246656,70774.59117150282
2246694,56339.52558175406
2246741,81043.33724079949
2246759,71267.97075296742
2246766,88668.8771721742
2246774,58198.92053688438
2246791,61585.080863940726
2246809,75255.8806065601
2246838,101231.69415530779
2246859,108392.72222501316
2246890,84567.2155699007
2246902,63098.88186035992
2246916,69267.62787655019
2246945,70592.03297058589
2247042,62675.02602086061
2247088,54748.4688915899
2247791,20862.325259359626
2247804,24336.50170327634
2247820,24715.211504994237
2247831,22919.625930164642
2247881,10555.931594419642
2247921,46712.635865141376
2247938,38256.42812098851
2247940,49150.59205523724
2247975,53327.94997869059
2247976,53694.9010934944
2247980,46733.84109630007
2247985,50998.92203142963
2247986,44056.083743513875
2247993,44373.933497466765
2248008,52600.99022721462
2248011,37766.42277856605
2248022,39070.928820978676
2248028,37265.398699750345
2248067,35058.80315201397
2248085,38767.22670416686
2248098,45484.652208575106
2248126,42064.55804449567
2248130,48015.26906953858
2248172,30868.825972974293
2248211,28035.443759811795
2249000,15964.692561211454
2249360,39036.552883178876
2249361,59147.16445050517
2249383,49690.08949745584
2249386,54264.38742457333
2249391,41682.89070895684
2249394,53722.08712740783
2249403,48401.00186890538
2249520,48126.266496584605
2249555,47708.970037645806
2249561,45465.09294266542
2249575,33706.637378731386
2249586,41170.47090486468
2249630,43985.785800975194
2249662,38869.36599679155
2249675,35802.96806319131
2249696,30545.795402677115
2250000,28459.614487449267
2250295,43706.20595789468
2250304,44807.22667939942
2250305,39867.024909631305
2250313,31868.225518630858
2250327,54638.710787763644
2250334,44727.27365814822
2250403,46952.8371301585
2250416,39923.00748429203
2250426,46321.04778016865
2250446,41751.78151885672
2250481,39414.69234109524
2250496,48437.78055462966
2250511,44683.87267981501
2250522,42180.35611836017
2250548,51924.6035948807
2250564,50027.75817934226
2250584,50065.76835286786
2250587,36708.47792420467
2250607,49344.62554791242
2250609,58181.56271992665
2250624,48478.41733947391
2250638,49301.22513359088
2250649,41995.5441710691
2250663,52887.67844497776
2250703,59461.10167229983
2250724,50687.616905825926
2250731,41266.65353369619
2250772,71802.67746502579
2250792,54539.745436973666
2250828,46364.77451983432
2250843,50388.24977462958
2250881,65355.48891079851
2250888,60371.87385804837
2250895,64738.54712924192
2250912,75235.92777990234
2250919,42612.0339720229
2250923,56267.77262573413
2250930,72688.65582380493
2250941,60525.325988852346
2250952,66918.16344980706
2250965,87474.37787195061
2250967,84587.9184978621
2250974,66086.21142335834
2250976,53497.08876918938
2250997,40505.32487495085
2250999,28052.584339010067
2251028,33039.43849309815
2251433,36792.10173355196
2251689,27644.972509386236
2251694,32160.83270903637
2251701,23818.970145418618
2251720,33692.650112761905
2251723,34237.305369068
2251761,24081.464197077432
2251765,31034.043065430647
2251778,39611.128890502834
2251816,37241.71487102938
2251841,34170.638162254036
2251847,37169.04862573044
2251861,33034.469871690635
2251874,39091.487214117464
2251900,40479.34618908938
2251901,42124.373301210086
2251913,34864.207721256986
2251972,38231.05962466081
2251973,30584.17216023789
2251999,40559.6569222482
2252005,33806.5350393937
2252010,38443.435012714224
2252023,44965.83511033659
2252038,48893.44713046955
2252041,36911.192672056626
2252054,41255.75696149636
2252057,47952.8060677291
2252061,33451.23106345
2252070,47952.8060677291
2252079,47691.388434885026
2252080,46466.27544109574
2252086,44257.530583250715
2252091,35804.17397077233
2252092,31928.03355756478
2252186,13428.14481498904
2252190,11848.819271533153
2252192,11267.209153168298
2252292,37856.84301026854
2252304,38132.25172596893
2252319,35105.001853142996
2253180,32253.25526564751
2253186,31159.626119811066
2253203,47192.7595093046
2253596,64676.39486388532
2253600,32218.248914451524
2253607,35881.265823719485
2253653,49912.16785215054
2253657,43919.19084783632
2253662,33120.248982208126
2253707,39163.07357887698
2253709,32007.040693317413
2253714,32344.422732686948
2253733,46136.12282807487
2253754,35425.31553197923
2253775,53212.10133863773
2253782,52443.029114938785
2253801,44047.78448180865
2253808,50089.72796923242
2253825,40458.39972338929
2253827,42034.7945334489
2253835,36965.36009409638
2253853,48503.493267192986
2253854,50029.53927888925
2253856,36566.40398255497
2253870,64045.02834462096
2253884,46758.13990790736
2253897,37657.99717411726
2253914,52521.26598149385
2253925,46005.94651699408
2254077,41423.3743951312
2254225,63148.40303709884
2254246,60182.93678567203
2254252,36405.702702486444
2254265,39339.66971063341
2254291,46349.805271256075
2254338,54649.993494903494
2254339,29113.869960465825
2254385,52885.45392195634
2254391,38252.693973766836
2254408,58559.11749805
2254444,35553.60538788468
2254467,58432.0577182203
2254484,52093.7930935106
2254513,68060.82678413366
2254519,66743.70415727374
2254569,53375.403014952426
2254583,40944.94500440624
2254589,61946.18415579584
2254591,44733.530599144106
2254592,45242.764722207794
2254594,61701.10045192106
2254624,78151.7744483565
2254638,66927.1377084684
2254643,44094.7792462934
2254661,45090.75398787481
2254669,47320.16419876725
2254680,67340.6806187583
2254723,49504.07139327431
2254726,77374.09620414066
2254732,76342.00325133766
2254749,46264.54941371499
2255005,29273.301085740917
2255008,30539.573101442
2255144,22177.68045306909
2255152,24303.10242219276
2255156,23683.46264087369
2255176,15648.825589094711
2255189,35495.17749064457
2255202,28206.763067433527
2255238,36976.450616600625
2255270,45069.49937739872
2255311,38632.05071059026
2255314,32834.02273593718
2255317,28896.977758761237
2255319,28236.214322573083
2255333,25953.114125076965
2255368,25359.82203465706
2255375,40323.74016869646
2255390,42587.25450652912
2255398,42844.58481082162
2255401,43128.303892823795
2255411,45239.33546963333
2255429,38253.358279567874
2255453,27980.78650246882
2255463,75404.96541326017
2255484,40178.40173489216
2255638,13936.600632334133
2256289,50380.08513089584
2256659,50552.20494764357
2256664,54870.04431095062
2256667,35319.68592429024
2256700,47577.49911139313
2256701,52100.888393117006
2256726,39781.3342987487
2256742,53862.74632213893
2256769,51730.524814075194
2256772,38681.738756534614
2256778,59074.24251953107
2256800,58989.35860801717
2256801,64748.17363790524
2256955,39234.81689417393
2257407,66912.67781640394
2257549,46485.47581159527
2257723,32266.111726739255
2257726,23105.75002312092
2257737,22541.08289653724
2257806,28046.533272604294
2257834,90870.81753644823
2257840,106645.42995872408
2257864,29499.917388409594
2257873,47065.480708466406
2257875,39097.36496297793
2258066,99912.10762868157
2258220,20055.002745567916
2258232,18903.87760138182
2258244,14730.983131403531
2258256,17281.015919024634
2258263,20239.325598026175
2258269,24469.282250911063
2258273,22561.65035755592
2258316,24206.170492015357
2258628,15172.332172570412
2258711,41306.708680274176
2258730,43728.836648140685
2258736,42853.01202156288
2258741,37139.55714597267
2258764,35139.674539475905
2258784,46603.922803333815
2258805,33521.02951857107
2258806,40038.61076124941
2258814,35700.24343074914
2258826,45265.07261052041
2258829,37338.27020567891
2258836,57684.92389413973
2258839,44734.59767018707
2258851,59232.967859781806
2258870,45004.57345185442
2258888,52298.25647007684
2258892,56516.809594963466
2258895,57057.932349561306
2258901,50437.835444002616
2258907,38375.60568057163
2258936,59443.66981783727
2258950,45866.6428696139
2258962,59948.02119699102
2258971,60045.11765121534
2258990,46296.98278840571
2258996,47306.764011882646
2259005,62380.56678674784
2259023,68353.04694219648
2259025,52960.761580898
2259050,67376.74049090526
2259056,46245.9974715171
2259069,47390.96291550646
2259074,53085.89845783296
2259096,70818.670762496
2259114,39990.0177146494
2259118,66647.92466495982
2259144,44266.39345940776
2259145,68801.80196176466
2259159,69596.06959142235
2259160,63453.20705716365
2259166,57389.52996956399
2259175,66025.98471234304
2259176,68715.22225515897
2259177,47862.894580382286
2259201,70987.72453902506
2259208,63873.195862398636
2259220,68553.44889244696
2259229,56404.45109567158
2259264,53004.28067440816
2259278,55963.60923516397
2259283,60585.5917112585
2259301,60570.198657473695
2259321,54205.15242506844
2259329,57315.0971530353
2259335,67011.5367443933
2259346,83137.94469152385
2259364,62825.93584401791
2259380,67251.31662689574
2259400,65420.769395723335
2259405,78323.2872815244
2259414,62009.37471609883
2259425,64262.89278170059
2259445,64738.49079155648
2259454,48212.664098160465
2259455,78480.65425074345
2259474,61456.58443848269
2259476,66793.09283540506
2259537,72222.63015769527
2259557,63730.137480995385
2259562,76435.19239754727
2259572,74892.24296246775
2259578,80974.27462488123
2259580,63954.70880172133
2259590,53837.03698019723
2259594,83506.11829120733
2259607,71769.67758696042
2259622,74530.57298086387
2259633,62669.462237978805
2259639,81489.6728532618
2259671,86001.55689875696
2259679,82192.97496051149
2259767,32069.91488709769
2259833,18354.117088612405
2259839,13478.90086129809
2259853,14189.644983636605
2259867,12177.452370347564
2259871,14501.73766908899
2259996,30491.850457058423
2260017,24283.319050165283
2260019,34046.43462622265
2260034,42211.14065637675
2260135,14030.933477078575
2260140,13950.726844127294
2260141,13898.56920902508
2260160,19373.133234833615
2260166,14324.434665339872
2260173,15401.681088356545
2260185,12005.272448450234
2260352,23682.715774157776
2260354,24733.355866585665
2260358,17592.441063796487
2260388,19304.072825757245
2260391,23942.650929581578
2260409,22771.63144987368
2260429,19609.7787560679
2260440,23424.855824588944
2260463,17089.54047527297
2260474,22874.59240372215
2260498,26355.136774209965
2260517,23922.96798191862
2260545,28478.116581254533
2260547,24499.495100307497
2260572,30822.735193373184
2260610,26628.770233095896
2260645,22738.647906363676
2262014,66525.79543637711
2262016,42792.00577726538
2262224,20547.819669047283
2262331,40922.42970818991
2262394,42207.95717899049
2262398,60086.919715094686
2262404,54549.87452176953
2262418,68914.07486089677
2262424,71082.37156594683
2262492,36863.70394697135
2262503,37393.892991850924
2262562,14471.007537368148
2262595,15569.386471593403
2262606,19865.258178958084
2262610,15478.078829396127
2262681,21363.570409244403
2262695,26262.124937715693
2262700,21276.009502712364
2262726,26522.633168475437
2262739,19016.95572655225
2262947,13561.231932013634
2263170,28052.468682284183
2263288,41608.3387825934
2263290,55638.558153207
2263411,30132.952055175552
2263457,23732.202804228134
2263462,41050.09988115952
2263471,35506.95858926884
2263558,88729.79122902942
2263579,51513.31610420957
2263727,14749.5144556747
2263732,20252.436894782113
2263735,14638.921457945049
2263745,15095.024612871437
2263748,14510.906217594711
2263766,14621.185209319065
2263793,16252.696123780097
2263881,19542.834298371465
2263894,27609.77643400122
2263965,17909.45626787365
2263976,38215.85035821901
2264013,55579.104586591486
2264031,55798.60691517742
2264043,63294.54567703142
2264049,65611.93085586312
2264056,62380.681937545414
2264100,14590.915793846574
2264304,24387.615059115167
2264314,18606.653326590746
2264317,22993.825391809925
2264333,112872.28954521613
2264364,120051.03843822218
2264418,103338.41325740817
2264512,26241.49547954204
2264552,17881.707417180423
2264561,13859.191565237808
2264586,13365.192239831227
2264649,85000.33374600577
2264675,89376.88363018728
2264755,105017.65758618675
2264774,104662.38289307953
2264803,84626.50954176995
2264816,101785.66682282269
2264886,88309.06482580019
2264928,107395.44086821104
2265139,13202.331573624391
2265241,15641.281016744519
2265280,38509.93800848765
2265291,36681.543896987416
2265307,36846.82642274338
2265319,49969.16124794139
2265527,42936.45077658108
2265979,24718.234676979362
2266100,40978.752322883425
2266107,51747.80355606034
2266108,39784.87832795624
2268150,29703.101368636868
2268151,25312.997456921592
2268170,32965.50309186639
2268183,36160.01367419544
2268212,33332.88233770875
2268219,32142.61727472298
2268226,30746.636723796222
2268251,33713.40624293179
2268259,25141.968661136183
2268269,41548.965212439725
2268296,35632.82696885408
2268304,34335.62756792315
2268344,41971.8728883756
2268373,33125.87415886664
2268383,37717.7632706271
2268394,36802.93817117889
2268440,51794.504247351964
2268666,9164.963254304595
2268728,10749.1680112389
2268744,10474.598499500635
2268796,13760.802353341338
2268814,10722.58559004646
2268816,14782.689432513645
2268828,16060.18509791621
2268834,12233.19329570343
2268849,16100.177424452671
2268859,15311.017620897816
2268878,16829.015070935486
2268889,23711.23893919512
2268976,37335.62392771438
2268978,37831.92427344221
2268989,27819.74276429901
2269017,38154.399936499845
2269024,32966.6662193377
2269026,30275.4614560982
2269033,29341.260890524303
2269036,34428.699566852105
2269199,66762.12501151461
2269210,64758.89868998285
2269214,61185.880799271974
2269313,50693.050634132655
2269329,62365.30003445536
2269332,58108.19534392079
2269333,57501.38299595365
2269339,58534.9584857756
2269357,66285.6772614675
2269358,53374.22631482279
2269377,51824.86502940564
2269378,61359.70956015751
2269392,59354.999616795925
2269420,35590.191160149785
2269435,32670.743798496824
2269476,43097.02248453028
2269487,37874.155416362904
2269520,40953.961800688914
2269559,26777.12628982094
2269595,48802.54738394183
2269631,35984.003438395324
2269643,29981.94830944356
2269657,34688.61408459923
2269672,45969.99416118257
2269682,41750.74481003449
2269688,39117.24322352893
2269690,35168.44504192119
2269697,43761.68964487758
2269706,52422.923929571465
2269717,32291.695894708933
2269768,45195.26021093206
2269781,20197.21936762365
2269789,23798.80719984828
2269798,19191.32944940284
2269841,33894.17432999327
2269972,33577.16802375
2269976,40999.220808017264
2269985,36297.35581240676
2270066,23021.568573637636
2270082,24111.346569759982
2270091,31400.137429505987
2270130,22769.935194839574
2270149,29305.190082812052
2270156,26837.980230826237
2270178,54506.761571312985
2270193,75334.37157965217
2270198,75334.37157965217
2270200,59662.86260444477
2270230,27868.29218136261
2270240,27974.986887817235
2270254,20035.27951423516
2270283,22177.83470082576
2270338,17816.470360040836
2270342,35987.259623703954
2270347,37415.39047984211
2270826,95012.86295754826
2270839,12264.93631641311
2270883,36134.317385418326
2270887,27783.571845536157
2270889,27585.951635056503
2270902,25656.93809191256
2270905,24792.396035678525
2270911,32870.13576369419
2270941,38377.39416932139
2270943,30288.547871238967
2271324,20947.24773323135
2271387,24500.667912064444
2271658,26136.54395277655
2271660,24207.384163967836
2271667,28008.849341208603
2271678,30062.462475295066
2271688,30751.257090022023
2271696,26335.772729514716
2271698,21821.86379391008
2271699,27032.01029274412
2271703,20016.244437780017
2271704,29496.176818217875
2271707,29618.980859194806
2271724,27102.30570759077
2271727,29327.45044133856
2271730,20041.796458486588
2271797,30094.475199774923
2271895,50216.64616448192
2271899,39133.650164722436
2271906,36661.912983076385
2272303,15523.139170629494
2272315,13727.004152503298
2272380,13127.218308590629
2272452,45705.56587724942
2272628,43159.04047315892
2272634,41164.25471848286
2272678,53923.49042142797
2272699,36941.99301176516
2272746,50828.70348044911
2272770,37065.34016847114
2272793,34355.99974960356
2272803,53987.31608470167
2272876,87374.53150316232
2272952,43168.97682507109
2273123,29787.520535121646
2273198,78682.0667975674
2273210,52812.221696075256
2273491,17672.069667636242
2273565,17671.506882782993
2274844,54812.37011876661
2274847,55501.45343854237
2274883,45305.5808303644
2274926,52458.39652327394
2274935,88930.46898360994
2274952,54078.91960297618
2275012,88369.58071264441
2275014,46095.08920602079
2275078,12762.064894105439
2275294,56596.854102476806
2275552,21666.59986469701
2275553,15786.413900888638
2275554,21666.59986469701
2275557,19245.07064407996
2275563,16174.082798107418
2275575,19573.437378214567
2275578,15243.297400327092
2275735,9382.562093857365
2275787,54053.08058570885
2275830,63999.579618731404
2275865,41460.12038427126
2275866,47673.46162386245
2275886,75161.68623072584
2275890,83010.35663566696
2275907,86182.41158309253
2275916,102253.31720411906
2275918,103903.18226206061
2275924,65740.65949653635
2275940,57633.53069084424
2275942,107604.48797394069
2275953,94307.14628628176
2275956,85391.436749544
2275962,120386.47665122594
2275980,93491.25683008524
2276138,8979.634823166594
2276145,10958.163236072458
2276174,8545.544212127437
2276184,11600.74926324953
2276197,10882.060424075384
2276226,11487.049834570218
2276228,12470.49633713108
2276230,12227.121323621312
2276259,9396.089309939725
2276422,51701.28018173462
2276444,49347.69704550873
2276447,38315.236127396536
2276452,50721.36342960462
2276471,50980.69812497486
2276475,58885.48014884959
2276483,51972.89151379122
2276489,56856.91575428366
2276517,56065.875071906165
2276518,52621.475265097666
2276519,60427.18679864909
2276571,50229.30960776268
2276582,56162.211333947685
2276603,58319.11508040528
2276647,70274.4543345874
2276660,65869.66450036144
2276662,68878.98526366414
2277275,58842.29892567695
2277487,32803.20023672272
2277490,39899.02283146004
2277493,32943.54574241631
2277500,70008.8992485123
2277639,16417.879370715873
2277692,104127.23784209575
2277726,94763.22491992945
2277801,89681.83727942739
2277903,47098.52546848064
2277909,32754.652444591393
2277970,22021.260909660698
2277982,20446.952240919323
2278011,25199.084175342578
2278027,29191.827595299666
2278037,25576.653558696446
2278052,29293.77747121306
2278054,21044.806094714724
2278056,27797.418955003064
2278134,41613.85862882575
2278144,42902.123844373105
2278145,83932.58333678759
2278157,16468.665438307027
2278164,14400.274760312996
2278206,46365.74602349743
2278209,39626.55610707533
2278229,28240.834587799327
2278258,30786.94045071329
2278274,37915.10231268772
2278278,23394.270146851522
2278279,36506.66014090047
2278284,38671.93106029359
2278285,40746.26020332775
2278288,37832.33371462326
2278315,57127.06526591901
2278359,40355.0029936336
2278366,59365.921747634304
2278369,61954.475529220406
2278371,57285.947392338494
2278454,70205.25602815427
2278457,40788.03169624545
2278458,66063.14955961547
2278496,27033.27054926884
2278500,23304.95742437635
2278510,30358.50206525198
2278584,37541.30483283892
2278596,28563.79683443323
2278602,35972.92533378518
2278644,35215.81729517773
2278667,31663.101976701353
2278673,32531.751896202783
2278680,42660.26287188541
2278681,37099.20549151989
2278688,29804.623395172326
2278707,30165.31883820847
2278718,30882.39616787017
2278729,26528.445878615454
2278780,43605.05272509241
2279157,60060.349034426
2279200,69107.03844096715
2279203,38686.087362914215
2279205,64854.579173029735
2279217,80763.70738543867
2279248,62841.81528062916
2279267,68844.23291832546
2279308,49086.07882686877
2279327,43298.001932034036
2279346,67052.09255865372
2279385,63135.11223316618
2279407,56065.76346464062
2279433,81391.3596101081
2279436,45819.23676608669
2279437,56991.69504836849
2279522,35842.98827692994
2279523,32985.560979651054
2279529,22503.967861243695
2279555,35215.019773738844
2279686,30291.76170613515
2279692,24301.565348697346
2279698,29528.13668154328
2279746,35398.93189779528
2279783,90255.2559973843
2279800,89051.7725272805
2279836,53886.02146026205
2280359,17946.253041877313
2280361,15777.868176554008
2280370,16288.672726079538
2280371,20137.394170187752
2280405,115848.48060381436
2280423,120956.34958013834
2280430,94900.93772571598
2280435,113523.04844539806
2280451,119330.58121671791
2281203,75912.35674520812
2281307,17766.939579236943
2281308,13954.726968464347
2281322,13431.848616872947
2281324,19070.628775250825
2281337,12197.255729491382
2281344,15624.658874558349
2281357,53077.57125704419
2281511,99500.38551481476
2281824,62403.14020758035
2281854,84724.59224730708
2281894,93742.95722766186
2281934,83176.79196681957
2282010,118311.4658404297
2282068,88870.66220943825
2282243,86227.56459583376
2282300,72170.46253719961
2282356,86742.49797517809
2282557,87307.87515060822
2282608,98520.82305480452
2282666,28156.447849193646
2282676,23354.381998185032
2282684,36020.094790571886
2282693,23590.26028358911
2282717,17815.101861587314
2282769,96273.89489899114
2282833,10000.561007715292
2282834,13035.677254212746
2283439,43783.49782203324
2283464,63823.41355416814
2283465,65061.39389470678
2283467,62044.288069696595
2283471,64663.40526631811
2283486,94062.53716400481
2283511,48812.39094615396
2283512,44937.37518688085
2283527,41489.72752203765
2283535,47739.7615501501
2283541,58786.55881690716
2283554,57605.51466563299
2283563,91637.19982252739
2283566,57212.99781903671
2283569,45890.9496570347
2283579,67930.03350617594
2283583,58262.93578512296
2283594,82011.00573727323
2283600,40139.66127972288
2283618,68961.65408200677
2283625,56993.26417589888
2283636,88560.59029840784
2283651,89210.71680147597
2283701,95959.63039168506
2283801,64715.10776473644
2283833,80368.72854402375
2283858,86047.64509053326
2283895,53697.98850161932
2283901,67695.70329859175
2283907,60342.616708969916
2283914,62484.375187082274
2283943,73046.97264300371
2283961,54426.72193835498
2283967,80890.25276797717
2283981,84862.88479804994
2283990,66220.0806846099
2284039,90488.09570021485
2284042,70278.46302621
2284052,76029.84548875863
2284062,86126.00124692633
2284077,77188.27030544395
2284102,76074.88416385769
2284126,76465.52827244502
2284255,86843.56340533268
2284261,66652.84391480578
2284300,74466.44116415773
2284308,72473.13032538284
2284313,68838.95067051545
2284333,67393.68781697654
2284349,82328.48075977158
2284370,67353.17105557545
2284371,90507.09989514347
2284385,56896.118078064705
2284411,49158.07749646095
2284458,85168.6737242144
2284519,92884.23962161747
2284564,46432.241513834975
2284578,61801.59002432071
2284627,87647.46309838262
2284634,79181.77445820233
2284650,78705.19075103311
2284668,66506.05367433612
2284755,76734.30754344491
2284778,74299.5320048323
2284850,99889.08163708457
2284982,51887.49143697795
2284986,44872.60745252621
2284998,91412.64884728631
2285023,70476.24317911768
2285079,95431.3415565175
2285107,77998.64657305308
2285122,84728.01184787307
2285220,85790.7545281774
2285231,92778.40901786118
2285287,74763.66102168773
2285342,68715.94960563071
2285350,83005.33910722431
2285410,87388.75896888343
2285420,68829.83015977014
2285427,88057.28722738678
2285455,91891.06834219853
2285481,89786.70109091673
2285485,100748.24463413109
2285490,67202.7616213425
2285493,85771.32953633377
2285507,100470.24518238133
2285544,96002.19460873259
2285591,121087.19727272136
2285659,68444.59187722136
2285722,91833.24540795754
2285726,103413.03234003129
2285908,64288.02491453739
2285918,47813.306494777135
2285921,76809.14284704952
2285938,68075.6962888215
2285961,62420.350353824586
2285979,47680.42310758405
2285994,63824.24302077108
2286001,51801.73291302135
2286003,66848.59939192141
2286025,65143.94308627468
2286034,61347.93567173835
2286040,68446.09496522092
2286053,64660.24402632335
2286054,44200.98026190216
2286062,62809.7702511668
2286066,46030.34139223052
2286089,69901.72128382549
2286102,81430.39738810509
2286138,63954.3733789502
2286171,68673.1157603757
2286198,73399.74602794774
2286202,73532.72670467744
2286204,72871.12096477642
2286258,16363.39850860569
2286283,16306.0508599016
2286393,86918.04555840079
2286449,75942.97200394882
2286454,64594.47783774273
2286458,40225.52577119264
2286650,94469.86753395865
2286706,115632.44595210653
2286908,135226.08817725143
2286985,91592.41940241352
2287799,36362.000701762285
2287849,98778.10472813995
2287877,89256.47977227588
2287884,84458.19975246652
2288046,84685.77262363705
2288243,94960.11454348009
2288412,82665.87421005037
2288992,77534.49574245448
2289017,97313.63281686396
2289046,89157.14179751434
2289101,85143.64536992623
2289112,81604.09323367327
2289122,91254.58637730003
2289161,73848.46220005157
2289234,78771.0530204107
2289378,68114.0393696481
2289419,70373.69215615441
2289469,99835.02772593769
2289488,103324.76613310156
2290486,29259.683427629217
2290509,36945.86946067689
2290510,37411.314532883975
2290580,21029.42162094065
2290587,27038.829933317404
2290588,20470.47541072161
2290606,23165.03799193215
2290622,18881.885145169523
2290760,106739.36457567758
2290871,57189.00558450019
2290878,82308.92046180338
2290883,97711.02002434511
2290884,63483.08378073492
2290895,79542.91017329146
2290939,84815.08512806958
2290998,18732.52783773181
2291024,38420.74104258644
2291025,33042.36707063731
2291026,29917.228321450948
2291027,26602.30885348846
2291031,37596.2688098809
2291716,21760.08457538818
2291718,28738.429908792823
2291732,25872.041164219158
2291735,24513.508248031892
2291745,27556.262514582722
2291751,24546.14839644867
2291764,31918.003225266963
2291800,32421.607736918504
2292089,11327.171429317685
2292110,10875.805279069078
2292134,9082.131462985306
2292140,10836.204131049384
2292168,10968.866262272004
2292176,12186.706501044882
2292213,48833.585216823936
2292218,84609.08214026011
2292238,52108.04167662237
2292256,53838.511338513825
2292264,80722.2704042645
2292273,63904.25151445229
2292287,65446.85994779477
2292296,87170.1986729949
2292300,71610.2095555132
2292303,55783.49811976492
2292311,61357.915567288976
2292312,65056.05515507964
2292316,53686.763140171024
2292340,102342.52366758627
2292363,100297.65287318453
2292371,81297.44590821833
2292383,86853.7673545832
2292490,33510.249386569965
2292604,25258.90417402841
2292666,34708.95632673191
2292688,28707.901573125604
2292753,31725.680121242036
2292764,35679.37515019311
2292787,23296.26248805454
2292820,33886.89207854424
2292879,37393.07787572133
2292971,28573.522883891255
2293021,29290.48023662182
2293064,32576.485524585027
2293143,24728.20965966765
2293287,28247.529292314342
2293307,33989.98509603744
2293416,61493.97002693464
2293429,60796.36185391086
2293441,47675.909353760115
2293443,46373.725397215734
2293450,81383.97623299753
2293807,30503.302543971957
2293831,30156.505051259184
2293901,32917.50928456955
2293938,34527.58631340507
2294011,32301.24811948897
2294193,29099.297558239243
2294301,32797.37349839934
2294368,39483.15073021686
2294417,72425.8484093281
2294435,90587.83767205871
2294445,87943.11977837773
2294450,81401.7604069107
2294456,91726.11168976837
2294483,17840.137110876687
2294492,22611.50473972531
2294517,111988.66860629221
2294575,48816.75594246019
2294580,31113.08904709685
2294735,34338.066602606574
2294897,35713.24493299039
2294971,31818.989753401846
2294988,30777.389643647894
2295028,34982.35128644316
2295193,53573.187232832264
2295195,91843.72406400423
2295333,97736.56498894645
2295358,104340.70683249572
2295360,98478.35364495417
2295382,98460.04511695201
2295697,22247.286585533708
2295698,22691.485272112623
2295712,16615.112929708797
2295720,23748.844990955222
2295977,38406.73213533593
2296051,28712.052274568872
2296131,36350.11092594869
2296152,33963.72401467017
2296423,41997.385580286296
2296431,25195.68223358809
2296432,27611.09021608895
2296452,44567.082516301474
2296457,35851.2625973367
2296460,35851.2625973367
2296480,51244.414274524126
2296504,48692.4937141244
2296519,47505.26437005136
2296521,44592.293559753154
2296530,44489.59877364242
2296613,73691.30146743514
2296634,60798.04120013871
2296671,71380.69052984388
2296689,74635.32030855693
2296703,93573.20526061006
2296707,65306.74262029621
2296718,65615.89023108956
2296719,67282.83735749974
2296824,42280.369962610435
2296828,41903.81755657075
2296830,29273.77324744813
2296852,29952.231565420752
2296859,41531.42508776442
2296871,36572.63269498972
2296918,42193.299445977194
2296926,45758.30628595562
2296933,36030.9702685514
2296934,44004.97853439695
2296943,61328.12150372221
2296949,45434.81204106011
2296979,50828.18934192811
2297041,56396.87356790346
2297064,51293.46808863339
2297078,42367.36542478054
2297079,40722.787466592425
2297175,97678.25753790175
2297211,127724.46760967412
2297314,109842.56429245432
2297322,115083.57641594164
2297325,112769.79708060621
2297330,130600.34655831805
2297511,128816.9792876316
2297679,60792.28067396058
2297970,37878.096979519876
2298256,20199.228083316382
2298270,69655.34307669516
2298273,53205.296949634016
2298274,62418.31617648895
2298277,63979.54688961828
2298278,78342.52778373938
2298489,56941.89081242887
2298555,37471.34501397725
2298602,59040.3907547235
2298631,53468.66465156993
2298651,69602.02124776784
2298657,40396.77864464764
2298672,44635.73232238364
2298701,65955.71844714755
2298705,45133.564070633234
2298723,62913.34360144896
2298745,52263.741203867125
2298760,58495.63179255539
2298770,49028.84924181242
2298781,51243.668856190954
2298805,56065.8278714086
2298820,87043.67332510385
2298834,54803.94110890243
2298856,51195.2933840633
2298872,62278.43190232067
2298887,62574.505600641656
2298898,83593.1808575025
2298913,61614.432497553775
2298916,59166.36830893195
2299021,37897.80851120764
2299026,43580.056419335575
2299091,49260.83181578925
2299119,40840.714099707126
2299121,40196.54926093884
2299134,39239.14343707169
2299167,32466.356977222073
2299175,32012.466041034353
2299183,30634.625465652643
2299186,30244.301631050006
2299192,43560.06498871627
2300773,42122.96902794859
2300795,87176.48410157158
2300803,58734.00991713887
2300834,64878.72537680738
2300852,100379.97697984506
2300856,62081.49403561721
2300878,80404.92606972548
2300881,105003.32230354586
2300889,92245.01328445718
2300894,71526.28026623726
2300922,60194.332365677394
2300934,45140.34623226682
2300944,52510.47821642356
2300953,54535.194026693796
2300965,72527.15919366457
2300968,73186.20760242947
2300970,55416.897290698646
2300989,76360.66030694955
2301014,74730.58134244866
2301016,77951.00353869057
2301042,51234.31317703883
2301079,72324.66716651306
2301268,62658.06120298968
2301289,79934.38884848807
2301297,85413.07955535731
2301299,65911.80230945477
2301354,100409.33650030663
2301372,63827.8437075744
2301413,75508.4971782787
2301438,68624.60601384848
2301780,13996.627312446715
2301781,78176.97637205427
2302052,31840.8937871061
2302094,36708.278789235046
2302109,32666.188142472616
2302183,46495.188698322134
2302184,58286.398332685436
2302218,42754.93777559028
2302256,50191.51381656202
2302263,53227.72661881278
2302706,17355.28199600585
2302712,26610.367862404564
2302739,19526.337111643727
2302777,32863.29007577231
2302785,17338.336603969186
2302796,27694.07733682012
2302810,28093.33361643075
2302831,31963.971152373662
2302843,21665.66187075302
2302860,24925.577462401867
2303069,91048.1955720176
2303077,63767.145085901146
2303082,63936.278231607976
2303092,63936.278231607976
2303128,45118.67383380468
2303129,56555.26731033217
2303148,52833.74671617069
2303155,62219.915160934375
2303158,66989.96379123037
2303161,55895.49684633064
2303180,67473.43680520024
2303226,69471.08405739226
2303240,67084.44770962172
2303253,48854.06980283024
2303259,44650.11409909393
2303270,60927.89339242952
2303280,55365.08180989459
2303300,60309.82912489243
2303330,54277.80526447912
2303358,88207.99889891471
2303408,71622.06359950497
2303414,66865.68130101927
2303575,102522.4356238142
2303581,64165.480307384845
2303583,74446.66073904803
2303604,78647.05743643566
2303613,61870.746969227876
2303624,66705.17119647794
2303634,92124.03613863605
2303679,79342.7281738049
2303686,91441.62628925736
2303715,65947.2665248092
2303716,67364.68558110991
2303730,102693.19750402361
2303770,71855.2529401011
2303780,82212.90128714015
2303803,91716.99359058727
2303816,96570.7736309862
2303875,65217.103534025526
2303895,77684.54470544973
2303898,85089.60520190466
2303932,77959.32537022824
2303943,76219.74609435801
2303981,88572.41210449302
2304012,83998.29506413933
2304022,76737.33069923638
2304049,89120.56506629071
2304068,85317.19789629147
2304075,85377.29881145913
2304101,92562.21423584671
2304163,14907.572585946156
2304235,16023.0136727005
2304250,18453.185011490867
2304266,17391.70424385284
2304283,11686.78323875793
2304332,20931.29646188795
2304372,18382.839854105852
2304382,17385.74250145143
2304400,13516.10561925831
2304403,15285.653234952366
2304409,19633.480093814152
2304421,15800.496334465497
2304438,15744.212546970619
2304450,15800.496334465497
2304451,15800.496334465497
2304461,15745.047056054449
2304500,16310.092975598409
2304502,15789.297617307133
2304525,18345.59849653842
2304527,20320.9699463087
2304529,18854.30978291028
2304537,20263.156568338894
2304597,18368.901497094463
2304636,81138.27311559873
2304639,90325.73856702837
2304650,104114.9084247651
2304916,95719.14556727844
2304932,12865.855134781468
2304939,13905.460668074844
2304948,13680.198527779268
2304958,9485.027306912514
2305042,90402.15271328295
2305052,74755.80616424854
2305268,100325.77898317769
2305661,14738.611716340083
2305787,78197.63483014861
2305788,82228.26500611135
2305795,82606.14900149981
2305816,74733.20926140847
2305858,112763.32182519486
2306153,28988.8772224245
2306211,29192.03159594841
2306229,30809.133890176494
2306293,32221.309696295295
2306525,34359.38848519836
2306548,29922.05909980762
2306573,26818.725635872215
2306700,30527.747363203573
2306909,32956.967897902075
2306919,32211.659850604898
2307022,34574.744119348856
2307124,25990.105612905183
2307221,27265.952988748362
2307233,35728.74713638726
2307305,26772.002614247303
2307365,29156.382010478483
2307419,36571.9872584514
2307538,35005.26442016436
2307641,30577.103905195836
2307705,36529.6593385491
2307732,35826.07146574231
2307774,31175.847467971616
2307805,26540.208043913623
2307852,25848.14553929654
2307855,34300.84085204261
2307882,32653.244114329373
2308066,40586.0969732131
2308262,21332.46729592501
2308432,77433.33963871155
2308476,19910.741283899173
2308492,19882.729201598704
2308532,15047.704036358376
2308534,15660.72271797595
2308903,39353.31237374675
2309000,90722.59658457134
2309004,100064.44420432075
2309022,96048.50527953685
2309148,69725.83196114418
2309177,66354.75199415669
2309192,68306.7190277951
2309540,31617.16258222279
2309543,27615.48279968537
2309545,30816.077980622893
2309559,33501.70306396928
2310115,28118.72898930541
2310117,24168.63880505887
2310185,31298.14245569219
2310238,55627.61564114243
2310649,66144.63574743218
2310666,74979.1131770894
2310698,83697.42311569423
2310740,9926.19514552759
2310851,109580.02694086995
2311033,29648.687971037398
2311141,31206.592578931453
2311195,27754.590962364608
2311199,39828.519874810525
2311225,29289.99455555514
2311281,45468.08535331097
2311477,11984.113842423572
2311482,10694.244376992334
2311501,10391.091273074506
2311522,12831.138353988357
2311792,25084.945069655576
2311852,33575.75833009803
2311886,47366.7913398559
2311904,92321.12478680928
2311905,81673.83974278663
2312007,46564.592915756075
2312571,45958.313853356216
2312888,58628.75237011532
2312889,57821.64551091756
2312980,12459.350027975557
2313037,58917.54759610985
2313055,60455.0663704188
2313085,91919.6097213402
2313088,76230.77177491445
2313799,35364.703684521475
2313817,48820.45774999317
2313833,72836.02118529686
2313840,59632.50156727958
2313892,88884.81258363795
2313942,42176.504012479825
2314598,16032.495932884589
2314609,18462.050618389614
2315318,100914.80303007661
2315567,15072.298652726144
2315570,15799.241833830969
2315626,24768.187577429242
2315635,20405.099427548274
2315661,22490.86923153155
2315679,32166.711588085924
2315691,15215.618734854503
2315711,25216.288390931062
2315723,24521.52667071784
2315749,45554.29086681276
2315752,99297.88182727972
2315830,53780.84530541581
2315833,51134.16138283262
2315844,71779.79913681465
2315849,76161.79728141904
2315855,52734.02919213816
2315886,58106.586618566806
2315896,50889.35288972092
2315898,70913.0140818922
2315905,50947.02157899149
2315923,50859.26079101344
2315940,53121.17284685791
2315941,52566.67012916532
2315967,52347.102597272955
2316012,79461.95886063958
2316013,55735.359380764145
2316018,71761.56716383922
2316031,63209.63850042159
2316041,58058.42230211591
2316049,66542.34053483364
2316054,85634.88126695015
2316061,81500.77540549224
2316088,76748.17689277005
2316110,68873.81894432624
2316123,91034.06117228667
2316124,80171.48307803385
2316164,71463.66762963458
2316180,65044.44063252611
2316194,68834.34437095725
2316207,91446.93795113055
2316220,63483.03872985404
2316223,65877.33703307767
2316230,65877.33703307767
2316240,88624.52052584558
2316249,87889.1525848184
2316265,63584.12493322238
2316266,68834.85809136197
2316288,59778.57296436208
2316302,67795.25823615129
2316319,65725.52844297054
2316335,62204.598275936
2316350,67149.32622319787
2316369,63984.060735109015
2316414,78359.97847256376
2316418,76588.61783370453
2316423,95836.8237595176
2316445,82271.54721059681
2316516,78302.01147754467
2316582,89321.48975757704
2316612,81352.32434569544
2316661,52003.10555972713
2316669,55987.65812748464
2316671,51694.61218454531
2316678,87555.70535605699
2316679,79644.75310427803
2316721,83730.31233477066
2317148,43375.006459877884
2317159,41872.94173832532
2317170,44245.54053138301
2317225,49769.49460277206
2317236,67134.74861700626
2317237,51594.273838512236
2317271,66204.51913546723
2317287,27972.72241515639
2317307,28447.08157617827
2317311,31381.380130958772
2317666,100634.46162348299
2317692,100399.59971425697
2318000,35476.94206577396
2318013,80844.77646563649
2318071,65945.23435224417
2318400,43895.26141565526
2318467,60186.663075091405
2318481,64749.80944400104
2318507,39425.92049580654
2318575,76739.27345683466
2318599,52142.48235105299
2318605,48381.151436098866
2318844,43955.688598519235
2318847,44752.196275706876
2318865,35275.730969993216
2318904,68600.35745437541
2318909,76376.53577848256
2318913,58360.07122326401
2318917,62255.60100882885
2318955,65012.361700126516
2318976,62096.34270666154
2318994,86146.58092630173
2319008,70054.64974352952
2319043,80258.53672546877
2319066,75108.29282331586
2319090,76109.19777185356
2319802,35560.34318156671
2319868,38464.416270964124
2323321,57725.8696283012
2323451,81897.34535478393
2323483,72687.034396773
2323546,59565.49202695856
2323559,60874.78016558817
2323608,90324.21140364785
2323615,60770.956679391646
2323627,64023.206593661766
2323629,63425.85905327485
2323640,79932.07047176077
2323703,55945.377576451
2323717,95109.11576574476
2323876,24491.635968472576
2323888,12557.6268917164
2324158,65823.1697554097
2324233,55981.535321696836
2324236,45216.46377458088
2324250,53734.25406088523
2324579,22340.46443845187
2324627,60207.70798569052
2324680,13208.711361066124
2325320,38613.52456405992
2325337,31545.757562515253
2325361,11942.171472031267
2325403,20684.070691760317
2325444,45903.829392979584
2325447,52480.62882155669
2325468,10634.080623493832
2325469,11131.503505076089
2325539,20100.71522502631
2325547,13187.721782651442
2325577,16117.824315385302
2325617,29213.60598100361
2325631,15574.378357395508
2325641,18926.774996418
2325645,17758.392311519958
2325677,18844.899539851285
2325679,20697.86401025352
2325707,35074.90391285019
2325714,17745.62405917929
2325716,29993.8618548524
2325741,40944.07521429673
2325744,38672.2711265495
2325805,18977.35504856232
2325935,17298.943269042687
2325982,14894.685468319478
2325993,34542.37690580122
2326018,11899.216964849433
2326078,27670.137544833782
2326083,28569.482532349753
2326092,25452.380960009126
2326102,21183.49142688284
2326112,14040.559377050093
2326114,24105.992894662482
2326142,23868.696834844683
2326430,83165.19545157257
2326558,12936.371192477833
2326897,10099.079016546702
2326958,24369.72188328238
2327018,25752.673735134726
2327025,25842.713724729372
2327030,37581.39504653657
2327073,37407.8644942171
2327187,29274.103600775572
2327596,48067.05500676399
2327903,15191.712923761708
2327942,15059.607335671953
2327962,82646.25366504684
2328018,10379.594594092814
2328021,11136.365758337477
2328030,20313.522653070777
2328049,15471.09949964348
2328055,13444.246452554851
2328115,9687.868129191065
2328124,15781.395809120426
2328133,13620.991727319004
2328156,9529.878153952075
2328168,10073.669052408699
2328219,8828.670990031107
2328233,13899.655108101986
2328352,20854.16850801713
2328370,24125.385185735864
2328384,23383.976629596436
2328396,27442.341404368424
2328400,41133.27973961745
2328408,40524.62271564479
2328409,31266.732423989626
2328419,36608.893887657614
2328439,28720.642795912703
2328455,38276.88948815881
2328457,32199.90406433057
2328470,40493.023396206285
2328483,60267.97522657325
2328498,31653.71584975658
2328524,10882.040136494325
2328586,10739.774707025614
2328588,15973.073185229036
2328595,42016.865013813935
2328596,27083.56558401482
2328610,43986.17924420933
2328653,25936.688567472487
2328684,66776.89300357696
2328692,17112.263858220547
2328709,15303.57620923768
2328720,15568.516002525885
2328730,53781.67740610849
2328738,13182.612721869735
2328756,14218.092431809298
2328821,54678.63475181452
2328840,42438.24031889216
2329011,11619.307861751015
2329049,31594.904657674317
2329066,104391.89872348383
2329115,43465.27484615364
2329127,51821.093883124035
2329349,66642.39106906508
2329375,85758.95359829976
2329697,23940.806418106753
2329956,11421.139201413847
2330071,40654.106741549855
2330100,34056.944524500665
2330101,10730.160280032233
2330119,11787.888936284011
2330181,11205.729471482118
2330776,45340.79856475419
2330933,61683.67193266084
2331185,12127.559364447712
2331195,14080.843757767585
2331258,20256.555472259763
2331280,33225.73689763763
2331285,41862.82918720429
2331439,26593.28282361647
2331496,35316.34023315884
2331502,39581.48852441128
2331560,56375.26138876645
2331565,42241.4908796444
2331605,14148.128826647135
2331643,12749.964708228283
2331666,29121.621726950805
2331695,17438.364593625185
2331732,24899.21003936247
2331739,30296.94538065025
2331744,28644.43610070572
2331775,22405.297715164837
2331875,20720.518213650663
2331932,37679.377459653595
2332014,29082.83913450051
2332178,18419.839739033057
2332216,47681.55161556606
2332235,23776.43235548167
2332446,13245.827592760485
2332497,49821.17771877091
2332515,31967.593037591745
2332541,73643.63622289548
2332544,43324.06493402621
2332561,40405.897548788045
2332673,86423.1090780096
2332684,36258.35259910757
2332716,87898.8118745237
2332863,80999.9170936904
2332949,59261.891644012416
2333085,87566.09453303718
2333115,50916.45802933428
2333117,65852.51026678769
2333279,11027.363519683888
2333304,9512.280660413044
2333333,19217.690080868666
2333380,79966.65724601656
2333381,46200.234416687745
2333396,53126.68659612048
2333400,39590.22025096026
2333434,33549.10068419195
2333441,9109.524563905987
2333875,11247.450781333266
2333938,13859.39027740547
2334254,27897.841100559217
2334321,12181.552675849478
2334348,27219.599486392202
2334410,46220.11793127684
2334846,11654.651263937358
2335395,21358.661306656006
2335523,11445.570871588581
2335558,42772.21653437818
2335617,41006.695257123705
2335667,29295.097806857066
2335699,48519.25534855439
2335700,42579.3077384831
2335705,32368.653739423025
2335746,26419.762742620045
2335750,40115.395866360515
2335820,56765.22400836933
2335878,48189.62391651703
2335886,37886.47653701124
2336001,25554.39316083576
2336014,63349.92125389686
2336062,53572.544173270006
2336118,53524.10800202336
2336124,39718.31549343456
2336291,29841.363880477988
2336526,43310.478524920676
2336611,29648.911571924433
2336671,32099.741492975383
2336872,13855.883200489825
2337497,18430.732179056915
2337498,10866.637507616411
2337507,14387.285821247542
2337523,11140.474867677887
2337568,20470.28763541782
2337576,15550.610418124614
2337577,12884.757771206107
2338423,23191.89020564635
2338583,86273.05285726096
2338680,57253.843540242095
2338682,50628.15115266051
2338683,60327.876550705885
2338724,49194.39762636765
2338747,70984.07931632416
2338769,44909.98111006126
2338844,69503.12525488378
2338890,74853.6723305878
2338900,87050.62765339346
2338903,95271.56558609336
2339009,32700.771465985727
2339027,38169.32734987247
2339042,22424.272106226206
2339069,17764.316579790375
2339071,17015.356441065214
2339093,20462.296860429677
2339128,20652.71209383953
2339179,33596.6430377348
2339185,26749.583937664105
2339202,45784.31629582681
2339251,40586.004856596584
2339278,40988.396836796266
2339292,34893.0630660533
2339319,43764.75698379906
2339376,75088.20690442693
2339398,65128.49738715808
2339420,55131.228902792864
2339422,88179.9728052459
2339430,63469.477163385855
2339445,78572.34389993147
2339466,59979.306986773736
2339507,31580.21229276463
2339551,11890.652028313967
2339557,15523.87581815298
2339561,13793.406932292464
2339579,28957.92433825289
2339585,27503.49556965067
2339588,22963.30454835011
2339611,26430.97215196127
2339612,21822.368863528005
2339616,20042.379863584185
2339630,20629.549034921372
2339631,24380.995012192034
2339643,24611.5986710365
2339644,29824.397856788593
2339811,40778.44560518173
2339846,46487.867515185724
2339852,41396.58144333273
2339853,52697.682713208116
2339863,54927.146347460075
2339873,69664.97933643399
2339877,58464.1061694055
2339890,58227.38343496362
2339906,90877.94100737906
2339927,92003.25879547838
2339973,77594.8615073935
2339980,92874.13672931066
2340200,14969.864262603702
2340215,28866.70484330113
2340237,27437.827873933566
2340240,24678.009646251565
2340260,24373.671845927394
2340265,35175.43990254489
2340269,39678.43626164403
2340270,33373.37457282906
2340272,40340.9067710213
2340274,41635.69878503715
2340291,47874.88893366864
2340377,27723.488241822728
2340384,19638.908969918615
2340386,68739.3112152769
2340387,42631.125237693006
2340392,70719.21976685879
2340409,91765.40601196483
2340469,11673.055073526295
2340470,11767.967387572236
2340473,11061.276611751644
2340475,10579.222767004765
2340504,22489.843318247684
2340517,15620.858104203928
2340522,18931.48712460983
2340564,27047.414279097175
2340571,15260.871930826497
2340617,15426.716448815769
2340628,16985.099397214148
2340666,30323.328960255756
2340682,46181.95873784403
2340701,46726.29028339402
2340707,54438.11277831403
2340722,50634.02230995774
2340949,22347.17612152447
2340975,21919.192936913165
2340982,28403.68878021918
2341013,35836.203993510615
2341017,40186.73601707269
2341028,42721.3358908069
2341043,43886.57818286383
2341054,29345.949920334
2341055,30959.777161401962
2341076,25022.719752409183
2341120,50879.163042354354
2341143,65837.72430616326
2341159,63150.457626527495
2341226,48015.91593686861
2341231,51507.94112797227
2341233,52524.560617720825
2341267,35257.44309143759
2341269,28346.33052110837
2341275,43623.68787905061
2341278,38256.18206167721
2341311,25218.550927206772
2341318,77356.36741315939
2341320,70453.10514280177
2341325,59294.673252162946
2341342,62017.982313055094
2341358,41325.182367955684
2341369,81081.14289269879
2341405,85957.16953237355
2341430,80412.74396935877
2341458,105640.64558459082
2341757,17337.661002055454
2341862,25609.952541848485
2341865,35647.13144697269
2341882,27332.344147469994
2341897,27624.80951002618
2341899,42050.08979514119
2341930,45422.650495420814
2341983,39170.532407480365
2341985,50655.64722815693
2341996,37245.65046859928
2342003,30470.479769260855
2342038,32332.191612327588
2342058,41106.48166403324
2342114,26116.04724191018
2342145,53583.38732761454
2342178,37800.217447584495
2342179,27919.5906229956
2342200,33380.546463810366
2342213,9818.74642352602
2342217,10102.09055840779
2342221,9792.988068426364
2342222,8723.86978410231
2342282,9648.403480122844
2342286,11371.99829098507
2342290,12665.985195104615
2342376,9609.34952265954
2342407,25903.373764546544
2342413,29012.09755151487
2342434,56639.905287990434
2342475,26466.42460460504
2342482,42321.613439393805
2342490,40083.65105532126
2342491,27470.783685343515
2342498,42796.25955952709
2342505,39555.064354204245
2342509,37691.46173587044
2342520,30353.93298675572
2342528,39759.49199002421
2342558,18215.430994424478
2342567,14199.658273916843
2342592,10712.818872796546
2342629,19141.870139358718
2342637,12698.125933285088
2342643,15178.898256110566
2342652,17681.254643689575
2342667,25454.419518456565
2342705,12079.838080427002
2342719,13056.860370228798
2342762,24520.602514338574
2342765,35247.45968218131
2342781,21855.523607988936
2342786,52121.8839151782
2342801,46269.95559659145
2342820,49452.71441057753
2342823,43694.52116115214
2342826,26080.52148834575
2342831,66441.20014007948
2342847,21458.756552891617
2342907,23510.139177240737
2342993,25283.367448741454
2343026,28661.618256481583
2343061,36156.68629057917
2343102,36670.20994822997
2343110,30431.767412121888
2343138,61821.93848192457
2343178,46304.67993197531
2343210,51357.80630369783
2343230,30902.209525046932
2343236,69268.75083810254
2343238,43204.83308239997
2343262,37367.7956706628
2343272,34362.93161321763
2343273,34913.28303304803
2343275,37286.35965728014
2343309,40754.784080985184
2343332,49839.47439700975
2343338,80641.3838488591
2343352,56415.31268420717
2343409,52780.78167695398
2343415,53314.9761056413
2343434,52278.09662827341
2343486,63769.42930467883
2343518,43808.82412262607
2343541,41763.48630987998
2343572,47884.889080128574
2343601,55787.45135380805
2343617,51529.46602400443
2343630,56923.12642242142
2343642,50141.93790704325
2343643,41025.99907447212
2343658,38381.169259747985
2343688,47271.29820285602
2343703,46195.728813381094
2343727,48260.58251251199
2343781,73316.23390761566
2343799,66373.72923146175
2343832,84428.27277479492
2343836,24451.314039168057
2343968,63378.841705217106
2343974,73121.36345677057
2343975,93371.99844572667
2343979,41831.36622260581
2343994,62659.92646424541
2344012,54289.99915250254
2344064,39187.40460111236
2344093,49767.77346825692
2344096,43525.32578005386
2344099,83327.86036382656
2344103,36477.24941434386
2344121,76032.08024691323
2344124,29865.71667647633
2344137,73213.59195871385
2344168,91540.75857747119
2344170,91540.75857747119
2344238,37736.61335729629
2344296,53126.68659612048
2344362,53468.23098465772
2344370,52328.79206892329
2344373,58857.886634847535
2344375,46734.12417556038
2344390,65282.25898224648
2344403,73178.7536229009
2344409,68410.1863504247
2344411,44510.60471431217
2344424,38729.687194733764
2344435,52083.44916526637
2344485,60491.87977253568
2344490,49213.20085291339
2344525,90459.13651453346
2344559,51065.413574997714
2344581,66346.6052069011
2344590,91862.93478579898
2344610,24265.24446815992
2344698,40032.70320185922
2344735,77244.00362145591
2344758,64464.119400952186
2344760,65188.0107674325
2344769,57867.04977038789
2344816,88914.20031692988
2344843,10518.59275156063
2344849,12163.566317031324
2344859,11328.716599286741
2344869,14204.302505767877
2344906,13526.009342692978
2344925,18348.559562031198
2344956,21382.319119381777
2345005,17964.58476365926
2345017,13616.099866414166
2345022,13404.930505968281
2345030,17035.717632875585
2345034,15579.018398606338
2345042,15875.94432691149
2345050,15948.34778225437
2345062,16541.986060493713
2345066,25124.259798395018
2345070,23882.137972863424
2345075,23454.2273495936
2345090,26547.346096411067
2345092,17117.55332469391
2345094,20915.267116669234
2345108,14837.506705637017
2345148,15104.586188621595
2345162,17591.1758704939
2345189,20904.129120207275
2345240,15762.060565614032
2345245,17936.682930772044
2345300,17760.212388709086
2345309,23275.10100880456
2345320,25289.90381366136
2345321,32548.17241530075
2345327,23408.31202976972
2345395,18820.755010501744
2345436,35301.767615521494
2346052,34349.35910043942
2346261,16735.26545717471
2346319,27611.159900780884
2346368,19252.673340577778
2346506,19078.738214075995
2346554,25351.12322208334
2346558,23675.3231051354
2346589,22584.453142793216
2346617,30228.065583709104
2346635,32953.93201325056
2346640,15594.837211032125
2346647,27815.956953011213
2346664,32515.896333926416
2346687,37672.18858258917
2346702,42053.104785206604
2346716,31704.56698566099
2346742,25133.975685283673
2346760,39895.920089622414
2346840,17687.89708836342
2347776,10008.475925149056
2347863,7866.916982810095
2348673,16802.111325292975
2349006,14270.190416070154
2349244,11692.980283595316
2349639,21637.707896036787
2349903,20455.424296569065
2349949,25974.597028419383
2349959,28759.20810851497
2350259,23209.117755883333
2350291,22261.354970212367
2350293,22097.681999294422
2350315,24467.893770033937
2350316,26107.10106535576
2350416,23755.498390959823
2350442,30396.184886123712
2350447,24888.95086035214
2350472,30679.50803970342
2350475,28066.765664723993
2350486,28703.15544783138
2350531,22649.695117267154
2350688,24219.202837589197
2350701,22927.575317199822
2350848,24000.01141472734
2350881,25816.74635375764
2350889,19521.284012183354
2350918,24431.370878883645
2350947,27213.84015582567
2350957,20117.309044553567
2351014,28769.074098893965
2351820,31181.78297272978
2351841,26789.866764858176
2351843,25711.3711816682
2351846,22438.55904880412
2351936,24738.04254312687
2351940,25564.25377805339
2351955,25307.555048178772
2352064,30499.594430702396
2352628,12396.422098766086
2352837,20010.00294564578
2353115,29595.732252723625
2353139,27276.07544646813
2353208,29118.089346360917
2353211,26159.217576948522
2353242,29770.38548701326
2353650,21848.526858514964
2353655,19199.298396700833
2353689,18792.380173878148
2354170,26003.183660554678
2354222,29365.682486237598
2354314,48688.64456763597
2354648,13381.766727125856
2354864,20233.557560934747
2355098,36316.551550607845
2355139,34049.602584950146
2355499,19183.599890412137
2355516,16270.153951946671
2356047,66243.02032144634
2356094,56502.33952578118
2356139,52401.07122858368
2356378,77113.13316281783
2356384,64600.11381650201
2356432,69898.1679453391
2356444,49213.73653962748
2356476,39689.331537486934
2356512,49919.01845726368
2356997,30989.03877173982
2357109,31128.63795668476
2357167,24623.865409345555
2357199,41580.60874871318
2357212,34862.31758650209
2357213,38320.54364749215
2357223,42107.05571416829
2357237,38859.18775008855
2357254,45146.004053531055
2357273,40651.52726424439
2357274,76962.80822694121
2357326,52802.167464989885
2357410,91943.37608969458
2357523,36094.78346438517
2357539,15004.448136235247
2357584,25089.607046845173
2357596,21505.062815066427
2357637,19787.780719608607
2357659,45656.90292729059
2357680,45480.94163795393
2357695,47824.18645341844
2357696,49552.92054545214
2357705,44700.47377459844
2357718,71662.15098033668
2357826,108745.55813295045
2359080,68050.3420645936
2359096,61196.19547501555
2359469,38928.78016681447
2359681,13520.185193712565
2359743,17703.50958251546
2359755,15962.573891352586
2360363,18291.45219626412
2360369,14823.250686392557
2360382,12987.817851612986
2360400,13829.64082022356
2360440,15453.12207080969
2360533,29756.657581580177
2360536,23807.83133886287
2360537,28021.69307351882
2360544,21488.503192058957
2360545,29758.613790460447
2360608,22234.197405218227
2360613,16056.066158906006
2360647,25741.080480279088
2360792,16368.331092711884
2364635,13266.667045061427
2364916,12780.982850404715
2365103,10824.841765528377
2365339,11667.57390745081
2365340,11093.162232665967
2365376,14961.346783555966
2365438,13021.33918070173
2365447,14699.133940953569
2365564,16547.82210418948
2365620,18493.31945950516
2365659,24236.7097649862
2365669,40638.45746224269
2365751,35026.41137803488
2365762,31597.263500377358
2365781,18730.457414785837
2366009,9632.329330745484
2366405,15245.052844350601
2366784,23873.014919974536
2366911,14737.891906713128
2366941,10965.397135649004
2366969,18994.753304769365
2366986,43371.67404151796
2366992,35198.782039724
2366996,49102.75463031953
2367024,9407.153435472086
2367050,16805.576277023803
2367054,14406.47301562683
2368017,10749.47330569573
2368041,12344.21033092683
2368057,13074.002905721483
2368116,9769.114546827508
2368124,10011.803409615492
2368151,10279.860789606562
2368455,17039.708295389646
2368509,13164.64416965291
2368541,15111.76630835665
2368714,18036.406075314742
2368758,15773.609047784272
2368830,13675.3565571891
2368898,13128.577921937223
2368904,19125.613425864834
2368921,22637.767007322807
2368922,20894.88703875892
2368963,17295.86107608178
2369013,21520.530104771133
2369100,24463.829465299772
2369101,16466.17696468465
2369171,14511.931571551206
2369213,22648.482036449328
2369214,20716.997649053385
2369239,14891.437618524777
2369248,23134.57676086452
2369310,26078.536484629156
2369313,35573.78042832186
2369343,31788.738864574236
2369369,37962.979258330546
2369375,19256.74004630644
2369424,15136.784929085703
2369440,14078.940963470235
2369539,19775.580551900897
2369540,13892.794981567158
2369541,13424.908115581258
2369632,16783.195651234473
2369633,25022.77243617243
2369645,21677.97777279547
2369647,18838.788515533353
2369670,23093.213623450767
2369679,27257.35835401588
2369693,21412.082121683772
2369698,21646.02423512844
2369751,35168.99441974287
2369760,20963.28841112616
2369782,30329.81878480669
2369786,29031.20250389875
2369810,33457.71876145675
2369845,19889.211265719347
2369851,35949.555193608365
2369866,26413.64485796697
2369872,22591.95760711754
2369958,14958.118222032692
2369981,23023.780095817452
2369999,17078.776882558202
2370005,14619.945298555465
2370006,14674.877461762535
2370047,21110.039940531078
2370088,13450.811235584057
2370092,16032.389792180933
2370094,18515.830683076252
2370163,27705.82694125399
2370223,19700.61344876932
2370229,20545.54224372333
2370242,20766.996030925657
2370245,26367.973973877713
2370262,18095.473872400577
2370278,23398.111302954552
2370285,30960.064335605584
2370384,18276.033868332775
2370405,20714.27840748361
2370458,23227.38107047444
2370464,24967.99084231866
2370472,20829.687276483273
2370479,25523.906509163295
2370485,23780.660775837612
2370486,48914.55138994659
2370492,31974.511461898008
2370535,28481.244857980426
2370553,33959.29460146863
2370606,33678.295873691306
2370611,65457.552905538134
2370612,53940.0999155861
2370615,19150.82903205762
2370632,27126.941718498798
2370657,26168.363050881977
2370740,45795.146566768
2370759,33865.80908508431
2370775,33064.20511347709
2370828,9265.609280830084
2371063,10149.39250566039
2371108,9187.976960661208
2371137,9247.781892776708
2371157,9012.50459904686
2371166,9726.818128538045
2371257,10367.045940594497
2371480,12216.199866634806
2371527,9708.753075512328
2371588,12875.369040697493
2371805,21018.655876591016
2371868,30420.699671774157
2371899,27239.051490591326
2371904,14749.269637083169
2371943,18354.01746218774
2372022,15052.980641941467
2372060,25880.176891337636
2372062,36523.27052580068
2372070,30015.455550595616
2372071,30754.795113946475
2372112,55425.495219509554
2372117,44537.78646934377
2372130,28747.0582079445
2372174,32076.95276203038
2372175,36755.175570429776
2372194,50132.267917661164
2372266,21778.134977958893
2372281,80226.7255111584
2372310,12004.646469112517
2372496,46414.08665620549
2372520,13990.458479062921
2372567,41590.64159700911
2372610,18488.639570690673
2372657,12231.493294530903
2373114,35850.410172062446
2373323,29298.476225346163
2373331,29546.602685366215
2373336,35242.44564791575
2373343,31980.89186977495
2373355,38268.55239418296
2373387,46052.83999319191
2373501,28556.643150412034
2373502,35593.386932793874
2373513,57865.704426102726
2373519,16630.487898831398
2373597,44411.373697693416
2373603,88253.09231390659
2373729,67550.10355304618
2373737,70240.5886252626
2373744,66626.28930515387
2373803,14956.255267969404
2373823,47896.02147982683
2373914,57790.8007022087
2373986,36022.81002660452
2373992,73218.28098382687
2373996,79576.54684167448
2374066,53643.182376407625
2374091,36404.01733743169
2374107,43029.61425147385
2374132,43441.44149172515
2374140,76034.71128177231
2374141,50540.62146905408
2374144,88913.45384024759
2374146,56589.559829362326
2374257,41610.66145391518
2374277,55676.95732561024
2374278,14435.017002773955
2374333,13684.638323617251
2374377,50335.37816600918
2374400,30177.29222582322
2374698,24285.697462625954
2377434,24121.66368094838
2377435,12395.8127898011
2377464,12767.091608059456
2377467,22520.710210349538
2377530,25596.82138369643
2377538,43530.95062152208
2377858,29124.438139175396
2377880,32874.06210379943
2377978,54177.85313221983
2377995,53082.06589728555
2377997,42084.79081479614
2378000,40094.24677537904
2378088,11214.469343806835
2378152,30856.039267218133
2378226,32130.78139137355
2378276,49124.83929550008
2378335,16057.287479514442
2378382,41913.02007006309
2378588,26806.87771673705
2378589,25280.089140071243
2378592,36600.816817582316
2378602,33234.45034500117
2378605,42062.311279210255
2378614,37474.13064378694
2378618,36899.331352333975
2386074,26513.407892128467
2386742,23498.730760469196
2387195,56801.35041957766
2388589,43649.82723383564
2388627,54863.057027420764
2388699,25810.490901637953
2390220,27232.702332991546
2390665,56085.593810693594
2390702,22233.56613338733
2390803,50023.6194892379
2391196,12366.370740328824
2391217,22225.763920109668
2391233,13786.93116404707
2391258,24063.25786561158
2391358,18991.614627294806
2391428,23668.838001677574
2391509,17230.870092288762
2391852,46810.73968843778
2391913,49021.37633504677
2391927,24254.07754979492
2391929,37626.84227545401
2393281,9425.304913852047
2393369,19357.325602048706
2393383,30779.120980381827
2393428,46314.57645690338
2393429,47710.526124732896
2393741,73823.92550243229
2393742,73014.18290164405
2393757,24778.68965343921
2393810,25619.95305428886
2393830,22622.399290986
2393836,19742.538392464565
2393925,30807.651615823008
2393938,25729.02482757709
2393940,24676.669588954628
2393976,49087.265217014916
2393978,39169.46622635172
2394004,51104.72544538822
2394011,34367.52504044751
2394017,36612.076380000304
2394030,40073.78226552142
2394034,33582.77907066223
2394115,16492.07331500134
2394128,19889.906803144077
2394130,24648.25140840605
2394137,27106.801670488145
2394146,24339.295372678956
2394160,20731.589617558926
2394197,44049.30335702443
2394216,50507.33298293456
2394236,38262.87590994055
2394284,25001.080622953148
2394286,26740.49669003914
2394293,31595.141374836683
2394297,22821.678375735253
2394318,34878.521486102036
2394320,40667.121421038995
2394327,22924.847911485842
2394362,66643.4962954126
2394370,79620.79064917503
2394380,74944.66464736263
2394419,36052.93135771315
2394503,33903.067145796296
2394514,35705.500538336826
2394532,43906.952636385686
2394536,39373.10875310865
2394549,66039.03217350891
2394561,70255.1265071257
2394580,28710.996125189326
2394594,28111.7449785457
2394602,28736.171458240955
2394615,21893.12035851658
2394639,72004.63824648387
2394691,86354.24977650787
2394912,28055.814283486357
2395097,25079.12025120513
2395710,25882.168542427098
2395796,71159.62895653713
2395921,30980.447967340526
2395927,38238.047905504056
2395953,9456.75101195297
2396046,25448.872375767314
2396172,26232.190955982165
2396224,45406.802581656026
2396240,36225.229805951494
2396245,38337.169286546065
2396272,39462.82263296523
2396473,66749.01291332705
2396568,12380.097764378696
2397220,44275.50183611356
2397261,15221.524325045857
2397451,20761.876172283293
2397606,57485.34621179976
2397688,34549.28746479062
2397813,16536.654105740236
2397826,29317.796420546834
2397904,22203.987925357018
2397924,19289.217407712775
2397951,20590.839378076977
2398009,10178.017298422528
2398113,9452.393495192691
2398404,63696.88670428136
2398841,12532.356718793382
2399041,10566.451697748304
2399333,10067.359092629396
2399371,18856.09444346078
2399437,9607.294132716597
2399651,8947.399815837627
2399676,15907.835787463775
2399753,13972.966021668102
2399771,18285.396159930315
2399863,24776.136508632466
2399899,9741.878056691141
2399999,9806.675155737787
2400096,9737.56617284107
2400112,15595.349452010507
2400124,33459.49517286335
2400148,34251.36646232893
2400207,25237.268018895895
2400219,17842.20283568332
2400223,39949.2590793021
2400248,11031.560447508633
2400273,38282.09886484336
2400294,23631.8689317477
2400322,9653.137817633604
2400363,14064.947016650456
2400509,58126.13387816703
2400539,16698.276128822734
2400892,9164.696745522882
2400948,10631.349593431216
2401172,17492.985880378346
2401178,70273.94177638458
2401345,47954.274737435066
2401349,51182.20578067444
2401418,41961.07126531912
2401450,36119.01310840414
2401688,19708.49094622908
2401721,34050.66077914723
2401755,12389.34537397125
2401791,44241.92437262268
2401884,34594.87313787449
2401990,20609.323842048347
2402054,17299.223909638004
2402098,24389.440469448946
2402136,62713.796257139205
2402182,12537.868860281933
2402219,12253.199462749677
2402221,12810.445175889643
2402228,16087.233957504366
2402236,16283.080321526613
2402263,11343.293500597134
2402356,9062.42314062463
2402516,23526.521724621023
2402519,24508.44915236783
2402558,8202.799190616437
2402632,29173.9679420816
2402638,28540.840196081484
2402650,12592.94779082009
2402762,9926.998267756037
2402879,20646.812391221603
2402914,64320.658812441536
2402920,10475.930694854094
2402976,9561.448975373665
2403040,9485.517618556523
2403076,18705.770197083177
2403204,8577.632985875636
2403337,11482.207192392569
2403435,9425.167422493907
2403669,31105.302842200308
2403732,10388.793880818372
2403821,26051.20804499455
2403993,23214.321461649975
2404034,58348.12687360549
2404383,14088.323535707676
2404428,21349.453480061766
2404574,19852.17352932599
2404694,9869.636645949828
2404712,11269.259026588756
2404915,11096.000330193398
2405076,78484.1590346338
2405122,19704.8287740328
2405187,63985.07831842592
2405349,8469.84881530457
2405521,12415.785631353334
2405536,10696.007120657401
2405538,18236.147897894232
2405550,16251.715127475982
2405571,24484.07436900326
2405640,18416.57034665908
2405678,31444.8578242184
2405851,20946.347079276304
2405998,21311.038915821973
2406024,18651.204316188083
2406076,17794.03582791676
2406079,22697.711675551436
2406143,9455.12257692617
2406243,23565.529389732037
2406253,9948.713747373795
2406655,21322.450639462557
2406683,30343.83152207906
2406718,65405.61078411002
2406739,43926.20050036945
2406782,49207.796471919304
2406804,15178.066881750017
2406829,26286.810307578777
2407095,19260.602433829637
2407209,55712.06846822505
2407217,33053.99491058469
2407290,12234.700604787486
2407296,47297.334745412256
2407388,9756.265975561471
2407398,54194.169044767295
2407607,39475.15011979142
2407639,73968.44763788847
2407928,11162.419924876116
2407996,22283.789904347075
2408043,26527.977869988856
2408083,11046.595237974683
2408102,10144.21895947768
2408257,26191.748601996725
2408269,20430.50219678591
2408275,31460.24498125612
2408336,33093.88204043392
2408438,29918.25570837842
2408442,13948.910322052874
2408455,11561.211672598864
2408539,26347.239586575623
2408554,21501.414318472252
2408659,16782.772856962212
2408668,33681.6615978589
2408772,34631.373753806925
2408809,41599.30564250346
2408871,37772.2247604672
2408877,36705.90719813693
2408878,26959.469236771693
2408879,32510.228096328723
2408882,11076.16043654008
2408916,32182.33147540653
2408943,24856.976078108364
2409008,31214.853461438986
2409009,40498.745212939895
2409012,21247.112075595764
2409052,35601.82070169481
2409065,32758.62565028454
2409073,32720.266780874135
2409093,24649.412131696165
2409172,66888.04604930276
2409201,41152.092357497495
2409208,34198.19484567834
2409229,10901.676296895746
2409372,47000.55501455579
2409381,33244.612676757264
2409433,10041.346151195226
2409434,57661.328281829155
2409474,13106.37257333437
2409614,83746.50415765245
2409618,57716.92681910135
2409619,11490.620023526199
2409714,86081.88228275381
2409745,33033.46341347359
2409831,22538.738073703746
2409918,34080.66843478858
2410076,100276.48502585341
2410250,46585.12698325439
2410285,24648.73680575171
2410356,18923.420041776117
2410376,15200.775984851816
2410381,11597.787881700955
2410509,53221.42193633365
2410539,72148.77412062688
2410606,14250.13087933237
2410648,12211.609665476792
2410718,10368.092917462696
2410847,19786.759000652015
2410964,29145.94016607126
2411001,12526.11839646673
2411018,29021.466511710954
2411028,11420.626310943897
2411116,17352.60926828395
2411120,13160.82602159302
2411145,19662.32546161103
2411168,17320.149239969745
2411257,12171.163840656327
2411258,11665.78297564859
2411338,82376.27827417111
2411401,13861.142208860154
2411444,9715.063273384094
2411579,15048.956650818813
2411601,8217.984265982263
2411662,16783.523804409262
2411672,12073.232582363471
2411727,13212.210558620241
2411755,25918.066035799802
2411781,13161.15500105498
2411867,46615.36797713631
2411868,65396.409642519095
2412008,18185.17507541446
2412144,23864.683723087
2412150,16642.852456873083
2412232,25964.43406471736
2412233,21571.319708782117
2412368,26767.686240389245
2412386,20871.770810901224
2412433,24012.014442567994
2412444,28597.032685768867
2412461,28597.032685768867
2412529,39507.157984948186
2412639,36384.37426929465
2412640,35606.16098829774
2412643,38820.722901473004
2412686,28788.92863611907
2412749,50540.56607162598
2412750,60123.10135880757
2412825,51617.55838378681
2412835,69437.33624390597
2412841,86104.05054134192
2412881,58672.85807597023
2412984,30688.119079209995
2413013,22788.752636165544
2413017,23531.439096191036
2413066,23111.14231432223
2413086,26215.729692193145
2413116,55163.32685466534
2413118,25090.96146468097
2413133,25185.34602854466
2413134,24536.969881230183
2413156,47897.303720905984
2413160,31207.85245146831
2413185,47195.79044039054
2413217,82491.59982383692
2413242,65949.22086891043
2413257,44926.39557226011
2413273,55401.443960556775
2413398,29435.09682508563
2413567,51562.73280059459
2413591,16762.170558083537
2413661,16308.516204417214
2413753,19644.236540730184
2413774,17082.93940247972
2413788,18981.43275652856
2413798,17003.4177095563
2413801,32953.08369273186
2413852,14772.257402443265
2413856,20101.103482008726
2413877,20161.191159477123
2413926,26839.784556383507
2414098,56577.490215881255
2414109,80631.10834902144
2414123,61493.562852226685
2414175,22334.689653027483
2414286,17240.62846114338
2414312,32803.686067381925
2414326,89285.98775916148
2414345,89455.11419173007
2414354,21026.284601441028
2414392,36383.853714522986
2414427,25778.42923231595
2414432,23624.75837805781
2414433,37357.68227516402
2414439,26073.287197570644
2414484,40635.28737549301
2414557,31422.76342633668
2414608,27566.51314444769
2414626,24441.689730809117
2414654,54581.649897745796
2414668,20265.478180442522
2414669,26461.91928311757
2414672,27600.201584628438
2414684,30284.344092858373
2414757,23121.370663910664
2414775,27484.83315232118
2414784,24973.905240951342
2414794,29273.144235444834
2414822,34456.807698381606
2414834,26679.35321258734
2414841,24514.77416298679
2414846,13772.646029283555
2414865,26699.93260610383
2414889,21394.01219024197
2414894,22918.516435363617
2414899,22655.06737772625
2414900,30219.12932953341
2414943,39357.50527968182
2414948,25729.808259239355
2414952,39216.5384985926
2414955,43967.226004328055
2414963,25684.73954418501
2414968,30532.925652715945
2415013,44017.13447074345
2415014,32706.653320167403
2415015,34495.198528034285
2415020,44873.84799645264
2415035,26560.168171707104
2415037,25722.246524885333
2415042,32721.44881575567
2415051,37482.63780190176
2415076,41692.71090739951
2415081,46201.96324250504
2415097,28517.066317556695
2415108,47136.2388595325
2415115,33987.53069449723
2415133,30663.31630257235
2415137,31841.15051084571
2415140,44962.53982363928
2415175,19882.19235343176
2415184,29288.56755931631
2415192,30513.109049263578
2415202,38338.98662107255
2415213,24069.064583815532
2415221,29691.462220311063
2415244,33435.187903737635
2415245,32397.849784118247
2415286,46011.565404409164
2415348,20728.220798965078
2415356,23351.58602044784
2415428,50524.05545845536
2415494,77777.11061443415
2415497,60665.158858788636
2415502,45866.79864866029
2415523,38696.667552891086
2415626,47104.92834660236
2415629,69530.28385376728
2415639,32107.82811065199
2415640,68517.88741957892
2415644,33226.32713011253
2415649,40938.403957647286
2415681,60604.76123289081
2415691,32576.42879443393
2415709,62299.533621846946
2415715,44301.647984622505
2415720,96245.31758993819
2415820,48781.27508026734
2415834,60496.929740950996
2415838,34898.630615706505
2415861,98037.20036455103
2415931,78466.00749683754
2415937,81596.53234475007
2415944,56006.71270009944
2415963,52881.7837679559
2415968,93064.89973190078
2415997,82917.90996862561
2416057,56895.585383784346
2416086,32808.80307307982
2416105,67275.28407130136
2416156,73395.99991429338
2416206,33150.664185944246
2416244,43016.44227841081
2416282,30573.96060156787
2416313,88481.43402116575
2416361,33819.883492532936
2416366,34157.7098431739
2416372,31644.303320489213
2416379,52627.888090310356
2416396,39341.4610131322
2416404,47556.402936820756
2416435,35727.620625452866
2416468,26763.785815105904
2416802,49155.2720375124
2416818,75258.83662074123
2416842,58194.21889053471
2417010,92363.67413039849
2417033,34228.547781781366
2417074,100579.47329606344
2417081,79904.04172330374
2417240,71420.91095832443
2417253,27195.94783189779
2417254,31567.103155425924
2417289,56440.866839425435
2417293,53172.97617746884
2417298,45585.275618915766
2417300,62818.28997979723
2417307,56244.43086929028
2417310,58391.91523456882
2417322,57174.342017399256
2417381,64017.792911457094
2417401,54610.82971487558
2417415,66795.33700143837
2418295,13179.663980633373
2418539,13210.97785869698
2418555,23546.135493102476
2418577,29089.71972323219
2418685,20033.65254108972
2418996,19649.570527121155
2419299,15798.260237091854
2419395,31591.487680944934
2419450,20556.691972852772
2419458,41531.036933643954
2419542,26488.2796450534
2419592,21636.81031273526
2419609,22827.129210614843
2419628,22737.17029089749
2419838,38519.76957474938
2419845,27589.64138529142
2419882,31060.71904085602
2419927,65480.451542365125
2420058,51318.369311641436
2420117,64183.34265521763
2420122,80823.4680019243
2420139,81755.3199038125
2420311,83943.43259346006
2420466,82427.84501990979
2420482,105479.03779037751
2420499,103432.04529352835
2420540,87113.23858236909
2420544,87804.52373395652
2420638,89160.03166206335
2420697,67629.33222169783
2420702,52856.04749110025
2420740,51512.27252245461
2420744,49841.9319952471
2420758,46406.393256395866
2420760,74358.4974750769
2420762,48079.008885394695
2420800,77592.11050606717
2420816,49388.95912038995
2420863,86536.70619930144
2420880,56345.13471536636
2420924,37180.25941802176
2420928,86641.60290924231
2420962,60096.069567257204
2421001,74585.92927300173
2421067,77898.5631331111
2421106,18385.70985487666
2421136,19613.850325468666
2421151,22810.936445203246
2421159,14435.968927107564
2421164,13286.787180745167
2421209,9320.79993040037
2421214,22308.199989468252
2421240,16063.087666882722
2421324,79281.83564514415
2421364,98077.96001256148
2421370,69235.44922945689
2421441,97315.23482423244
2421483,82690.11749932257
2421512,90033.53693940448
2421638,36149.58630761615
2421639,39880.69332885509
2421648,57236.55837760066
2421680,67579.82161063657
2421689,52806.89794800277
2421698,68474.21890405234
2421709,44221.9943195792
2421758,66853.15881465777
2421785,62608.66038833546
2421806,64518.52090408524
2421811,32010.441492716418
2421821,31802.959700533476
2421831,37585.4457893028
2421837,33058.00484949802
2421848,45843.45438162345
2421849,34619.572325161054
2421859,69509.24562167525
2421866,80186.65679355475
2421868,32627.466710426965
2421874,61199.7853143352
2421881,20355.35318134568
2421938,25201.867586013333
2421982,36583.1168562915
2422009,70300.96449184003
2423221,38199.236775200865
2423646,37217.037341065145
2423693,31082.762685966412
2423926,19785.730398732565
2424065,9492.359863134376
2424201,13641.533568054278
2424228,10511.637641262158
2424261,8134.119753548461
2425512,22560.998281234803
2425703,16247.339794207754
2425704,53664.86576650802
2425732,26044.83877751183
2425745,17551.812671805234
2425777,22098.002719789107
2426008,37048.96064271381
2426049,32158.46119388502
2426059,38424.092058651244
2426076,54839.9718829652
2426085,41987.64647794177
2426107,42321.18645175817
2426122,36881.9331411216
2426126,53549.95847449711
2426163,53908.09497466146
2426247,19147.50040184391
2427861,7359.77942463991
2427886,9674.145117743617
2427944,8958.789006563598
2427960,12276.783402721838
2428002,9104.796958378747
2428020,9794.497071845837
2428077,14109.589094352508
2428093,10955.866888053222
2428107,11442.434882340862
2428110,10928.499594975463
2428115,9924.235637347801
2428135,9512.171474116996
2428144,10538.778777307023
2428149,9900.697722430239
2428150,9918.091854175998
2428153,13046.137833057799
2428156,12568.25817278229
2428186,10474.756625707421
2428222,16910.593973967618
2428223,16918.95454441224
2428241,17500.77312312147
2428298,9346.135628646964
2428342,9630.301555880518
2428361,9971.587878273876
2428363,9352.130644465746
2428380,9065.61079606805
2428382,15194.562299095718
2428392,13019.367006679084
2428416,10902.457234128588
2428430,9612.660301550924
2428437,10439.126849842773
2428442,10400.590222293635
2428489,11090.596659190698
2428498,11996.743191978221
2428505,10899.038140949515
2428510,10220.102066000596
2428522,10080.823455267122
2428530,9487.532448923746
2428582,14505.30255596152
2428611,14510.50245525718
2428612,15174.131363583103
2428624,17970.689239578194
2428625,13042.065072918605
2428662,11460.923390049129
2428664,14134.441368535978
2428697,19009.92308126863
2428727,15504.836478511823
2428729,20023.72060172467
2428730,16844.231803595812
2428733,18262.440926614494
2428754,15374.578193871208
2429993,10723.60383527058
2430508,10913.498819947932
2431545,19988.03043429789
2433372,19975.245306967787
2433375,21343.282184101234
2434566,9688.460765112823
2434626,13572.631112748262
2434707,14033.282611227538
2434713,21497.984459669344
2435330,10090.748303444467
2435383,11829.422864099975
2435872,11437.795794811009
2438013,8971.500858168842
2438052,8741.234017564584
2438057,8784.068899625338
2438340,26290.25018531893
2438348,48844.759238628445
2438357,38506.0243944107
2439376,14207.637163580119
2439435,19599.43320578849
2439686,68840.78026885142
2440728,12323.06385889082
2440789,17558.661167501803
2441075,53342.16045244163
2441222,12881.675150047107
2441863,19894.306140896544
2441896,13008.691976575432
2441916,11611.668726523458
2441949,19397.582330917983
2441963,26552.573584380032
2441968,16272.659490068658
2441972,15362.427370035377
2441990,14643.319396458242
2441991,17421.651188091775
2442062,24871.18769240968
2442075,24602.82171478169
2442106,14238.72459144827
2443727,20066.13244373258
2443891,31117.57258577391
2443901,44209.03561978633
2443950,23731.007026273233
2444014,10427.319404905134
2444053,11411.102412358665
2444066,11464.963606827607
2444072,7952.473128285629
2444073,13159.738017320205
2444074,14851.574082173991
2444210,18723.661613721477
2444548,11203.767148999545
2444810,36009.846774435915
2446844,17409.96178552891
2446863,23784.875837009607
2446903,44340.98791891157
2446917,29623.074232985236
2446918,34983.766005983096
2446927,28549.831262621425
2446932,58337.99512769692
2446942,65135.93237149721
2447455,19039.09536038442
2447461,16307.56716853423
2447472,15978.338191554665
2447517,17833.75285369049
2447534,17878.35552277282
2447558,23662.306035587997
2449378,94509.45418278837
2449383,116659.52977634405
2449390,68246.97022256617
2449393,74101.24940085656
2449413,92293.6715855145
2450088,25477.602319502446
2450283,52987.229544396876
2450337,58693.105013541564
2450702,10153.572330173758
2450869,9989.96197051139
2450883,11324.151498743002
2450897,11324.151498743002
2451127,106739.23540457594
2452355,77590.24376332195
2452779,124680.88082954544
2454455,43162.26567823346
2454533,44313.06418635061
2454549,33554.04603636082
2454606,41344.67672609749
2454657,55586.23319232322
2454682,43469.123655534786
2454726,39110.386967497805
2454747,56575.31711003991
2454804,72414.70977293195
2454827,64155.7745849019
2455048,51627.01711615211
2455052,64440.5544487299
2455123,47019.20787849616
2455124,47019.20787849616
2455129,41365.80246951311
2455151,63180.622009609666
2455159,68489.31058044969
2455277,44545.60118852717
2455320,64379.157324284686
2455339,60292.265434443325
2455341,52487.369999758535
2455451,35706.24896784258
2455457,53439.28990173003
2455527,65686.44686541156
2455564,25440.43268244923
2455603,25378.06446894548
2455676,75331.50717450316
2455695,18008.65399003462
2455754,16538.671898467863
2455791,22366.54005118875
2455859,28089.690371425597
2455877,44404.54382927999
2455923,29692.996262953588
2455953,17559.605348764693
2456261,66268.12205171118
2456372,30040.728536460058
2456383,23468.739761816756
2456411,41929.439148833626
2456419,34782.010824435674
2456466,40571.89966604276
2456474,46494.54589700028
2456487,43696.17630603702
2456494,36938.96230779573
2456512,34390.323509284266
2456523,67977.05608054867
2456547,82320.98711623708
2456561,54966.1765683236
2456605,69304.5472396017
2456610,71798.16290844517
2456859,46352.57748593349
2457052,33711.55216053667
2457151,100372.54945081213
2457155,107931.92679145953
2457195,23167.526293825955
2457216,32452.540975330332
2457251,41322.31446987334
2457293,86070.40522862569
2457298,75269.31722070208
2457317,15719.8160116062
2458631,40294.457433064425
2461725,17369.93714235597
2461726,28665.759905505918
2461747,18071.258053131944
2461749,21587.001576308838
2461760,19727.420700136776
2461761,21950.781543783374
2461835,29273.394056472836
2461854,28535.742342834295
2461859,33120.89927647801
2466576,11445.641903711492
2466679,9183.686337395997
2466757,8914.712139318615
2466834,9589.932811857056
2466858,9316.367759606086
2466890,9330.750962301197
2466894,10643.38339640031
2466983,10413.458635690695
2467079,11221.098772803864
2467080,14636.364930262798
2467083,9743.03945466185
2467104,12082.702834308722
2467108,12082.702834308722
2467118,13730.784157397378
2467129,14579.08411667473
2467252,29227.280194784566
2467275,13194.59059856465
2470349,35563.144966593696
2470723,14848.30623047003
2473029,32759.678540137775
2475493,9447.30437506467
2475528,8058.38702240651
2475542,9271.282214640127
2475642,8995.827295915478
2475648,9170.280121616663
2475658,8643.061426123182
2488752,10389.928080137799
2488793,10957.237956310002
2489036,12009.478143949877
2489040,8032.834718326825
2489161,83203.6126225008
2489462,12133.666411404782
2490183,9271.979591028266
2490321,13683.364989772957
2490515,26957.705934768317
2490860,9422.088579258638
2490968,9030.534709362917
2491912,41512.158966900446
2491922,39764.1215453279
2492010,30805.378290779532
2492198,33173.0579439621
2492200,30274.253930661223
2492201,29409.256717939264
2492212,34316.93853567338
2492424,38243.89994845376
2493299,46476.15811684211
2494109,68822.90556607356
2494197,41687.80636772244
2497919,37730.91248470473
2497985,32236.570708455296
2498001,54834.98771851678
2498294,65244.38924161317
2498342,74494.49741365414
2498850,12601.182429767048
2499065,14098.866866550274
2499124,14651.596875220434
2499249,14911.392037705233
2499259,15653.735055179186
2499436,16762.393333613123
2499527,18139.1288871588
2500026,16007.448733636516
2500177,17475.93395086761
2500270,18630.726487787142
2500397,23532.34606666991
2500434,21005.23935047245
2500466,22002.71348209704
2500467,21597.986384973825
2500716,22002.291461956444
2500819,21772.28375986136
2500896,22429.271556424086
2500930,24277.68714079819
2500939,20583.901560611244
2501372,28975.04462968464
2501385,27595.74513582809
2501487,30640.668167445023
2501822,21808.826561296915
2501854,20275.540416730426
2502085,23789.387041592563
2502138,27943.79424915439
2502696,24630.918380248884
2502700,25549.747779709807
2502801,32300.702086925976
2502978,31319.597566490702
2503053,26286.92730887426
2503106,24537.762501733283
2503280,30950.003851111072
2503283,32258.40122729074
2503389,29200.466978132055
2503476,31057.09633638353
2503485,27095.286627635025
2503522,26045.642740498843
2503542,28078.87659031503
2503571,27560.4939733762
2503590,27370.36883894189
2503593,29916.89249311082
2503628,29247.507664809014
2503653,27392.3207336466
2503671,25585.538270552766
2503946,30949.266813075013
2504453,92933.56625830586
2504587,27981.528584264168
2504782,34515.3468091716
2504835,29271.833801584762
2504842,30182.308796866193
2504962,30180.886080919598
2506925,30065.393611129744
2507051,32341.633507951086
2509695,31854.32919201348
2510947,11815.597861509526
2511231,14295.781123713916
2511232,14024.37355340864
2511235,14024.37355340864
2511669,78421.25533407672
2511711,69644.53636570521
2511718,77541.74992764693
2512847,93875.434958249
2513024,20712.58273624926
2513025,18631.77015486959
2513035,19671.821121383455
2513099,25632.114314290273
2513849,21924.999376992448
2514008,42440.43849860725
2514046,59326.1768447588
2514241,35741.66065476664
2514253,32148.983400455574
2514262,32384.46632426046
2515064,22933.57823904713
2515175,23331.902298687215
2516600,37434.39343147256
2516610,40380.445274205646
2516614,36603.6420405713
2518632,61425.5373207342
2518748,39090.23582734204
2519337,50014.529340991634
2519342,55483.2795210337
2519499,52632.82205966118
2519642,74797.3367218578
2519658,58554.909518628556
2519722,81110.53671591761
2520374,28399.386475004045
2520428,23171.823977929358
2520536,85771.29192287875
2520762,13937.331493950944
2520816,80890.2569223124
2520867,88269.7596105885
2520886,76305.9563453526
2520970,78092.58417773012
2521056,76007.93246935403
2521101,92167.44582221411
2521226,83801.92562027543
2521264,78990.31027064347
2521306,93288.7399978702
2521325,86952.39219171306
2521388,107155.45073226353
2521421,86179.95498133964
2521424,96334.1704695943
2521470,96623.10722815103
2521508,99405.57279996257
2521566,32701.40606326376
2522022,56073.34545480786
2522051,66201.44739195009
2522705,32706.0440980152
2523671,20818.869610189504
2523753,25979.038939663897
2524042,26768.937148384528
2524198,57644.59480446548
2524204,62853.34581464681
2524296,41385.98707452876
2524338,71590.54910490257
2524370,63682.64887322923
2524382,55479.78556325665
2524403,56808.748827885924
2524744,40845.97246802545
2525144,75237.48804701793
2525477,67191.00083368868
2525559,85568.6479278829
2525610,21616.446278392683
2525845,41699.2557160992
2525847,45332.50354442511
2525876,39515.852940689656
2525962,53230.929383205425
2526010,74151.03158844197
2526153,31797.58925477254
2526167,34839.46579033938
2526176,37110.733770350074
2526244,68626.07601633781
2526398,36851.857544224484
2526445,39320.555751388914
2526561,39979.31411480282
2526562,40388.968386785986
2527072,12605.710010321356
2527126,26796.84126131243
2527777,29595.492954406192
2527946,12768.765755472552
2528063,14270.036267779862
2528771,41056.242097653594
2528839,12293.553304194435
2528941,63391.191306370565
2528945,53685.20995904123
2529048,45118.55635121935
2529095,35592.778805291826
2529265,46904.54827302718
2529475,16047.995482683324
2529650,31873.126070274666
2529654,27042.7887458055
2529667,33813.49294895825
2529696,35952.38469684649
2529730,45541.26435195521
2529929,17125.928004525027
2530017,12317.250145527867
2530023,12827.36423999027
2530050,17601.76649826123
2530070,76656.36027540393
2530075,71798.9376277403
2530256,23870.51383748417
2530310,29600.88264069729
2530556,34347.74007642654
2531081,51162.68968279482
2531662,72715.78108628583
2531665,68126.98850313657
2531675,67683.7560251913
2531715,83303.54814704703
2531766,76031.31380856382
2531767,71855.00516017701
2531823,82136.2262047966
2531860,93396.02920788011
2531928,90338.63356215807
2532098,52414.148420543446
2532173,38270.760064367496
2532194,49450.09480168191
2532248,48715.075791880925
2532566,20240.87879565447
2532608,19436.298430103154
2532619,22739.95227572792
2532699,22279.38127922087
2532940,22046.560263210667
2532967,20101.93055457909
2533083,18373.61763893659
2533096,18390.111735021434
2533219,30724.33462616847
2533248,36011.401514470526
2533778,57027.892394781884
2533811,53528.009352969224
2534214,99888.97114821809
2534287,50008.01531269911
2534389,20188.225909700548
2534395,18602.750063901065
2534435,21574.735707454383
2534554,12767.931600750991
2534714,25880.574373744625
2534730,26664.6354646286
2534732,33566.77030903255
2534894,61550.18557678083
2535161,17710.548081835124
2535180,17384.587995554368
2535804,61299.63537602592
2535899,57279.97997800893
2535926,46650.8091755364
2535973,61739.09400698288
2535980,60071.261383708406
2536518,21761.202014207814
2536740,12297.829550536475
2537420,62265.23765139672
2537494,48971.84325111738
2537506,68475.61982409382
2537519,57963.81169606747
2537770,55990.642161857846
2538081,25230.75194351833
2538192,36451.66997679337
2538255,35962.3421905553
2538327,35995.28832989077
2538503,24794.59772759754
2538518,23565.035420876382
2538795,36872.694592493346
2538814,32366.191487104537
2538831,34686.818123690544
2538867,29322.171982544613
2538935,42023.70799947002
2538971,36814.76762327038
2538975,41684.81935485623
2538984,40476.00266685155
2539086,47945.711974102
2539096,43136.613627768354
2539135,59780.08972415368
2539153,61843.554441689535
2539169,52306.04429840787
2539235,56492.34567479594
2539793,36166.19543888808
2539972,25868.839825119307
2539980,36627.6949316963
2540023,25854.379154782317
2540084,33276.46754288964
2540138,36576.2011111321
2540189,42093.614854138104
2540250,31877.88201162316
2540598,23148.447293425335
2541314,26019.196254120918
2541807,36978.68212326583
2541949,56040.08576073729
2542196,49042.65918070635
2542711,37064.790978858655
2542712,30540.997656906147
2542889,27108.610684322055
2543486,14918.12326346039
2543712,36009.80484080629
2544015,45528.56406912119
2544144,19166.696201009392
2544255,18921.56018576985
2544280,20283.33743712363
2544304,24060.167070252497
2544790,16247.29991077231
2544872,21473.581113069653
2544951,24765.914555364732
2545141,121844.30667379762
2545412,17858.39619916406
2545426,16704.65671541113
2545466,25067.050486660988
2545691,13093.39859484521
2545814,32474.669072731464
2545823,39208.83887790913
2545829,36240.39840040069
2545909,40450.23052199698
2546013,49133.744504405
2546015,46354.37416138247
2546057,55755.203462744146
2546094,53202.82851361502
2546142,44847.69209670169
2546287,55968.09156670286
2546366,71626.30276353903
2546500,64173.06974846438
2546502,64915.26592243932
2546526,57498.57285496085
2546650,67789.49744431708
2546653,66524.87232487428
2546855,9682.229654210572
2547110,12643.106930264885
2547141,13229.781394362588
2547356,17815.941604452928
2548371,22706.742923266807
2548421,24676.812759873737
2549006,49812.59323750621
2549280,20844.216150290795
2549282,21030.225825918136
2549325,22042.24811584491
2549462,18270.372995956335
2549610,32876.841137277486
2549991,68543.38377979526
2550176,32866.125960387755
2550205,23260.64311364859
2550225,22573.230861103235
2550768,13676.165096412862
2550795,14926.443210791462
2550852,75848.32337697293
2550918,100121.63565924364
2551055,90083.97217207254
2551090,96120.55486909408
2551116,75286.3453054704
2551137,110091.820267907
2551149,92307.00120808331
2551163,102742.19163108405
2551176,72566.95205412629
2552107,47636.192320326394
2553476,24848.114299346802
2553529,34356.95096993013
2553533,29125.5279039513
2553590,34362.949062237436
2553603,33862.25807250697
2553604,34791.09940228099
2553668,41736.81790036928
2553719,23802.538361037376
2554010,14023.208016788649
2554178,32593.286200826893
2554263,13828.907966910932
2554356,61124.71660737921
2554490,58748.54105847943
2554493,69816.21500993281
2554511,70061.55651958489
2554512,49182.43844112332
2554627,36433.97649588259
2554638,34379.13510938348
2554703,38936.07374750676
2554740,41050.907001512984
2554840,23673.551206869113
2555736,84441.81916421643
2556007,18805.660270183056
2556048,17150.84981554529
2556052,19202.18136630769
2556135,19829.720706243967
2556317,20792.13367881422
2556320,20782.663715913033
2556390,20189.15716334248
2556401,24232.81469065536
2556690,15760.919281823362
2556905,31761.040703605446
2557163,46328.061793430286
2557193,40695.717850986504
2557472,45004.345561101385
2557526,12485.073606862841
2557683,18160.948421245557
2557692,18432.335338940364
2557717,14160.12274843063
2558653,36075.083608882436
2559028,47664.437620767094
2559054,53633.20684090211
2559109,75183.21030528039
2559411,57082.98366403057
2559886,53267.379208855156
2559925,71295.84101986591
2559934,77551.1655651829
2560160,8440.590779824792
2560171,10394.770931876148
2560368,51126.16274100791
2560401,45042.95190653423
2560423,49544.9668387712
2560540,59270.03193079716
2560543,64120.45666238982
2560561,59809.15543072644
2561041,82461.24472790706
2561476,94913.33296807861
2561681,45371.91524880544
2561756,17532.255102546547
2562106,45076.852435138724
2562240,29103.939163221938
2562260,26704.352410450865
2562277,20923.627632760195
2562739,46767.55839594753
2562830,50111.60831545551
2562838,50237.17730464833
2562839,53232.23454637054
2563103,33767.34244973173
2563175,39478.462653011986
2563182,41761.43214566531
2563189,32557.827005164298
2563275,66146.33021922052
2563322,61673.035802478174
2563428,62173.18707893351
2563535,87626.12815186944
2563593,75150.47659079102
2563677,82113.15597288255
2563718,87581.18198080415
2563733,89447.48098061167
2563743,87395.20616573593
2563747,93178.90274419254
2563814,17138.41927142132
2564407,59054.89875507176
2564435,70284.49263828303
2564457,47315.49346816262
2564486,16564.00561116153
2565729,87226.51691471526
2565735,71413.94158914527
2566151,68019.30014905524
2566194,78316.62357848769
2566241,90078.88639467822
2566491,93453.87496501888
2567163,47042.86952797539
2567215,51024.72706285823
2567224,60771.32495404881
2567367,80558.90500615608
2567442,92032.97539832699
2567497,60701.658701771565
2567840,40843.28324192199
2567870,43348.32496049406
2567917,56755.27571688206
2568361,82742.60188588251
2568479,76367.46338356961
2568481,67456.801150889
2568623,62294.3945963486
2568632,62763.77248778451
2568807,70594.00254443842
2568924,73078.67328845657
2569136,116441.05984367873
2569157,114920.3303212369
2569372,131825.85382314405
2569923,125475.71648311213
2570023,121821.4958517959
2570441,106750.12864772855
2571263,93426.89880513423
2571274,100236.38362306711
2571378,86853.32063962624
2571391,86270.10592178351
2571611,84942.77106410748
2571817,92721.2603086991
2571841,80983.73940334763
2572218,70627.64924913469
2572307,68208.8829822149
2572326,92152.81500734006
2574181,27154.79416155262
2574931,80226.8101951107
2576055,97766.31224408324
2576274,59288.494959975425
2576287,58702.519755744506
2576439,88232.07851579814
2576465,97653.23317518919
2576475,94245.54480122976
2576630,28897.01043448493
2576669,30583.702377852846
2576679,32288.67631556471
2576994,58400.523086590736
2577304,25945.235474245346
2577332,31507.77594474759
2577365,25775.6287730427
2577560,29325.77622577973
2577564,31276.05966350084
2577868,31851.55085291142
2577941,83510.88356727232
2578262,30244.89396268229
2578276,27586.153545350135
2578364,32648.166133953167
2578998,18905.607910751936
2579557,29878.77426646006
2579567,28563.347743287166
2580616,46050.535134337915
2581175,121786.73105811601
2581473,57176.857595275695
2581898,27929.865509124174
2582440,61646.46574524039
2583958,79439.89496690892
2584029,64360.05211792695
2584168,80265.76322039757
2585231,27619.108712457317
2585320,43596.028744433264
2585325,52735.9558973053
2585389,63037.73327883314
2585558,57882.90715813407
2586042,84706.40712794996
2586410,51887.57785477909
2586422,103284.64619452356
2586643,29709.139283072927
2586898,101981.82979571147
2587802,16600.18167500678
2588732,88232.59766846418
2588805,91752.09479850285
2589778,111430.54116279111
2590216,25387.080212102945
2590229,22481.571221645936
2590318,25300.43899256966
2590453,29579.151339385455
2590594,30844.937031798923
2590849,27926.138583498338
2591245,31816.81505150391
2591277,29641.425943297036
2591293,35500.18673371645
2591517,32985.63295750646
2592357,16694.80742848545
2593403,60130.5472584392
2593426,64607.25652901327
2593476,79573.54917194642
2594759,41711.83677787533
2595497,36538.94938337811
2596699,35018.086037130626
2596740,28560.419611264235
2596779,34604.06377133094
2596914,32570.36819715998
2596930,31366.55697004808
2601741,57404.45719362315
2602432,17700.088680473535
2603324,16224.945615143799
2603328,18827.215856120827
2605479,19247.73589074571
2606821,64180.77302908289
2607005,64914.32587210332
2607049,40449.48285853277
2607063,49086.11778818844
2609391,45124.45386166667
2609392,39887.001692490994
2609405,39316.66988427781
2609491,45079.81179080971
2609511,50237.01953801526
2609581,44303.77851734698
2610020,16814.1159203473
2610349,84716.22686177067
2610354,71234.881512965
2610364,79498.27604856988
2610400,57428.02904185659
2614749,28656.07180796495
2614796,40140.46716748316
2615013,66473.6914143922
2615282,78626.18998948982
2615328,74656.2383495298
2615347,87284.35448012373
2616102,35348.409268878575
2618230,35275.49976342703
2618254,26481.63096745898
2618258,23572.431032190132
2618449,19623.783234503306
2618494,18420.515491512328
2618531,19625.20341532721
2618559,23909.555994667833
2618611,29550.825854396644
2618711,38375.22983152016
2619185,29817.178089752862
2621231,12540.043328335942
2621238,11631.745437573063
2621243,11318.021918110226
2621355,9249.907430386349
2621360,10849.628991442478
2621406,10347.527905600358
2621916,15199.920598799537
2621986,30419.002479394283
2621987,27477.934754156784
2622023,10842.683927150909
2622091,56257.48748205358
2622189,9507.91934623986
2622607,38873.918559025806
2622807,34858.44429454589
2623067,67432.07581516363
2623555,34280.39646324827
2625283,10911.53983182623
2625790,36135.368919250046
2626196,17385.544525511985
2626548,45316.1345935999
2626618,57839.83291019406
2626619,12489.738144142138
2626675,11430.618498762793
2626944,21034.384672644366
2626957,23117.26578709011
2627213,22554.709248909465
2627378,47091.06095434698
2627563,28861.01388708667
2627792,69468.39321978348
2627857,67351.4498649647
2627920,79096.70604661606
2627932,67145.5344434257
2627975,25084.77014422003
2628195,68929.3139354865
2628585,31010.642566093804
2628637,49055.420237500184
2628662,54863.95250236532
2629812,20975.201716925774
2630351,20351.88397759807
2630403,18749.003958146015
2630639,12541.902675614423
2631357,36123.4189747097
2631421,34824.35730623004
2631434,28740.032401757166
2631711,26069.40417598836
2632170,11541.460451053132
2632681,18719.51420989433
2632706,15988.1132668363
2632762,11152.858651963626
2633664,42150.35668271142
2633706,56462.44570149085
2634216,24551.335278740436
2634222,21046.538357971956
2634254,18192.762291156585
2634280,38502.02565648369
2634304,31470.838206269233
2634383,42538.50403643356
2634391,60196.00536644145
2634443,55892.95906583777
2634456,77815.02428427337
2634617,59723.87109407107
2634815,26543.397689891593
2634880,41061.63983746151
2634975,56763.16006803054
2635003,64492.793514677986
2635043,79417.23295328097
2635085,79110.14044144032
2635495,46986.94008586429
2635611,101670.9510817666
2635619,89359.13609949089
2636070,33825.84624329381
2636080,27489.09046795411
2636148,52034.16814492158
2636189,56451.32410991116
2636191,44219.706526945156
2636233,25468.66912906419
2636270,31319.766673336784
2636280,36463.76272643963
2636386,95980.40409367235
2636387,90947.73453263773
2637003,30395.66854906755
2637173,42908.85919391842
2637180,44059.879374922195
2637206,37151.68887726353
2637403,35275.32428665466
2637802,42169.52947785091
2637938,46795.91572356936
2638019,48463.15643722775
2638414,57469.978012698215
2639144,45785.03680616168
2639272,72011.26862630574
2639866,19553.127172220957
2640300,29214.85540821458
2640896,21772.23426372395
2641055,32357.658121475062
2641302,115789.75364882506
2641382,16963.537966128824
2641411,16963.537966128824
2641743,21695.56125389697
2643934,8436.29980825342
2643952,10635.045311386615
2643955,11971.387141671305
2644147,14034.379255867578
2644348,16528.697583458295
2644381,17611.520681202892
2644443,15435.149443679768
2644499,18229.11620321469
2644535,18103.409038227433
2644594,14433.468831245627
2644640,19606.142783890977
2644789,21962.46515360714
2644822,26534.98779860428
2644859,22930.5857624784
2644889,21960.053521992377
2644915,24634.176139148647
2644937,22466.60026974356
2644941,22664.351745638876
2644945,21648.711606787554
2644955,21869.598069319567
2644980,20592.187208923475
2645016,24635.423334427516
2645136,23817.1463940401
2645262,24286.230177001547
2645429,28385.13888078461
2645557,26043.75039377203
2645564,26395.84193397988
2645680,25189.612824213546
2645753,25004.122845049853
2645879,25138.71997104014
2645938,25201.094688708876
2646096,27911.43445887806
2646169,24664.21976339579
2646341,19074.39326757679
2646388,20568.019030204963
2646445,19696.59239886928
2646459,19484.146827604585
2646517,24943.333866343142
2646570,27727.415288871212
2646621,23422.988982135525
2646760,26593.86475621073
2646860,26093.380152703372
2648367,9221.604220005438
2648442,12860.59843692325
2648497,17911.97208891606
2648524,15738.15234661103
2648612,25411.243237318362
2648757,25379.390491126404
2648829,30765.11186183603
2649227,20269.079385419565
2649471,30546.756758011365
2649494,24255.850285307242
2649536,26431.70316370435
2649545,29093.43508342495
2649565,31844.97576941764
2649593,30404.892764969783
2649667,33194.00358938335
2649767,37036.22662284266
2650024,18765.199296411833
2650096,21432.768376641445
2650503,15577.783673607555
2650538,15438.723399056265
2650686,33850.61322771867
2650874,35128.19770279804
2651041,44767.3490944085
2651058,40397.416390163795
2651194,49569.953761939265
2651559,40664.457209656466
2651568,34920.126789934104
2651570,41663.981944064886
2651571,36642.99100704222
2651599,45613.608186095196
2651603,42537.22274934547
2651639,44921.405491140504
2651686,47892.897579680925
2651703,60385.024148712924
2651763,49180.34147410994
2651812,90484.20421988872
2652168,16488.049059853445
2652242,23620.52307143303
2652253,26718.115535090485
2652291,27026.541550800448
2652328,46453.54915004545
2652356,51473.93406710736
2652379,76589.68390176937
2652765,47499.22106817847
2652802,88946.00402646171
2653510,56561.81838021336
2655061,16763.659724762932
2656031,23676.601501333993
2656041,24408.07034071719
2660204,14624.245263717316
2660541,19936.37065762195
2661454,10155.374082810393
2662550,14381.809141564883
2662562,13882.297173624036
2668924,13884.382777584093
2668993,19148.30489939025
2669191,31581.95254424139
2669429,20321.181463536668
2669432,21261.35936406336
2669682,37639.38841354479
2669703,17821.93674314985
2670065,54532.49516374806
2670290,30396.37543660644
2670411,42077.781157515055
2671520,33262.61595006884
2671523,28793.944600823834
2671650,65513.17672136104
2672098,69117.81340127977
2675921,19832.715804145762
2680265,16262.553040749728
2681723,30459.9144300047
2683722,72439.37907609796
2684323,16623.574552253616
2685711,51386.5206853275
2685855,22496.84215158374
2685905,14682.111607442825
2685914,11763.925268822677
2686177,45802.67095476485
2686178,26957.49835876238
2686314,44553.98837043482
2686416,31208.68104275959
2686546,20841.769362957682
2686628,34138.25961082282
2686631,28578.768744383902
2686653,39542.02974678251
2686781,84641.24161855792
2687122,51384.117200269684
2687464,25377.23653478269
2687624,21604.006841781647
2688314,50985.28230516383
2688379,50985.28230516383
2688398,21041.641260768243
2688532,58598.952523185
2689161,18395.351579881528
2689261,21264.314961529355
2689849,75967.39875308835
2689935,26495.651266623085
2690396,18333.57265580778
2690415,18298.423120009567
2691023,28978.96283736999
2691082,30431.622287855855
2691438,32659.553778052
2691521,27342.675210579968
2691591,28381.03705559815
2691671,10454.184836159784
2691954,17277.969135441504
2692316,33041.1998018432
2692575,36188.01500878123
2692881,42808.261850189025
2692932,84122.71579468068
2694983,67523.96328503924
2695272,17728.08866085427
2695326,25640.755728570053
2695565,26926.11075400368
2695619,27929.56019866187
2695717,33861.34505654262
2695724,64493.53027244811
2695725,65315.95084481951
2695798,26946.90079819098
2696581,35173.09875090308
2696961,45012.7383537614
2697098,62800.45987383112
2697134,59875.78312780962
2697150,49498.14200324802
2697284,95187.43175469848
2697397,50919.187850403454
2697399,90921.57153395655
2697597,41745.41188819374
2697669,10559.251405450636
2697843,19739.030865776287
2698518,16636.933752384157
2698609,25798.223348991563
2698756,20806.76823313514
2698768,21309.68950170203
2698888,34719.50849589826
2698974,29020.385444171025
2699026,47306.40193544029
2699029,45598.44590772716
2699061,31979.33264688786
2699119,60298.17335651549
2699132,59533.952884132195
2699254,28932.723931092103
2699517,19833.002158396706
2699581,19677.650233804176
2699600,19501.830238839164
2699616,19539.852958497097
2699703,37676.28746765661
2699811,20124.75266735382
2699815,32879.038075529
2700015,16576.98587408358
2700017,32925.66031075533
2700122,25929.697070346505
2700130,22195.959758128472
2700202,45839.87706313555
2700317,31437.34937865914
2700525,37414.033145206035
2700646,23802.2988646521
2700692,47855.65115347317
2700711,48389.71035209455
2700928,66753.30833231464
2701120,52616.72858820668
2701542,20378.324876078474
2701582,37030.79299610062
2701811,37641.463500764454
2701859,39373.812524044086
2701882,46553.822891791955
2701929,46553.822891791955
2702010,72028.54190469746
2702082,75737.25401341214
2703856,22364.152722481707
2704637,76983.7772117628
2704647,50833.29681755649
2704659,16887.95904103293
2704837,51044.333168558056
2704846,111343.24430271747
2704896,58577.07046911176
2705236,62305.221040091456
2705278,60084.61876803739
2705359,90192.17151203615
2705392,69848.58038529346
2705617,76294.72444419873
2705823,16789.3715347785
2705848,38361.00709855229
2705895,67961.4778205709
2705906,48082.16169583974
2705972,44675.343624917514
2705982,81054.53462452645
2706021,38798.91524677229
2706025,45503.00130016165
2706103,92535.13695988317
2706141,22080.53548853544
2706151,20839.62570800331
2706169,28140.073969069697
2707792,47750.81603728034
2707807,40439.34290748593
2708505,9439.794318511624
2712632,13555.01446027315
2715748,8391.21499386367
2715792,9954.142388659608
2726605,25959.445364431027
2727329,13377.794942009463
2727404,19382.015803882074
2731137,17050.745746034103
2731177,19893.66799700025
2731223,26330.578834724467
2731558,48628.17661800075
2731559,32572.978439291484
2735677,12433.414906680986
2737576,45771.00658007086
2737599,36868.944277529925
2741497,43363.79807979206
2741719,22757.294776091025
2742250,33301.175257341165
2744195,21023.27924621699
2744210,20828.216290623903
2744289,18797.149322757225
2744295,19145.02709246272
2744300,19123.72596527143
2744318,24226.279293275853
2744322,22503.863979925765
2744516,24309.050343687457
2746324,59487.36465994487
2746404,78434.56598417752
2747932,31307.114610425895
2749756,22857.909904844215
2749888,31608.423719263832
2750709,84573.29440302335
2752643,35438.60117827072
2752981,63936.24978797985
2753035,64691.15239412186
2753069,72738.23502515064
2753315,85237.7758968508
2753334,65383.08354805109
2753548,67368.99458146736
2753572,60860.94560200167
2753645,69568.78629917148
2753694,15925.096282724991
2754027,39458.31498160842
2754071,29717.58399750609
2754110,63454.90105760577
2754154,22417.20609300893
2754285,46503.89440112636
2754309,57217.51450178793
2754448,58324.129937087404
2754710,16544.34928990436
2755885,68376.43041413264
2770532,21767.780718403017
2781799,11333.567283092234
2781835,11546.355494362833
2782276,19339.6876109063
2784021,10432.729848933603
2793022,10513.32922810945
2793023,10636.923873638469
2793131,11042.942795621328
4245001,23260.08756668483
4245087,9857.564991499523
4245174,12409.786570810582
4245731,26975.4627374851
4245997,32644.33655901585
4246262,17421.266294676632
4246263,23066.586674742823
4246275,23639.59571173985
4246293,19783.599402399606
4246296,21488.967998875232
4246312,24511.70060301772
4246443,31814.270545144565
4246459,30308.930860222375
4246468,42372.01359730336
4246490,42844.548982675966
4246499,43017.94540623725
4246559,51630.52128437775
4246569,33744.39420742924
4246627,43244.45794556324
4246661,67087.85549094583
4246693,66076.94426274655
4246712,77946.22763429035
4246719,50790.90324348039
4246723,48888.37485269132
4246740,55093.30952521923
4246752,70403.20721754954
4246836,16319.952622223398
4247042,8883.231204337053
4247055,12463.565167649918
4247205,45822.43267714532
4247233,56174.93557159453
4247245,76624.25534279391
4247428,16108.537417544083
4248684,9915.284406613164
4248716,22844.61066989062
4248739,26058.491224344994
4249010,53182.70160541679
4249144,54665.3992555819
4249190,65726.07576934424
4249201,75233.7716082678
4249205,53731.97016256855
4249221,27430.364780422366
4249271,37575.980422421046
4249361,13361.765054498981
4249449,13159.005792180013
4249728,14950.680816654558
4249847,16524.438863391624
4250046,21023.718984619867
4250234,10330.21383621562
4250277,17460.096778632353
4250341,19437.68879333757
4250342,18848.238895192648
4250345,20266.61189573259
4250514,16734.80727906042
4250557,20442.407363588936
4250567,16848.86295178245
4250582,17178.809613676887
4250642,10189.548453207883
4250667,9766.908582989961
4250681,8933.587614263384
4250686,8819.1118607216
4250704,11120.017117085206
4250713,9735.334222757592
4250726,11887.223470267192
4250731,11475.064772105998
4250814,14177.964587544051
4251017,26354.007620719065
4251332,12896.367248626771
4251346,11148.98849650475
4251354,12676.069405907554
4251357,12179.1049745768
4251361,13217.953286557798
4251371,11443.344455269113
4251372,13511.30941229553
4251382,13134.99119243801
4251387,11197.230955022922
4251390,11869.930032447071
4251410,13880.293673651911
4251439,14726.190479222929
4251464,13636.953145091209
4251482,16104.416665305582
4251490,14645.20718940183
4251496,15089.01067115772
4251503,14446.008723353589
4251509,15405.368764568206
4251525,17556.486894173984
4251534,17486.57714038242
4251619,18437.759988507365
4251670,12316.541808734923
4251677,14614.219112941064
4251793,24438.434016824074
4251986,14247.188272234745
4252029,24025.55075788479
4252141,26930.00006523441
4252154,28649.668114992794
4252275,29138.859512594074
4252319,26308.37474430586
4252366,26344.35647599876
4252510,29438.65958314325
4252513,28821.2448771087
4252521,31920.382593580263
4252522,29790.939402428008
4252571,31070.936953630415
4252573,30671.63788253853
4252583,32729.430623710858
4252586,29315.90463918259
4252726,13732.338705429132
4252808,29661.500967744705
4252834,29024.645064583983
4252909,27552.64028892284
4252931,40857.269903939145
4253204,33133.0425052336
4253407,19628.799059645076
4253408,19628.799059645076
4253878,14602.978536854609
4254263,27628.517979448337
4254264,24127.100531182576
4254366,18022.44982610223
4254368,17795.17473967905
4254520,18936.875809331723
4254729,11421.331499893415
4256009,18345.753341878793
4256209,69736.18360302184
4256211,76143.2571593947
4256247,11637.210123050429
4256536,13201.308077658654
4256644,54051.43362775725
4256662,70621.83256983754
4256688,28051.694261923796
4256712,15674.60846508429
4256837,22574.7637087177
4256846,22435.32825255888
4257016,21195.02724674036
4257017,21769.316233118014
4257032,31165.321257722157
4257063,47570.68719887491
4257066,37380.377724538535
4257068,50740.872636030275
4257131,28369.010616424603
4257608,59076.31355559083
4257617,47310.54425253981
4258314,24624.27660141232
4258667,28086.571688666576
4258775,92635.44303072598
4258817,24238.148197527695
4258855,53429.21011347354
4259098,38506.28697228452
4259160,42088.12551885532
4259174,48123.804462571585
4259188,41322.911754635345
4259211,41440.491937480765
4259224,43731.17560765262
4259329,49297.915121386824
4259338,44240.15980290435
4259485,66656.50796653196
4259487,73511.91449205464
4259524,82046.7198102
4259526,58124.1928497341
4259591,19383.532078927197
4259760,18597.180800107508
4259766,18544.19373707303
4259912,10914.573671589917
4260227,15521.845123730782
4260362,78465.65694890829
4260402,80866.52634788692
4260595,92921.77602175821
4260628,98399.96173288609
4260646,116942.15606842126
4260662,24451.582878564543
4261095,24596.373924454787
4261158,26681.018761005787
4261211,10370.389082615162
4261221,14447.066369914044
4261267,23540.58532243385
4261610,44384.476199163844
4261967,40620.31312196116
4262094,23041.8165495735
4262146,63664.458917836266
4262288,61527.039653456355
4262289,69469.48121421124
4262314,63786.47116816905
4263200,42772.44951936561
4263201,48680.536748308135
4263232,45113.62519152084
4263386,40533.3761208928
4263403,44188.63699684497
4263433,39009.91888158828
4263585,8909.168875652264
4263612,39011.41222219807
4263626,36361.01299808652
4263666,36513.27860890102
4263692,37201.474976027086
4263708,61240.77484916897
4264864,43020.795833337164
4264896,9808.657533486847
4264941,13736.992492190908
4264943,11718.992412729742
4264958,13322.864832218467
4264994,51960.64483885269
4265031,37190.95333657758
4265089,48497.7066334149
4265270,12870.171697540336
4265292,16005.24637336194
4265367,46086.473967676735
4265411,29804.265462302174
4265652,16835.627352310676
4265653,18788.250446480684
4265740,86327.99389472752
4265768,50022.39529351305
4266027,32537.217628056063
4266045,36279.65979490055
4266047,38859.65680963326
4266242,38014.36742014153
4266249,55786.72583017527
4266295,58120.86345211709
4266304,57863.576391336865
4266316,49931.75149480866
4266329,44156.32571152093
4266334,51530.103826957406
4266459,20822.354390967346
4266469,20908.62738336853
4266470,16555.07559833918
4266522,28097.731420352608
4266562,22184.072229541685
4266584,34392.040930637544
4266732,104108.93483410719
4266744,78306.59468623492
4266881,42245.95086896212
4266910,43439.11969547679
4267042,16450.0795114561
4267170,18890.87061880724
4267264,21837.184258651803
4267265,20985.21479290256
4267363,20594.38179087345
4267397,27445.037471953954
4267451,18956.339715082744
4267566,26062.43014796841
4267567,21430.713695099854
4267615,32852.446216435266
4267642,9887.524154773988
4267658,10487.383485901966
4267687,11828.273899014783
4267740,36571.29253609593
4267832,54794.49870837221
4268010,19556.281272108707
4268042,16072.347140705964
4268235,46043.25250010907
4268259,69306.18503466934
4268279,18264.9595345659
4268319,22066.821095954736
4268372,25439.144799578127
4268375,17588.34867724877
4268380,35353.74738016778
4268555,28139.051153197695
4268685,59970.99218473858
4268961,19454.724990238057
4269215,49300.10305307015
4269244,61628.73742433671
4269356,57360.846730639016
4269513,70920.33207225114
4269799,11118.339138650757
4269856,33305.327827265406
4269958,48012.505897506744
4269985,34391.93863841682
4269987,46430.41935749768
4270636,55763.0638336548
4270642,48230.77608404402
4270742,28163.492565837947
4270839,41203.29012584163
4270868,16289.90186023244
4270960,21345.23700014055
4270962,24487.78872704198
4271135,38703.04111045855
4271186,36827.84466819467
4271243,38318.01156197023
4271247,34239.26397253054
4271364,59435.071406076284
4271404,75590.56921802329
4271409,49839.4295376153
4271410,62324.01748856696
4271766,27564.88651419091
4271803,36618.41814347026
4271866,32246.900590862624
4271876,43915.15352866885
4271914,49176.815840771276
4271920,38432.48655824665
4271979,11697.118419850782
4272536,30813.593926898717
4272781,36081.89600808778
4272813,35392.967605459264
4272869,39870.20690667079
4272899,45785.79931173008
4273105,36662.950221933155
4273124,35736.15874926505
4273140,40416.6723010805
4273218,43490.12985247114
4273253,53234.69246961656
4273287,42475.52488034902
4273348,54013.67481723416
4273399,56933.382954494795
4273419,48902.992932326175
4273420,61146.73218161077
4273431,65862.66822338321
4273676,20626.931338978586
4273683,19585.303084915933
4273699,24324.620261262113
4273713,26366.5256882571
4273732,29380.27945344655
4273738,35753.112436078234
4273780,31637.094181016088
4273945,25890.630043765046
4274010,16544.430476237023
4274232,14165.681705123548
4274309,32875.5416311067
4274351,13039.201652418926
4274574,42575.97639752045
4274588,46209.83660017832
4274773,23332.25676557891
4274779,21194.850161530863
4274815,27900.80111624901
4274890,38588.69333088837
4275013,14550.881465677332
4275046,18186.509417713813
4275089,21517.48939629537
4275158,39704.7043621156
4275163,97672.78381141782
4275400,19474.09325204402
4275750,53021.29956824824
4275773,58504.87236807358
4275792,51838.78375216965
4275797,50615.066830699005
4276005,64478.512097546045
4276025,70192.19585506091
4276033,75547.20852874042
4276047,64002.598650712745
4276059,71296.71661013557
4276060,77283.50656456406
4276125,19899.40234402657
4276183,33020.590462944005
4276184,33717.491554701686
4276185,29487.351191778074
4276186,29487.351191778074
4276211,11513.946720253356
4276346,16974.947165447335
4276372,22828.988816012068
4276391,21197.431841108322
4276473,13744.400211235
4276496,23293.06891523271
4276807,40746.417737449156
4277192,60297.8166461107
4277234,23878.234926311463
4277242,24357.807486543657
4277282,13343.96375397133
4277288,21903.43777472338
4277328,24610.4129838171
4277341,23147.51649738579
4277342,23044.212959407145
4277574,24114.744898729055
4277733,27708.85684568816
4277743,29590.625379180943
4277745,35470.626543267244
4277768,30770.25454182435
4277777,32726.703590314602
4277791,31365.981653545266
4277968,20272.084017199086
4278180,15446.135737364746
4278279,127485.43947197028
4278358,18316.082258865557
4278927,17776.920388996252
4279511,26294.974656712246
4279543,36864.5402251656
4279599,28285.78190925799
4279713,18050.80749565477
4279714,11309.12574488271
4279721,9256.149101207753
4279737,9972.579678861284
4279781,17010.90940976986
4279791,10611.057098089172
4279853,34456.99227187097
4279854,32830.27614692758
4279856,34456.99227187097
4279970,60107.878422346315
4280092,33638.44749815274
4280206,51139.8665223526
4280209,54216.65542075839
4280213,50340.04129863892
4280485,25205.489856031512
4280522,25884.430037769347
4280899,33314.332101671695
4281066,23793.930409453187
4281079,25232.658176238187
4281160,32012.263204196588
4281218,26125.61895764659
4281227,28451.458836569735
4281245,23932.348132365532
4281281,28761.621779497582
4281317,49486.66861273114
4281497,14847.127289982522
4281498,15393.33894915207
4281534,13434.810244999668
4281790,39031.14023084977
4281791,46083.22166422605
4281875,23727.25545777181
4282038,58118.35112084412
4282080,15552.667240736822
4282137,16014.950530189213
4282150,14710.425874872386
4282249,20328.239413676627
4282680,36423.06155194751
4282685,41766.30176412294
4282730,28525.77668631335
4283065,77824.69256904002
4283612,105166.36129537146
4283671,9317.1323526906
4283706,10509.86241225596
4283862,70316.06049583311
4283889,66085.00753348184
4283921,58519.2138884482
4284145,51820.17840281034
4284150,56274.08427066507
4284240,31600.94997024575
4284320,36995.36553886192
4284501,95612.57106581717
4284645,37412.70772866909
4284671,30083.93331533354
4284787,44075.18377976283
4284834,19520.798219387136
4284925,45006.06104709071
4285028,31343.53369625764
4285029,28544.19154902608
4285078,34295.386016885146
4285085,32604.691131613774
4285090,18741.19958866336
4285411,56479.84609570807
4285443,76896.38714799607
4285445,65031.434811752784
4285448,21055.231215958178
4285890,72363.90034705211
4285904,80563.65401671026
4286012,88391.11262656652
4286417,45726.571450215044
4286797,47144.50854904819
4286868,80634.2790038791
4287066,74423.2282093231
4287116,84844.96854842422
4287168,100565.44687089513
4287259,108402.30329039418
4287356,11931.722717074126
4287887,70459.41513350155
4287917,61173.05274642023
4287964,68002.28796000093
4288024,82109.22558167251
4288025,92817.74038643535
4288026,75636.08243473698
4288047,84134.90501255344
4288064,80801.52685977257
4288101,81673.66594498184
4288110,73255.57213508434
4288453,72301.78812174061
4288455,77537.15277671328
4288550,70544.98502603207
4288636,65595.9187839802
4288637,81919.23338103868
4288674,98202.71258188954
4288712,70872.06059082405
4288802,99168.7948716643
4288836,105564.87711615601
4288870,85680.11667581063
4289031,49191.732657333756
4289058,58908.57695714088
4289085,46042.95868429402
4289089,54888.54037859398
4289099,56071.66693000066
4289123,65883.54073921367
4289178,14720.083672215005
4289198,13338.028953675703
4289238,77483.19817255638
4289289,89440.64521821067
4290007,80357.56250737426
4290056,78712.24556666447
4291376,21781.745109876112
4291377,25535.10724167186
4291431,24311.024464150847
4291450,29633.534126449566
4292045,22785.05458566087
4292259,11029.763220100464
4292283,59201.458976406626
4292361,85520.47483200526
4292396,71381.59867758203
4292397,92882.03103802435
4292418,75682.2660158926
4292422,81935.98398546489
4292759,68464.15628438928
4292994,27945.513833502417
4293075,32365.516611885512
4293109,34224.794417327175
4293215,29044.675715376397
4293502,34595.33744772472
4293514,38454.13470993012
4293609,74552.11545031663
4293625,76584.6988213039
4293828,19029.099717583307
4293833,21539.34118329945
4293959,32385.645664209722
4293971,32830.94253077681
4293998,38736.862495128524
4294238,27870.487915854006
4294297,55164.99990535618
4294348,86365.52836599074
4294390,39884.775163208586
4294468,61167.59503760899
4294487,67887.00484323314
4294670,121946.35074192232
4294757,88163.5154368091
4295076,36738.05067162344
4295083,46825.38730053484
4295160,45712.18868958582
4295205,63612.76835155451
4295213,61636.434365214984
4295230,64037.71552914776
4295233,56627.77909107971
4295246,48413.787094355655
4295254,61538.013273545206
4295871,64207.647494837016
4295895,81514.92541766613
4296476,37546.595811801955
4296504,69348.00116733264
4296509,13282.941733550655
4296515,12325.864469553146
4296517,14065.364922359058
4296568,41130.68365088102
4296619,36440.61148691877
4296631,71380.57706123577
4296744,22577.004402956307
4296789,106545.86632108223
4296816,98570.50758611556
4296996,64697.387648588876
4297006,62538.270208988746
4297117,57861.27731598475
4297176,70577.38139940036
4297205,73395.30945875094
4297262,84367.62457516821
4297308,89707.14873050193
4297324,90070.01761728508
4297343,85953.63206771703
4297345,83362.05011552392
4297361,78204.29496707415
4297407,82681.88896679715
4297411,94676.1942196972
4297473,83041.13150670497
4297492,99014.15491813078
4297540,12700.984721681401
4297570,15637.740249073506
4297572,13539.64236792037
4297592,14281.700527192801
4297602,15796.881289870564
4297615,15978.574881601493
4297616,14615.337139789615
4297627,15016.33102278025
4297730,16242.392327146677
4297903,96139.6739349004
4297907,97292.72345160737
4297910,74605.34682949113
4298223,25286.867740742164
4298344,22418.2039391648
4298493,29430.103723961474
4298594,29428.51318060302
4298604,25504.958447163866
4298796,27606.418976313435
4298951,28907.133325916184
4298993,34268.69819337625
4299010,33119.04554916438
4299127,33817.38134306488
4299408,24887.91200087884
4299439,60699.08094591342
4299702,51071.60044662716
4299707,57892.7176018444
4299731,67056.32211339306
4299737,70523.85728280616
4299908,18181.54196683178
4300159,27354.321775036573
4300179,39718.7553200431
4300189,30073.018511436705
4300193,33379.767264698196
4300257,33660.9204574324
4300261,41761.79613639532
4300298,31043.729853188
4300342,96836.92066242054
4300535,10494.595497049164
4300559,93673.21608835616
4300624,95721.3201257184
4300717,28154.55724987029
4300790,37713.78441409065
4300794,31756.495099786585
4300798,36810.72502966321
4301167,32715.303714530113
4301207,55611.59925647294
4301236,83696.065433939
4301282,96279.51739013544
4301323,25128.30444431861
4301801,36473.83696697639
4301950,57031.089855394006
4301969,70292.73689082901
4302217,69933.55794248551
4302219,67226.29652212928
4302251,52117.87900893657
4302533,64103.11681672644
4303195,17599.972337094638
4303230,21992.23888970189
4303414,56298.860578916836
4303460,59953.8596076417
4303487,57024.55490212864
4303554,68209.59987344424
4303588,66433.79947485439
4303609,75343.91728168713
4303683,90175.59289414488
4303745,92591.13388610422
4303750,84276.00539356336
4303751,66827.41725974141
4303758,88186.24997659141
4303779,68040.62980118765
4304125,38041.75810348167
4304367,11582.289050399355
4304388,97361.40903682579
4304526,107834.45081927875
4304568,106509.41697442585
4304901,52852.59917840002
4304910,37849.61789286472
4305085,55437.09987804417
4305128,64836.20312727221
4305137,69624.25705762574
4305141,78534.61651684498
4305188,72810.98859570357
4305323,16195.167226877244
4305444,21102.056732692618
4305521,35292.96980188996
4306824,56137.19795949204
4306832,65067.15466619284
4306834,79465.13598852299
4306837,74689.67209345565
4306868,48792.19765937486
4306961,87329.76715018041
4306962,104295.54179899069
4307020,44485.3684535212
4307037,31281.22793940149
4307120,36559.75787851687
4307127,49891.200990997786
4307148,37435.80844743654
4307158,45750.62387589122
4307260,94087.53931728641
4307396,36621.94343509381
4307416,73378.69381986024
4307418,62400.42886273785
4307794,15877.138531138402
4308033,12952.540880442633
4308075,18598.976504193106
4308327,58276.39686778277
4308414,18016.52770990106
4308726,14168.191681572642
4309128,10116.596098461614
4309206,16215.984609263636
4309294,60300.23130580338
4309311,10378.510210281162
4309316,12345.423383276206
4309340,16505.459385471084
4309428,8468.677321431722
4309616,68881.94623247872
4309867,23830.43642649973
4309990,8270.000517689314
4310093,12061.137172702562
4310225,17870.408569912248
4310251,11879.451587546491
4310390,13242.968373226482
4310401,15527.390176194662
4310657,9469.583780632393
4310675,10640.260399926365
4310679,12526.491966087797
4310732,25658.05951184041
4310741,15781.778484087774
4310759,30824.02933586998
4311110,12940.567637969847
4311116,12681.571697957856
4311140,32138.043037968084
4311154,13707.35860588873
4311384,63448.21376363081
4311385,62073.772530564136
4311468,16820.994361042398
4311476,16605.64021763371
4311646,26583.048792584435
4311678,41336.99552896927
4311698,32880.74934875493
4311738,81741.69014045745
4311843,61281.52341578294
4311878,94595.5159793472
4311985,15890.457582626295
4312060,30815.06925118268
4312239,72835.2120563595
4312240,66722.49547913701
4312314,92830.57606904578
4312349,13864.593729973458
4312373,19566.482046934914
4312399,19641.98247108078
4312446,24476.471285805455
4312456,37634.43754222744
4312489,33092.25400168183
4312513,30399.249565557624
4312538,29747.182327787872
4312545,38544.66377947621
4312587,55517.289531814975
4312602,41844.78905396678
4312635,66876.93410646956
4312682,76938.38897799765
4312718,93058.21625505411
4312733,66127.93662377112
4312886,24190.69805086539
4312953,23538.849199187083
4312996,10183.974698140864
4313022,15093.985765899159
4313097,17171.7728806393
4313158,40720.020862168465
4313178,84524.22570287867
4313361,32883.77050523826
4313498,30391.421832392498
4313793,43465.81468550092
4313816,13801.956080906519
4313902,28252.774245214823
4313906,32318.94763469628
4313938,30192.846339714244
4314033,17991.81959049383
4314154,10193.75838468378
4314185,19330.900300960468
4314190,15487.937195613798
4314232,24081.977065529776
4314267,27946.422884653002
4314337,36096.16375202603
4314339,9734.52744942356
4314407,12890.594494535733
4314436,20668.44697443066
4314442,19660.1973143888
4314485,26538.72924530392
4314493,45878.614592874896
4314498,28043.118901407674
4314539,37471.02834812314
4314549,42601.178751211584
4314646,22742.774595666633
4314662,33371.93652805024
4314667,25347.255045994098
4314819,54692.494722070915
4314848,40614.413685291416
4314873,58127.2426802133
4314884,57176.48472861219
4314891,48594.37378473158
4314923,58759.067643158545
4314955,46296.430348567985
4314989,45695.21274509825
4315002,44456.24718048007
4315017,50944.174751103914
4315091,48489.217264876585
4315136,59530.87237344643
4315288,96304.99033979232
4315507,71146.18474359042
4315701,98618.18548684087
4315708,98558.28810085368
4315772,43153.36865300592
4315813,56679.72378174424
4315827,50203.28133019164
4315873,45979.75629269009
4315885,63276.150375456265
4315887,58701.164419634966
4315943,61010.42555620412
4315987,92621.341306135
4316191,69013.79501254158
4316240,77569.5612274024
4316272,96273.40058544732
4316332,92347.72986542675
4316342,13183.273884892958
4316497,19296.473681689855
4316502,18601.877328372124
4316511,12572.803396322997
4316545,17248.362604018912
4316609,23987.601656593015
4316611,18156.49651449286
4316697,22093.583516472703
4316702,24266.691485969954
4316761,36996.36282047724
4316765,39217.55353654876
4317378,18900.18121005014
4317380,18434.099407108646
4317381,19476.91539340627
4317393,14889.592988885124
4317395,13661.325688864472
4317401,16976.806707546995
4317410,19409.870438387185
4317666,25883.042039323223
4317668,22934.080682595988
4317675,25144.637411452255
4318710,9024.153043607463
4318777,9972.117043947452
4318811,9012.95582130667
4318824,8388.301491487504
4318833,9225.162672176022
4318842,8694.866103863153
4318854,9005.174864730348
4318862,9611.788762039136
4318873,12355.143256275453
4318891,9781.048205341182
4318928,12182.069318388309
4318929,11987.859261981735
4318955,13413.507758975837
4318957,12708.488547090345
4318963,14072.936347458752
4318964,12635.363915937909
4318970,13796.906628464058
4318978,12533.458460904109
4318982,10893.802567839555
4318984,13130.251991748715
4318995,11545.960677599403
4318999,11983.757551757239
4319002,13755.02667494107
4319016,12760.951587098709
4319024,12134.85564662933
4319046,12774.266094600956
4319051,12884.307646132107
4319065,13338.825461940076
4319076,12627.508941028134
4319091,13070.802045102113
4319121,13782.949936886429
4319122,15021.612737027597
4319158,15739.545560152535
4319169,14895.4329293226
4319179,14949.088872369428
4319186,13832.51040229003
4319195,15620.619509750153
4319224,13925.713099816869
4319248,14845.316153579046
4319262,14466.450627947
4319270,12439.707105400208
4319290,15556.319026387177
4319300,19491.80706762423
4319314,17566.316353709994
4319339,17013.48426758825
4319340,18089.381396928376
4319347,15675.209896714337
4319356,15568.876504935062
4319395,22745.183947756705
4319440,23151.5284700287
4319448,20020.29768590599
4319496,9664.483778693793
4319528,13587.833978079198
4319561,12361.918154060073
4319639,14840.123461503897
4319729,15796.564366907369
4319876,13556.346480317254
4319907,16025.119360180466
4320026,17170.71151749267
4320042,17611.752192287673
4320069,21479.940450209724
4320077,21262.39376049507
4320091,20059.29185377362
4320257,23354.23562743845
4320260,24975.813602874954
4320269,27255.79188040982
4320642,26617.99651421381
4320653,26617.99651421381
4320654,25260.59777927462
4320917,29442.163015253598
4320950,27136.871692966433
4320966,30781.179048182817
4320979,26905.77857062776
4320986,27982.949962569506
4321020,21115.21984264293
4321047,26526.441977191884
4321095,27602.71987149678
4321110,27101.541058733204
4321113,28010.543835689423
4321127,31959.58674156677
4321162,28626.38207796819
4321270,18538.69314404366
4321289,17183.75130276082
4321425,27165.676156933732
4321431,26806.986256505195
4321462,25598.095970330724
4321491,23481.359637893387
4321493,25195.733929348335
4321534,24651.070134986152
4321622,29262.877151401874
4321713,30285.535585214096
4321729,29553.258524737183
4321793,29110.953270950842
4322074,24942.445908750804
4322136,8508.654591913366
4322197,12238.461182618854
4322209,11785.455015589327
4322233,15880.839842874879
4322244,10303.336476553603
4322274,18185.072678188237
4322290,16728.24779104772
4322373,22283.43363813515
4322427,26007.17936811276
4322432,28145.381029560478
4322451,23775.765315703036
4322528,24377.139790492976
4322645,33424.574178626695
4322654,34262.63727507717
4322677,35065.38881145937
4322809,16227.261461130061
4322994,24370.73475016733
4323116,30231.1042129852
4323119,35520.305264386836
4323146,28641.01948805076
4323197,25600.097139163823
4323230,32519.36818452648
4323266,35650.64164399577
4323555,24833.23251985777
4323633,30492.469013842598
4323640,30600.412814478208
4323673,34762.59224697111
4323777,17491.1699313837
4323807,12356.329339842443
4323942,24881.50287304991
4323969,24047.417072613636
4324069,29756.73959366604
4324097,32387.650860895406
4324103,25541.19242432004
4324139,29387.080784218233
4324219,40837.739743982376
4324222,34963.20820935675
4324243,37230.87083852758
4324268,39825.32311524308
4324297,40724.885650270946
4324328,66803.38846811908
4324334,58747.54380032949
4324359,83422.81760176124
4324532,52936.10972995476
4324717,18201.42589344029
4324753,14747.150130383417
4324894,10064.900581452152
4324934,24519.458812818713
4325116,64481.10507557131
4325175,81866.69127591462
4325269,12339.253325622833
4325281,12585.454817436417
4325289,23800.15719306457
4325409,52188.55363334187
4325487,66449.53628190597
4325498,101232.79812783338
4325544,65303.47336173785
4325545,65303.47336173785
4325658,14913.505503421999
4325664,26907.484604788595
4325942,14130.3819929544
4325950,15756.686908646045
4325955,22514.099345600516
4325957,16053.208957933435
4325982,29695.82863374842
4326017,8765.731629271642
4326028,25812.85931965364
4326352,13838.538320332298
4326691,15990.069810269433
4329721,8732.028301741047
4329872,13677.332377710476
4330085,12605.552997999397
4330266,10826.504123378387
4330271,10103.421365907976
4331438,11503.614664974302
4331991,10308.941296475727
4332860,26090.49020520015
4332882,10753.599004385385
4333425,14667.110886977338
4333477,14581.498100585066
4333494,19369.80270101568
4333668,24670.17359996452
4333761,28927.858032414148
4333789,22331.272565835166
4333897,21908.168350080436
4333966,40098.31642203906
4334054,20294.74956759197
4334078,23138.197929179514
4334123,20953.040116114615
4334197,22533.753594640748
4334212,38412.86340577197
4334277,37855.99990821126
4334293,33020.83424909799
4334330,21021.35563260626
4334358,33748.48991133459
4334361,55065.109634963716
4334378,79680.5460864877
4334671,9061.474188909928
4334705,14550.03427778474
4334712,20456.7628892554
4334760,18699.11706255842
4334763,26725.177973015725
4334884,41202.91620615925
4334887,37519.527017628716
4334890,32275.81615270812
4334899,38778.23086807365
4334914,34891.61952274052
4334918,41569.94672327499
4334931,37774.3011692185
4335231,78725.62123480174
4335366,61265.2446870826
4335369,25535.580077446033
4335486,71238.38349005303
4335548,53360.29404291617
4335577,71881.52937334271
4335646,17589.264078834556
4335757,75214.57181387451
4335817,88684.89479322446
4335824,85730.72444527019
4335914,67801.53047609123
4335974,58736.87916036191
4336000,53617.77170754639
4336076,32685.140748585978
4336080,32871.04198164654
4336223,61168.55629739818
4336224,65005.476413933735
4336267,64893.997975764185
4336271,70174.96070275993
4336297,75236.49737641573
4336312,51376.68461316442
4336626,39491.63784129169
4337091,35843.76307592084
4337147,13620.115179935228
4337169,18776.59223716079
4337181,24966.36616876243
4337212,9252.350639310565
4337885,45066.25875297398
4337934,17874.540877559866
4338215,44511.3255828938
4338339,46933.91051632715
4338353,62301.23196576695
4338381,37701.85092745156
4338476,50828.23369536613
4338547,38485.99739323637
4338641,43652.61069624639
4338692,61314.44334923777
4339061,32219.787981724352
4339072,30087.252877353752
4346723,26387.294346239498
4347467,12193.581371536731
4347821,21784.24742455577
4348020,14627.848191037614
4349401,16136.889321070556
4349723,16563.44112328738
4349725,16762.02015376207
4349738,16818.070810354588
4349744,20260.27283221708
4349937,24747.482517601744
4350051,27115.13562743898
4350095,13418.258631382236
4350477,39017.794820221316
4350496,18234.846238639286
4351925,22786.36304070977
4351981,39120.48373065144
4352020,31241.233876109618
4352025,35454.5993127782
4352050,46668.99419698914
4352158,30454.47592694846
4352547,35666.336139349776
4352592,41172.85448988533
4352667,73191.60354660133
4352701,83060.13281815135
4352841,89548.03610658742
4352843,84104.49673489717
4352935,17930.343617659943
4353021,38596.00278100533
4353024,27997.442980032585
4353033,60797.431539595724
4353035,70233.4143902457
4353037,38489.399892571266
4353085,13480.273414692861
4353181,37328.114323005764
4353197,53146.223641351084
4353203,57943.57279106643
4353235,47331.24929021748
4353274,17535.46628877186
4353334,15496.595176990964
4353391,13439.723476068259
4353555,14264.559845009946
4353597,36988.73366139349
4353649,29650.44930373025
4353653,32054.04851890021
4353661,36558.95836665352
4353678,52931.3896388985
4353732,78905.41210388498
4353761,71781.5594195177
4353823,22882.65817649158
4353870,18894.455048472475
4353888,24261.200730600765
4354002,40060.30498167264
4354049,26387.060781198397
4354064,69563.29054610903
4354089,26024.03356056755
4354124,18261.343162155605
4354157,18566.72487225363
4354206,53255.01987833582
4354234,32920.91266010371
4354244,42262.59474450377
4354276,57907.06740857548
4354294,53733.77571647641
4354299,45326.3862229622
4354305,57717.26448426566
4354361,19896.720881626345
4354367,21499.112100903585
4354396,23186.720967050383
4354538,21974.70034458631
4354545,27395.369395592683
4354582,29682.303968990364
4354792,12978.669309855626
4355069,33540.37256088734
4355115,20576.20635897201
4355227,36207.54626310497
4355276,23461.06653735359
4355303,25449.548322170296
4355684,19665.66667620144
4355823,55159.78175316028
4355843,34760.33703168058
4356158,14415.248852646246
4356177,12545.532469766695
4356325,35864.20932395966
4356897,21428.173532233064
4356952,16067.78196880262
4357214,16168.312014730373
4357384,34392.5519732161
4357539,15863.636878458765
4357544,36853.32109696304
4357579,8591.093668243644
4357712,81818.91211312427
4357746,70979.77567180234
4357834,43561.28650979136
4357837,37636.49791436144
4357891,16954.237033302543
4358094,30591.09809122276
4358432,19138.582805974955
4358580,63378.667890865945
4358643,56324.53712800056
4358685,27479.887351176316
4358714,30121.698441633
4358814,34316.65476630676
4359084,38152.745636483734
4359094,44283.82555938087
4359188,31805.430670234447
4359238,35379.52236497854
4359302,27192.2297052024
4359394,35808.8628090484
4359403,27302.059286556694
4359420,29973.22851497167
4359450,30596.11475028367
4359451,35371.43229168675
4359454,35368.61542578348
4359510,27302.2542842469
4359514,40443.46463872576
4359516,30755.473838872193
4359580,38662.90982526108
4359616,50657.631684767046
4359629,57422.540647049005
4359657,48166.58993007857
4359690,45859.033824552884
4359742,84557.47266910103
4359749,40896.89125019755
4359754,54173.11096822796
4359775,66350.77137244663
4359806,81722.34099029002
4359807,82156.78395133026
4359840,78370.94213147882
4359883,42505.85031240058
4359981,78601.46376026448
4360197,57817.3902200547
4360236,69845.10086999761
4360243,52942.872012569474
4360292,52018.30227232414
4360293,59003.009937973955
4360442,17741.742431845923
4360555,13309.48424536614
4360695,20001.667110179744
4361013,33278.90375712764
4361116,55714.182361683066
4361175,62496.59616173495
4361182,53859.76062641626
4361184,15068.099525285277
4361196,100930.6705514545
4361267,42194.78397198222
4361293,62851.97824857208
4361534,87830.31584738306
4361571,79939.47713818203
4361848,41502.14808417627
4361862,57839.242696547786
4361956,38776.74489594625
4361965,50836.21174601743
4362041,73748.78597998142
4362045,46369.320835506835
4362048,72878.04227476552
4362190,63789.51468082405
4362205,92417.86414856583
4362217,101261.93004748627
4362277,87997.17671876554
4362278,90164.42035820331
4362309,86300.53919329817
4362310,88709.7684132653
4362386,74883.68568932232
4362466,79500.81307043464
4362678,19342.39409577117
4362679,13394.067174153488
4362703,14486.959105210215
4362714,13541.288992485821
4362886,70970.123104876
4363186,81587.33892093755
4363510,16712.217804181288
4363541,59863.0219135854
4363543,52775.574538107074
4363568,61325.88648253432
4363586,36473.61388125817
4363753,53690.40348265734
4363763,69844.48513011438
4363796,45618.03214259115
4364195,16391.95465118718
4364227,15721.604891381816
4364835,7875.865276910184
4365045,11769.096324025468
4367006,10239.079326782416
4367029,10541.35445874833
4367116,17628.609793752752
4367133,23240.5160514569
4367154,21201.442893626758
4367228,83232.22850125533
4367319,33793.31934635381
4367373,40703.95623600414
4367376,36271.30223229571
4367390,40934.83547606052
4367481,40456.31244819664
4367482,37272.505776332844
4367498,51039.08446216476
4367510,52734.83009090206
4367532,85722.88684937362
4367629,18072.697449732914
4367654,22212.33281841512
4367656,19383.553406424246
4367668,20989.26615612414
4367679,20937.746728016096
4367686,27301.765313272408
4369044,14502.136093484041
4369133,9330.10326487645
4369340,8723.158785226056
4369342,8524.512493570215
4369348,8989.267661518415
4369389,12759.66508622741
4369422,14552.7680398292
4369435,12380.661813104674
4369440,13130.227926099646
4369442,13767.35770059615
4369444,10687.649039214188
4369466,11805.504683099869
4369496,13910.71819266494
4369506,16964.756252313462
4369557,8669.48252978137
4369562,9211.138071814905
4369574,10370.151622957845
4369591,11308.999952327535
4369605,11843.113549302245
4369612,10857.341324859843
4369652,10366.015869131565
4369684,11032.722021048497
4369689,11328.723136353832
4369694,10737.459547649094
4369709,14168.332828149878
4369745,16234.249944358375
4369792,11893.043651670156
4369796,13816.909051792505
4369851,14792.001270559402
4369857,17055.294833340155
4369880,20967.72625705552
4369899,17790.089310609736
4369900,20325.278136430938
4371334,8961.401135456803
4371356,9639.936884411472
4371357,9542.71015488263
4373097,24636.292860712147
4373108,18250.282973192334
4373133,9201.104561687884
4375261,25730.690176962853
4376639,12842.451406758772
4376658,15471.892862929424
4376704,23472.66904786312
4376708,20228.265419310253
4376732,21268.548395207166
4377756,11037.024135812244
4379922,18273.103752373427
4379929,22252.02722967751
4380190,51658.32120043545
4380624,9061.55175571869
4380628,9625.780284891094
4380658,9872.02330217419
4381248,17068.765148155067
4381672,40455.95307531617
4383318,32844.58669355345
4383327,16601.857658417553
4383346,17661.04913320687
4383368,22004.01287366775
4383386,18352.832452848375
4383428,20563.07308629642
4383432,20206.91781592114
4385693,9754.824724901153
4385703,33890.07156141573
4386387,13595.520484828361
4386725,10781.535212047673
4386744,15039.676996061486
4386762,11032.632242773361
4386776,10972.514606757932
4386786,11631.097978742037
4388101,74864.61261013962
4388133,40893.21775676237
4388164,53637.75274963955
4388265,80294.02246219275
4388423,18763.13895734179
4388461,17977.577553579507
4388508,21589.3172582263
4388543,35330.78576357608
4388553,30636.316206483978
4388613,18477.233692599577
4388665,17686.473765016264
4388722,24167.941978494713
4388756,16808.424290051364
4388761,16803.89399633432
4388877,26628.83328084463
4390034,75822.48469209226
4390163,20767.49625408665
4390427,14705.144063020727
4392728,38668.62293501767
4392772,63080.39279941423
4392931,48156.20528040195
4392963,38950.7368711825
4392994,67795.00792544789
4392997,52056.51943073926
4393046,57012.095749524895
4393117,53794.43716022532
4393145,74439.07809564949
4393171,64257.089180208015
4393196,53001.206522532724
4393200,49813.93908799375
4393248,75932.67922851414
4393304,29606.71182947115
4393452,64236.64947314713
4393457,59802.0962438791
4393460,83049.66451394615
4393800,64788.02951922459
4393946,55530.23174280998
4393987,85809.6601558096
4393994,85462.99511880495
4394036,25108.86763034356
4394176,89080.65348256499
4394315,64266.902715435346
4394367,29640.960859547595
4394392,71841.47249872697
4394410,57091.958010967035
4394727,36644.31037161247
4394846,26124.538899238243
4394848,20514.8217956398
4394852,27407.449732612986
4394903,38033.82849597111
4394984,52258.326583792135
4395328,40639.81191362318
4395541,32332.291121581864
4395600,24235.87167454536
4395613,29852.879594034865
4395680,73570.32651415706
4395711,73075.48928970186
4395713,94665.75845258616
4395777,20194.60880386757
4396130,13113.771836396398
4398322,10194.852094617201
4408122,12413.888847783624
4408163,8352.43662711164
4408220,8990.177120306296
4408299,10544.179062238976
4408324,10684.317546042308
4408366,10335.937885979056
4408419,13941.245314226588
4408441,10169.959455509126
4408467,14617.882247759588
4408510,13854.418800222693
4408518,12866.71754158668
4408541,14783.849228727717
4408572,11015.31255992145
4408620,12634.102835538839
4408634,15936.879588134889
4408651,19473.5091178211
4408675,19488.91700991949
4408798,17685.620523476588
4408833,20080.926936693573
4408838,23541.17457103031
4408903,26429.76282277875
4408974,33880.33031890392
4409667,8649.992300351887
4409843,12210.576246967117
4409954,11460.647439919741
4413451,17340.547905796564
4414898,11472.447219085072
4414940,8611.180333444887
4414947,8181.44777117071
4414949,8338.363073090599
6256750,11098.7293409896
6256829,34992.1540983337
6257041,19850.656800996298
6257058,20378.97706512911
6257062,23288.448346264417
6257086,37549.48759631032
6257163,78317.73341069129
6259300,16374.343050689704
6260156,14890.203199870728
6260537,88826.08063768709
6260547,110659.42115570717
6260600,27350.584419815495
6260601,24077.040629048755
6260956,59657.667436313306
6260957,60665.86152719268
6260964,66853.36407102761
6260980,71129.96682353718
6260987,30634.91300732846
6262026,41519.67687197481
6262044,60405.634791736666
6262052,59366.35972111462
6262114,69638.25270266723
6262248,16589.791676435165
6262379,18685.973780419627
6262389,14155.453129062036
6262397,84562.44257264714
6262398,91251.69038232762
6262417,89574.05645519939
6262427,97214.246456525
6262430,93493.14656876505
6262467,101927.52370735405
6262880,27983.35168477601
6262891,34341.694275728274
6262907,29665.846915035207
6263208,41044.14844152557
6263301,28005.554102571004
6263499,30863.734145666942
6263520,39058.64977054844
6263558,20949.425253600726
6264064,10514.885200730329
6264130,45778.08036773574
6264178,12409.022838652116
6264562,59347.62080023233
6264579,52073.76277056967
6264680,87886.01317586353
6264685,83725.80339205943
6264691,94149.12062297967
6264701,93698.80224670502
6264713,98467.67848582602
6265140,21186.608444097612
6265141,17258.301237000473
6265156,20810.52034150387
6265169,91235.02483733016
6265447,88776.46708225827
6265807,45150.81457798548
6265809,41583.85854269713
6265814,43796.32351519238
6265829,43952.07623582361
6266042,52958.2032690371
6266076,43684.29184058696
6266098,35486.5027240472
6266206,47035.55741156549
6266253,32323.345523760967
6266254,39714.42171458607
6266279,37044.80032021786
6266305,56131.97516465654
6266325,62938.01484197203
6266335,36316.19118549289
6266901,39366.13863766541
6266922,42632.691815732825
6266937,43731.214683825376
6266941,45997.06243759821
6267004,51325.38995781827
6267005,53507.92977344718
6267011,58324.24599498206
6267016,53571.82976314388
6267253,21902.85801998833
6267618,21756.411104103634
6267630,26981.469105233955
6267808,40905.88403962591
6267813,55733.564740451286
6267834,44772.653364068916
6267842,54574.45755072086
6267861,50653.57237612386
6267871,68765.32001817494
6267874,57584.26257670943
6267901,59980.23856721611
6267919,60608.38723926954
6267952,56952.76260725799
6267976,44747.645131708865
6268021,32570.22025832004
6268113,16953.7271932786
6268504,30319.68677355637
6268521,27226.039114958458
6268556,26519.803597156464
6268561,26712.211853571866
6268698,16999.58341283531
6269053,28128.39687414409
6269324,25087.162115519175
6269332,28391.635714676857
6269353,31630.293461239457
6269355,34054.15321921332
6269357,35992.478086497176
6269368,50410.88678095833
6269420,10359.054154493911
6269695,36777.336935735155
6269853,25778.43929800517
6269856,27230.34838415972
6269859,35038.36599240528
6269984,30254.746381078676
6270126,39152.80987822482
6270302,11561.685240096615
6270519,52950.005026912644
6270522,40775.733339029626
6270523,41973.03902711344
6270538,44406.71960716219
6270683,72907.2498099757
6270687,84267.04586687073
6270750,11136.240180822908
6270953,33768.46351603633
6270996,89638.20680971321
6271026,98959.17106572293
6271143,13361.693535309005
6271148,49913.88246685699
6271187,42674.90537102265
6271202,29074.196335434775
6271223,30805.724383676505
6271242,36940.91122864793
6271320,22780.105537599666
6271541,13102.420022130464
6271577,66379.23547848513
6271678,9907.856202180383
6271919,98500.35903460355
6271923,75001.0479963236
6272066,103954.34092674212
6272271,66139.55547265461
6272278,70638.26236251132
6272285,58381.19769111636
6272291,77072.83436522957
6272292,72197.91497161645
6272327,83401.84346163116
6272334,89291.8705869308
6272633,136109.41061299088
6272637,126561.12398538234
6272642,115856.05920696713
6272648,61095.22218816074
6272657,67915.69008680723
6272680,66952.16286989789
6272683,72008.54342597682
6272731,94586.05170242942
6272737,90359.84628480254
6272774,123335.11510371219
6273012,100548.16946983527
6273205,85581.32715589904
6273213,89290.93484428263
6273685,80107.27072419334
6273792,27051.578355218036
6273899,77314.13074416356
6273901,76160.25258192845
6273902,74834.03164545532
6273911,93514.29198238559
6273913,81787.32986451773
6274057,87163.34208773353
6274237,81249.81502016228
6274276,46624.94529419551
6274375,91309.23146640617
6274380,56033.4804066504
6274462,20650.59570121588
6274645,112105.22970584023
6274668,92868.56342967151
6274681,13443.28830989105
6274708,50402.83368683017
6274742,124049.1784393421
6274796,132617.90075939338
6274937,52659.19010034633
6274938,48867.53686718951
6274971,50748.99262574403
6274977,56513.72327701765
6274980,52019.05495149222
6274981,57184.72686901804
6274994,60427.06280679106
6274995,61277.48173686629
6274996,53366.45582270016
6275008,78965.61556394477
6275017,71995.38315815627
6275023,67997.86872855347
6275242,63135.25216188861
6275286,75544.5021693212
6275354,84182.66889333754
6275362,102508.92259388416
6275617,17254.696798007964
6275618,18880.399900234366
6275844,84170.79945938814
6275902,87203.06200791885
6275916,98024.11353040456
6275943,95884.91701789777
6275946,95884.91701789777
6275976,16182.351772794846
6275992,19662.8395616372
6276054,19706.600618018972
6276180,93637.77784586753
6276203,87853.43841553306
6276370,73000.51930804279
6276708,95947.53059587395
6276790,28318.16316489487
6276865,14720.410327979862
6276867,15825.093242789404
6277071,71113.92629693088
6277311,24397.24218608547
6277319,31440.149495190217
6277444,66311.93940727194
6277598,97832.26410279216
6277776,11095.094349285198
6277792,12264.301708068208
6277947,39110.85808224329
6277955,39123.97265235329
6277966,51242.65301203482
6278716,112455.92401734693
6279032,20405.783917378412
6279034,20405.783917378412
6279114,70158.19604897354
6279125,77503.02248108425
6279137,78446.45355254418
6279162,90068.38156459449
6279177,85542.68219031222
6279184,84756.60962686481
6279214,88598.35984316895
6279230,59019.24852091496
6279245,86913.94189068834
6279306,44154.18607805355
6279323,53934.22879670578
6279880,67152.28002754887
6279888,77345.79490118077
6279895,72623.94389822253
6280966,90065.94982118551
6281082,110003.85666592419
6281084,81577.11688366813
6281247,40625.95181433309
6281280,32351.844783730667
6281321,27680.959977923543
6281326,26136.884194083683
6281338,16327.891522388623
6281344,60890.49441440127
6281345,75238.39163204239
6281402,14409.523159757706
6282301,16504.099756700598
6282336,12458.300007550777
6282344,29587.305485645826
6282624,17882.775398114012
6282802,39994.47142107489
6282829,12390.791075621495
6282848,62516.90521352876
6282854,22353.489399054026
6282874,10488.437824803495
6282950,14922.023647633227
6282965,62506.71513012316
6283163,19086.448632934786
6283366,28328.47055802011
6283482,51172.0472142934
6283505,13144.967238959072
6284114,12860.543361425836
6284123,22933.1716856493
6284124,22677.216871030636
6284158,16386.191115394755
6284170,15893.774237443697
6284178,19715.151435493168
6284259,18535.945096989533
6284274,36225.19528644888
6284287,51809.783867680526
6284290,61944.63025183189
6284333,57701.19375116387
6284468,26593.73103968663
6284472,32142.00644013402
6284544,11736.996208098055
6284553,9483.590842713858
6284555,13428.266129064308
6284583,9539.8839039116
6284605,41385.08057605751
6284616,13022.210237388977
6284625,16469.754559332683
6284640,15588.265900248256
6284689,21484.568061234604
6284724,25955.6379656881
6284731,30191.10152377615
6284741,34851.14186621449
6284774,49621.17987802929
6284777,53145.103535132
6284789,45803.29681056485
6284795,48462.655695578476
6284809,56600.045842429376
6284816,60560.925138259336
6284824,16434.56326019615
6284832,43482.12545830516
6284852,50700.52583334895
6284868,52679.96485416395
6284872,52155.43752396453
6284873,62241.33177275687
6284881,55740.05392256189
6284903,71049.44442345419
6284986,44359.377433703514
6285069,98409.82166557915
6285124,61238.96075061227
6285135,63864.122418070656
6285158,93324.05798479274
6285202,39410.16110792651
6285217,60208.9539523829
6285319,13791.077793754843
6285326,15370.506629920776
6285352,18921.744385075064
6285457,38763.40069915873
6285679,39386.54583513853
6288398,57537.76580171747
6288507,11173.760954914214
6289840,12430.321435586917
6290296,11785.816672285946
6291601,15456.959156341632
6291638,23013.733175438567
6291741,32897.08389434647
6291759,16200.936472873746
6291778,22067.02038576839
6291843,24635.62519188198
6291901,18823.184131225185
6291921,21092.886384492125
6291946,38210.3797935076
6291974,27826.701930658648
6291983,27162.6196284595
6291989,40046.28162295299
6292008,23223.591768145463
6292014,19605.939525255963
6292065,37161.98789708531
6292083,31325.70404269869
6292218,13050.779117894579
6292330,41895.92951430577
6292733,59420.10064390597
6292736,54564.742147418816
6292737,69546.3688182238
6292887,70285.89681951795
6292894,61959.966942012456
6292896,74392.39210817529
6292900,67664.57319620869
6292904,68124.08326567295
6293037,74717.42119360557
6293073,30333.449102101178
6293111,58499.452713194114
6293171,16006.560143321327
6293202,17001.952009265086
6293461,14208.081493211637
6293568,33082.140327438836
6294571,46242.35255460455
6294602,20042.706444143656
6294635,23220.74085113642
6294638,69853.89788603518
6295061,12447.241915919065
6295265,42494.41847922224
6296962,28707.948840396784
6297455,13342.292008851626
6298644,28869.427202265095
6299141,28319.797685847694
6299359,34262.72660614893
6299364,62344.463126062605
6299390,41704.512903595125
6299526,42959.02314596859
6299657,22856.808969603153
6299752,25253.47459967369
6300218,49822.85478815578
6300239,34148.80042077584
6300259,64548.83042803679
6300285,81906.61341700799
6300287,92238.42548608748
6300322,26851.980029936618
6300329,57432.305267678785
6300330,27044.497546534552
6300353,34673.49709587802
6300357,32785.35274535762
6300362,30684.199766664737
6300363,29871.728892461644
6300421,38541.011685530386
6300527,18384.593538423658
6300624,20026.45690028918
6300653,46133.34082852611
6300658,45026.644135107876
6300664,48766.998850129916
6300668,59735.4120444843
6300696,56448.91509222759
6300700,57693.98858027527
6300710,54941.79599004013
6300716,67503.9703812933
6300723,68194.70533743406
6300751,41593.439805964146
6301030,21388.608210226063
6301150,63751.370380257766
6301221,13335.31930600102
6301281,24184.468382014897
6301304,20295.977633651404
6301343,42142.44891849911
6301485,36289.848211984514
6301494,20290.629781530166
6301740,25851.173222632053
6301769,29321.668977556637
6301784,16105.304531446078
6302031,36894.66405147244
6302058,19925.91710719671
6302075,63153.55817851146
6302264,16841.61852962735
6302304,21277.8459599971
6302371,19214.723440605634
6302986,18041.96436960913
6303317,12491.20700821043
6303350,21360.42821793363
6303438,12531.966695760184
6303454,29133.2614426934
6303555,28086.74886884046
6303634,18233.48684395084
6303806,21978.301633165276
6304214,28627.212836021925
6304333,33131.945003841945
6304349,25511.517705862556
6304453,39564.037379909314
6304458,40022.01134786368
6304492,41442.029200936704
6304508,61365.90927146044
6304529,28457.059218569862
6304543,37392.278733716164
6304556,41547.825841182064
6304571,30047.131075989582
6304577,34144.27895371964
6304590,35060.62134600528
6304593,37976.69117387883
6304605,47403.71314183616
6304607,45275.0450238152
6304655,37069.92524195599
6304662,78452.1347221156
6304697,61886.60830390798
6304745,82912.51005145624
6304840,54692.881362483895
6304919,77047.23344562041
6305337,17292.367581778428
6305550,20301.744415004734
6305599,25426.29557890655
6305660,54819.2490554086
6305679,40328.75759970986
6305891,74424.85304323156
6305937,36881.495523699894
6305990,36167.54359931917
6305994,53499.284982317826
6305996,43418.75678278462
6306020,74160.92624950547
6306026,68426.95832301499
6306062,64335.120252429006
6306076,81578.24512857266
6306087,87759.96795647958
6306097,79788.53560845726
6306114,65988.45125247538
6306131,78579.1164840662
6306132,79731.94003731693
6306209,18063.802108957978
6306368,82678.01618668705
6306372,85102.89979154678
6307786,47491.63802085856
6308334,11592.424321009283
6308382,15228.75146566036
6308992,9756.777342434569
6309140,11094.089004921942
6309882,8778.235761370073
6309920,11682.867757667274
6309921,13919.80247788915
6309946,19558.05855574392
6309969,9983.76755880602
6310050,14515.204073315792
6310091,15240.198940570428
6310100,13569.06417756637
6310106,16472.52108723457
6312553,13397.717849879631
6312554,16443.853249580985
6312571,27029.320468243823
6312591,27823.780443136744
6313016,21574.51900541816
6313253,9562.366909747092
6315175,30054.33729216688
6315200,34332.35020186366
6315220,35650.8875205635
6315378,73789.99935730697
6315539,23249.70683583449
6315758,25589.138428109967
6316177,26058.51146934778
6317767,49484.34401219932
6317768,51286.781415767284
6318363,21208.982101169648
6318536,16577.62143672571
6319717,71516.22342553196
6319728,49602.42247622491
6319776,43236.84492122975
6319810,49048.952292306625
6319821,39750.88278286171
6319827,65400.98866056027
6319844,64758.386933744776
6319846,57361.9525243938
6319876,37342.51923550524
6319889,84475.54017017479
6319911,76537.19165130935
6319918,67676.26969216192
6319933,82688.35428628039
6319945,25300.528697470458
6331925,18433.36969858369
6332516,12061.494796146711
6333243,9293.526828264092
6333267,14690.253714928675
6333269,14690.253714928675
6333271,13344.03404655538
6333274,12015.498191314444
6333290,10689.772442987925
6333296,9704.971866218495
6333344,10174.210441348354
6333356,11205.969030063385
6333364,12713.330178122578
6333397,11435.187027549737
